#{"t_start": 1753092874.759268, "env_id": "None"}
r,l,t
-3.0,11,0.944022
-5.0,11,0.944313
-2.0,11,0.944563
-2.0,11,0.944797
-5.0,11,0.945037
-5.0,11,0.94528
-2.0,11,0.94552
-3.0,11,0.945743
-3.0,11,0.945982
-3.0,11,0.997083
-5.0,11,0.999027
-4.0,11,1.000591
-3.0,11,1.002407
-3.0,11,1.004143
-4.0,11,1.005883
-3.0,11,1.007179
-5.0,11,1.008822
-2.0,11,1.01047
-4.0,11,1.012201
-4.0,11,1.013387
0.0,11,1.014906
-3.0,11,1.016708
-3.0,11,1.018269
-4.0,11,1.019378
-4.0,11,1.020906
-3.0,11,1.02241
-4.0,11,1.023965
-3.0,11,1.025069
-4.0,11,1.026591
-3.0,11,1.028092
-3.0,11,1.029614
-4.0,11,1.030717
-3.0,11,1.032294
-4.0,11,1.033799
-2.0,11,1.035274
-6.0,11,1.036357
-3.0,11,1.037879
-3.0,11,1.039376
-4.0,11,1.040942
-3.0,11,1.04222
-4.0,11,1.043754
-3.0,11,1.045635
-2.0,11,1.047139
-4.0,11,1.048379
-4.0,11,1.049909
-3.0,11,1.051458
-4.0,11,1.052995
-4.0,11,1.054109
-2.0,11,1.055605
-2.0,11,1.057185
-1.0,11,1.059102
-4.0,11,1.060212
-4.0,11,1.061719
-3.0,11,1.063315
-4.0,11,1.064905
-2.0,11,1.066167
-4.0,11,1.067766
-2.0,11,1.06931
-5.0,11,1.070837
-1.0,11,1.072012
-5.0,11,1.073555
-3.0,11,1.075086
-3.0,11,1.076575
-3.0,11,1.077647
-4.0,11,1.079153
-3.0,11,1.080648
-4.0,11,1.082176
-2.0,11,1.083285
-2.0,11,1.084791
-4.0,11,1.086302
-4.0,11,1.08779
-2.0,11,1.088867
-1.0,11,1.090379
-3.0,11,1.091902
-5.0,11,1.093396
-2.0,11,1.094478
-3.0,11,1.095981
-1.0,11,1.097467
-2.0,11,1.09901
-4.0,11,1.100118
-2.0,11,1.101604
-2.0,11,1.103106
-3.0,11,1.104572
-3.0,11,1.105659
-3.0,11,1.107163
-3.0,11,1.108664
-4.0,11,1.110157
-3.0,11,1.111245
-3.0,11,1.112722
-5.0,11,1.114184
-3.0,11,1.11571
-3.0,11,1.116804
-4.0,11,1.118285
-4.0,11,1.119765
-4.0,11,1.121265
-2.0,11,1.122354
-2.0,11,1.123875
-3.0,11,1.12539
-4.0,11,1.12685
-2.0,11,1.127967
-2.0,11,1.167818
-2.0,11,1.169689
-3.0,11,1.171728
-4.0,11,1.173026
-4.0,11,1.174818
-5.0,11,1.176806
-3.0,11,1.178632
-2.0,11,1.179923
-2.0,11,1.181542
-4.0,11,1.183449
-3.0,11,1.185103
-2.0,11,1.186236
-2.0,11,1.187777
-4.0,11,1.189324
-2.0,11,1.19094
-5.0,11,1.192162
-3.0,11,1.193728
-2.0,11,1.195259
-3.0,11,1.196801
-3.0,11,1.197889
-3.0,11,1.19946
-4.0,11,1.201154
-2.0,11,1.20276
-2.0,11,1.203895
-4.0,11,1.205367
-4.0,11,1.207043
-2.0,11,1.20864
-3.0,11,1.209775
-3.0,11,1.211368
-1.0,11,1.212962
-2.0,11,1.214489
-4.0,11,1.215667
-3.0,11,1.217219
-3.0,11,1.218824
-4.0,11,1.220421
-4.0,11,1.221517
-2.0,11,1.223016
-4.0,11,1.224628
-2.0,11,1.226138
-4.0,11,1.227257
-3.0,11,1.228765
-4.0,11,1.230263
-2.0,11,1.231759
-4.0,11,1.232928
-4.0,11,1.234438
-4.0,11,1.235929
-3.0,11,1.237414
-3.0,11,1.238493
-3.0,11,1.240006
-2.0,11,1.241538
-4.0,11,1.243035
-5.0,11,1.244132
-4.0,11,1.245622
-2.0,11,1.247086
-1.0,11,1.24863
-3.0,11,1.249735
-4.0,11,1.251213
-4.0,11,1.252687
-3.0,11,1.254183
-3.0,11,1.25527
-5.0,11,1.256868
-1.0,11,1.258412
-3.0,11,1.260039
-2.0,11,1.261138
-4.0,11,1.262693
-5.0,11,1.264199
-2.0,11,1.265694
-2.0,11,1.266894
-2.0,11,1.268421
-3.0,11,1.269945
-3.0,11,1.271417
-3.0,11,1.272542
-2.0,11,1.27406
-3.0,11,1.275556
-2.0,11,1.277015
-3.0,11,1.278087
-1.0,11,1.279544
-2.0,11,1.280999
-3.0,11,1.282507
-4.0,11,1.283595
-3.0,11,1.285081
-4.0,11,1.286559
-3.0,11,1.288022
-4.0,11,1.289094
-2.0,11,1.29058
-2.0,11,1.292043
-5.0,11,1.293516
-2.0,11,1.294594
-3.0,11,1.296067
-3.0,11,1.29752
-4.0,11,1.298971
-3.0,11,1.30004
-3.0,11,1.301512
-2.0,11,1.30298
-4.0,11,1.304454
-3.0,11,1.30552
-3.0,11,1.307005
-2.0,11,1.308467
-2.0,11,1.309895
-4.0,11,1.310974
-4.0,11,1.312733
-1.0,11,1.314215
-2.0,11,1.315728
-2.0,11,1.31681
-4.0,11,1.318425
-5.0,11,1.320243
-2.0,11,1.321852
-3.0,11,1.322995
-3.0,11,1.324676
-2.0,11,1.326238
-3.0,11,1.327758
-2.0,11,1.328837
-3.0,11,1.330352
-3.0,11,1.331865
-3.0,11,1.333346
-3.0,11,1.334509
-2.0,11,1.33602
-2.0,11,1.337519
-3.0,11,1.339012
-4.0,11,1.340126
-3.0,11,1.341597
-4.0,11,1.343116
-3.0,11,1.344605
-3.0,11,1.345673
-3.0,11,1.347142
-3.0,11,1.348632
-4.0,11,1.350108
-2.0,11,1.351197
-3.0,11,1.352685
-2.0,11,1.354177
-2.0,11,1.355657
-4.0,11,1.356731
-4.0,11,1.35823
-2.0,11,1.359766
-3.0,11,1.361414
-2.0,11,1.362522
-5.0,11,1.364012
-3.0,11,1.365492
-2.0,11,1.366962
-4.0,11,1.368063
-3.0,11,1.369537
-4.0,11,1.371049
-3.0,11,1.372529
-4.0,11,1.373588
-1.0,11,1.375054
-3.0,11,1.37658
-5.0,11,1.378032
-4.0,11,1.379102
-3.0,11,1.380627
-3.0,11,1.382099
-3.0,11,1.383585
-2.0,11,1.384666
-3.0,11,1.386142
-4.0,11,1.387605
-4.0,11,1.389128
-2.0,11,1.390199
-4.0,11,1.391683
-4.0,11,1.39317
-2.0,11,1.394634
-3.0,11,1.395725
-2.0,11,1.397191
-4.0,11,1.398655
0.0,11,1.400118
-4.0,11,1.401203
-4.0,11,1.402677
-3.0,11,1.404148
-1.0,11,1.405599
-2.0,11,1.406675
-2.0,11,1.408197
-3.0,11,1.409672
-2.0,11,1.411138
-4.0,11,1.412199
-2.0,11,1.413649
-5.0,11,1.415126
-3.0,11,1.416585
-2.0,11,1.417662
-3.0,11,1.419136
-5.0,11,1.4206
-3.0,11,1.422082
-4.0,11,1.423144
-3.0,11,1.424604
-2.0,11,1.426057
-4.0,11,1.427562
-5.0,11,1.428639
-5.0,11,1.430102
-2.0,11,1.431562
-5.0,11,1.433106
-2.0,11,1.434178
-3.0,11,1.435658
-4.0,11,1.437117
-4.0,11,1.438573
-4.0,11,1.439632
-3.0,11,1.441095
-2.0,11,1.442569
-4.0,11,1.444039
-3.0,11,1.445101
-3.0,11,1.446553
-2.0,11,1.448009
-2.0,11,1.44946
-3.0,11,1.45053
-3.0,11,1.452126
-4.0,11,1.453662
-4.0,11,1.455143
-3.0,11,1.456263
-3.0,11,1.458002
-5.0,11,1.459502
-5.0,11,1.461051
-4.0,11,1.462159
-3.0,11,1.463681
-2.0,11,1.465197
-3.0,11,1.466731
-3.0,11,1.467806
-4.0,11,1.469381
-5.0,11,1.47092
-3.0,11,1.472435
-3.0,11,1.473528
-3.0,11,1.475008
-3.0,11,1.476478
-3.0,11,1.478019
-2.0,11,1.479116
-5.0,11,1.480623
-4.0,11,1.482116
-4.0,11,1.483588
-2.0,11,1.484668
-4.0,11,1.486171
-3.0,11,1.48765
-3.0,11,1.489124
-4.0,11,1.490209
-4.0,11,1.491676
-2.0,11,1.493162
-3.0,11,1.494755
-3.0,11,1.495834
-7.0,11,1.497304
-5.0,11,1.498773
-3.0,11,1.500227
-5.0,11,1.501298
-3.0,11,1.502852
-3.0,11,1.504311
-3.0,11,1.505784
-3.0,11,1.506837
-3.0,11,1.508356
-3.0,11,1.509843
-2.0,11,1.511327
-2.0,11,1.512429
-3.0,11,1.513899
-2.0,11,1.515365
-3.0,11,1.516825
-1.0,11,1.5179
-3.0,11,1.519382
-4.0,11,1.520839
-2.0,11,1.522343
-3.0,11,1.52343
-3.0,11,1.524915
-4.0,11,1.52638
-3.0,11,1.527904
-3.0,11,1.528994
-4.0,11,1.530489
-5.0,11,1.532001
-2.0,11,1.533562
-2.0,11,1.5347
-1.0,11,1.536258
-2.0,11,1.537741
-2.0,11,1.539207
-2.0,11,1.540391
-3.0,11,1.541966
-2.0,11,1.543478
-3.0,11,1.545057
-5.0,11,1.546141
-4.0,11,1.547633
-3.0,11,1.549116
-2.0,11,1.550583
-4.0,11,1.551656
-3.0,11,1.553176
-3.0,11,1.554668
-2.0,11,1.556124
-4.0,11,1.557214
-2.0,11,1.558735
-4.0,11,1.560201
-3.0,11,1.5617
-5.0,11,1.562789
-3.0,11,1.56425
-3.0,11,1.565704
-3.0,11,1.567228
-4.0,11,1.568312
-4.0,11,1.569811
-4.0,11,1.57127
-3.0,11,1.572707
-3.0,11,1.573788
-5.0,11,1.575265
-4.0,11,1.576747
-4.0,11,1.578227
-3.0,11,1.579348
-3.0,11,1.580818
-3.0,11,1.582298
-4.0,11,1.58377
-4.0,11,1.584866
-3.0,11,1.58634
-3.0,11,1.587808
-1.0,11,1.589265
-4.0,11,1.590324
-4.0,11,1.591968
-4.0,11,1.593476
-3.0,11,1.594973
-2.0,11,1.596051
-2.0,11,1.597621
-4.0,11,1.599277
-3.0,11,1.600864
-2.0,11,1.601979
-4.0,11,1.603649
-4.0,11,1.605197
-3.0,11,1.606709
-3.0,11,1.607787
-4.0,11,1.609335
-3.0,11,1.610842
-4.0,11,1.612358
-3.0,11,1.613453
-2.0,11,1.614928
-3.0,11,1.616397
-5.0,11,1.617886
-2.0,11,1.618965
-5.0,11,1.620477
-3.0,11,1.621978
-3.0,11,1.623439
-2.0,11,1.624514
-4.0,11,1.625987
-2.0,11,1.627477
-2.0,11,1.628948
-3.0,11,1.630009
-2.0,11,1.631478
-3.0,11,1.632992
-4.0,11,1.634466
-3.0,11,1.635538
-3.0,11,1.637072
-5.0,11,1.638568
-4.0,11,1.64008
-3.0,11,1.641152
-4.0,11,1.642712
-4.0,11,1.644246
-5.0,11,1.645783
-3.0,11,1.646845
-1.0,11,1.648325
-3.0,11,1.649834
-2.0,11,1.651317
-3.0,11,1.652424
-3.0,11,1.653986
-4.0,11,1.65546
-2.0,11,1.656923
-1.0,11,1.65801
-3.0,11,1.659514
-2.0,11,1.661021
-4.0,11,1.662507
-2.0,11,1.6636
-4.0,11,1.665129
-4.0,11,1.66663
-3.0,11,1.668107
-1.0,11,1.669207
-3.0,11,1.670696
-3.0,11,1.672175
-2.0,11,1.673661
-5.0,11,1.674748
-4.0,11,1.676232
-2.0,11,1.677725
-4.0,11,1.679184
-3.0,11,1.680383
-5.0,11,1.681863
-2.0,11,1.683355
-3.0,11,1.684802
-3.0,11,1.68592
-3.0,11,1.687396
-3.0,11,1.688901
-2.0,11,1.690363
-3.0,11,1.691451
-3.0,11,1.692918
-4.0,11,1.694385
-2.0,11,1.695858
-5.0,11,1.696947
-3.0,11,1.698418
-3.0,11,1.699894
-2.0,11,1.701347
-4.0,11,1.70243
-4.0,11,1.703964
-5.0,11,1.70545
-5.0,11,1.706916
-3.0,11,1.707983
-3.0,11,1.709456
-3.0,11,1.71093
-3.0,11,1.712413
-1.0,11,1.713473
-3.0,11,1.714982
-4.0,11,1.716458
-3.0,11,1.717913
-3.0,11,1.718986
-3.0,11,1.720512
-3.0,11,1.721976
-3.0,11,1.723454
-5.0,11,1.724581
-4.0,11,1.726055
-4.0,11,1.727532
-3.0,11,1.728984
-2.0,11,1.730092
-2.0,11,1.731698
-2.0,11,1.733161
-2.0,11,1.734635
-4.0,11,1.735749
-4.0,11,1.737452
-3.0,11,1.738993
-4.0,11,1.740515
-3.0,11,1.741664
-2.0,11,1.743163
-1.0,11,1.744726
-3.0,11,1.746279
-3.0,11,1.747381
-3.0,11,1.748946
-2.0,11,1.750422
-2.0,11,1.751903
-5.0,11,1.753011
-3.0,11,1.754543
-3.0,11,1.756042
-2.0,11,1.757502
-3.0,11,1.758582
-4.0,11,1.760043
-4.0,11,1.761594
-4.0,11,1.763159
-4.0,11,1.764305
-3.0,11,1.76577
-2.0,11,1.767237
-3.0,11,1.768696
-3.0,11,1.769799
-2.0,11,1.771265
-3.0,11,1.772742
-3.0,11,1.774246
-4.0,11,1.775306
-3.0,11,1.776779
-4.0,11,1.778263
-3.0,11,1.779735
-2.0,11,1.780805
-2.0,11,1.782261
-5.0,11,1.78374
-3.0,11,1.785297
-3.0,11,1.786386
-4.0,11,1.787867
-3.0,11,1.789345
-2.0,11,1.790863
-4.0,11,1.791949
-4.0,11,1.79342
-3.0,11,1.794954
-4.0,11,1.796546
-2.0,11,1.79763
-5.0,11,1.799106
-3.0,11,1.800652
-3.0,11,1.802111
-4.0,11,1.803216
-3.0,11,1.804699
-4.0,11,1.806162
-4.0,11,1.807624
-2.0,11,1.8087
-3.0,11,1.810164
-4.0,11,1.811619
-4.0,11,1.813151
-4.0,11,1.814229
-4.0,11,1.8157
-4.0,11,1.817176
-3.0,11,1.818641
-2.0,11,1.819717
-3.0,11,1.821191
-2.0,11,1.822676
-2.0,11,1.824141
-4.0,11,1.825263
-2.0,11,1.826721
-3.0,11,1.828195
-3.0,11,1.829668
-2.0,11,1.830731
-3.0,11,1.832199
-3.0,11,1.833661
-3.0,11,1.835107
-5.0,11,1.836187
-2.0,11,1.837678
-2.0,11,1.839202
-3.0,11,1.840659
-3.0,11,1.841762
-3.0,11,1.843251
-2.0,11,1.844742
-2.0,11,1.846237
-2.0,11,1.847311
-3.0,11,1.848787
-3.0,11,1.850273
-5.0,11,1.851737
-4.0,11,1.852818
-3.0,11,1.854296
-4.0,11,1.855863
-1.0,11,1.857332
-2.0,11,1.85845
-4.0,11,1.859924
-3.0,11,1.861461
-2.0,11,1.862939
-3.0,11,1.864009
-3.0,11,1.865477
-4.0,11,1.866948
-3.0,11,1.868407
-2.0,11,1.869481
-2.0,11,1.871076
-3.0,11,1.87254
-4.0,11,1.874009
-5.0,11,1.875091
-1.0,11,1.876599
-4.0,11,1.878468
-3.0,11,1.880061
-4.0,11,1.881164
-2.0,11,1.882724
-3.0,11,1.884248
-3.0,11,1.885712
-3.0,11,1.886884
-4.0,11,1.888409
-3.0,11,1.88997
-4.0,11,1.891449
-3.0,11,1.892576
-4.0,11,1.894064
-3.0,11,1.8956
-4.0,11,1.897076
-2.0,11,1.898187
-4.0,11,1.899659
-1.0,11,1.901133
-4.0,11,1.902696
-2.0,11,1.903806
-3.0,11,1.905351
-2.0,11,1.906821
-4.0,11,1.908273
-5.0,11,1.90935
-3.0,11,1.910822
-2.0,11,1.912336
-4.0,11,1.913792
-2.0,11,1.914864
-3.0,11,1.916327
-3.0,11,1.917796
-2.0,11,1.919272
-4.0,11,1.920351
-3.0,11,1.923617
-3.0,11,1.925083
-4.0,11,1.926585
-3.0,11,1.927682
-3.0,11,1.929324
-3.0,11,1.930903
-2.0,11,1.932411
-2.0,11,1.93348
-2.0,11,1.934952
-3.0,11,1.936565
-1.0,11,1.9381
-2.0,11,1.939192
-4.0,11,1.940707
-3.0,11,1.94217
-4.0,11,1.943631
-1.0,11,1.944858
-6.0,11,1.9465
-4.0,11,1.948017
-1.0,11,1.949614
-3.0,11,1.95076
-4.0,11,1.952263
-2.0,11,1.953877
-5.0,11,1.955351
-4.0,11,1.956488
-2.0,11,1.958039
-3.0,11,1.959524
-2.0,11,1.961061
-2.0,11,1.962237
-5.0,11,1.963866
-4.0,11,1.965386
-3.0,11,1.966844
-2.0,11,1.967969
-4.0,11,1.969685
-2.0,11,1.971228
-5.0,11,1.972717
-4.0,11,1.97378
-3.0,11,1.975272
-3.0,11,1.976804
-3.0,11,1.97848
-2.0,11,1.979637
-3.0,11,1.981158
-3.0,11,1.982689
-3.0,11,1.98417
-4.0,11,1.985326
-4.0,11,1.986791
-3.0,11,1.988403
-3.0,11,1.990076
-5.0,11,1.991201
-2.0,11,1.992688
-3.0,11,1.994266
-2.0,11,1.995749
-4.0,11,1.996901
-3.0,11,1.998516
-2.0,11,2.000126
-4.0,11,2.001701
-4.0,11,2.00282
-4.0,11,2.00432
-4.0,11,2.005855
-2.0,11,2.007543
-4.0,11,2.008663
-3.0,11,2.010277
-3.0,11,2.011775
-2.0,11,2.013266
-5.0,11,2.014343
-5.0,11,2.016077
-2.0,11,2.017644
-3.0,11,2.019166
-2.0,11,2.020275
-4.0,11,2.021839
-5.0,11,2.023394
-5.0,11,2.025043
-3.0,11,2.026152
-3.0,11,2.027763
-3.0,11,2.029369
-3.0,11,2.030959
-3.0,11,2.032107
-2.0,11,2.033743
-6.0,11,2.035317
-1.0,11,2.036893
-3.0,11,2.038026
-3.0,11,2.039586
-4.0,11,2.041154
-3.0,11,2.042855
-5.0,11,2.044049
-3.0,11,2.04556
-1.0,11,2.047043
-5.0,11,2.048557
-4.0,11,2.049798
-3.0,11,2.051442
-4.0,11,2.052973
-2.0,11,2.054456
-4.0,11,2.055631
-3.0,11,2.057287
-3.0,11,2.058903
-4.0,11,2.060759
-3.0,11,2.061907
-2.0,11,2.063456
-4.0,11,2.065036
-3.0,11,2.066702
-2.0,11,2.06787
-1.0,11,2.069371
-3.0,11,2.0709
-6.0,11,2.072406
-3.0,11,2.073606
-5.0,11,2.075239
-4.0,11,2.076779
-2.0,11,2.078267
-5.0,11,2.079346
-4.0,11,2.080923
-5.0,11,2.08253
-4.0,11,2.084177
-3.0,11,2.085276
-3.0,11,2.086817
-4.0,11,2.08831
-2.0,11,2.089815
-2.0,11,2.091112
-3.0,11,2.092658
-4.0,11,2.094242
-3.0,11,2.095744
-3.0,11,2.096836
-2.0,11,2.098447
-3.0,11,2.100094
-3.0,11,2.101665
-2.0,11,2.102761
-5.0,11,2.104259
-3.0,11,2.105751
-3.0,11,2.107327
-3.0,11,2.108494
-3.0,11,2.109991
-3.0,11,2.111473
-3.0,11,2.112986
-2.0,11,2.114064
-5.0,11,2.115613
-3.0,11,2.11713
-2.0,11,2.118606
-3.0,11,2.119713
-4.0,11,2.121236
-4.0,11,2.122716
-3.0,11,2.124303
-3.0,11,2.125432
-4.0,11,2.126898
-3.0,11,2.128472
-2.0,11,2.129949
-2.0,11,2.131021
-4.0,11,2.132601
-2.0,11,2.134099
-5.0,11,2.13557
-2.0,11,2.136641
-4.0,11,2.138097
-3.0,11,2.139611
-4.0,11,2.141139
-3.0,11,2.142252
-3.0,11,2.143785
-2.0,11,2.145355
-5.0,11,2.14683
-4.0,11,2.147905
-2.0,11,2.149447
-4.0,11,2.150955
-4.0,11,2.152419
-3.0,11,2.153493
-3.0,11,2.154972
-3.0,11,2.156496
-4.0,11,2.158043
-5.0,11,2.159148
-2.0,11,2.160756
-3.0,11,2.162282
-3.0,11,2.163763
-4.0,11,2.164952
-4.0,11,2.16648
-3.0,11,2.167954
-2.0,11,2.169483
-4.0,11,2.170617
-4.0,11,2.172101
-4.0,11,2.173654
-3.0,11,2.175238
-2.0,11,2.176333
-3.0,11,2.177835
-3.0,11,2.179374
-4.0,11,2.180854
-3.0,11,2.181981
-3.0,11,2.183557
-3.0,11,2.185045
-1.0,11,2.186509
-4.0,11,2.187578
-3.0,11,2.189094
-2.0,11,2.190622
-2.0,11,2.192115
-4.0,11,2.19319
-2.0,11,2.194682
-3.0,11,2.196147
-2.0,11,2.197622
-3.0,11,2.198718
-4.0,11,2.20023
-4.0,11,2.201747
-2.0,11,2.203224
-3.0,11,2.20435
-2.0,11,2.205949
-5.0,11,2.207439
-2.0,11,2.208967
-2.0,11,2.210035
-1.0,11,2.211516
-2.0,11,2.212999
-3.0,11,2.214486
-3.0,11,2.215714
-5.0,11,2.21721
-3.0,11,2.218737
-6.0,11,2.22019
-3.0,11,2.22132
-3.0,11,2.222909
-5.0,11,2.22443
-4.0,11,2.2259
-5.0,11,2.226995
-4.0,11,2.228527
-3.0,11,2.229993
-2.0,11,2.231446
-4.0,11,2.232683
-4.0,11,2.234246
-3.0,11,2.235775
-4.0,11,2.237242
-5.0,11,2.238366
-3.0,11,2.239829
-4.0,11,2.24136
-4.0,11,2.242836
-3.0,11,2.24395
-4.0,11,2.245419
-5.0,11,2.246893
-3.0,11,2.248368
-2.0,11,2.249513
-4.0,11,2.251091
-4.0,11,2.252577
-3.0,11,2.254097
-4.0,11,2.255157
-2.0,11,2.256651
-2.0,11,2.258215
-3.0,11,2.259717
-3.0,11,2.260838
-5.0,11,2.262359
-6.0,11,2.263881
-4.0,11,2.265397
-3.0,11,2.266531
-4.0,11,2.268009
-3.0,11,2.269506
-3.0,11,2.270981
-3.0,11,2.272107
-4.0,11,2.273597
-3.0,11,2.275128
-4.0,11,2.276589
-2.0,11,2.277682
-4.0,11,2.279211
-4.0,11,2.280725
-3.0,11,2.282269
-3.0,11,2.283418
-4.0,11,2.284982
-3.0,11,2.286461
-1.0,11,2.287919
-3.0,11,2.289033
-4.0,11,2.290527
-2.0,11,2.291998
-4.0,11,2.293466
-4.0,11,2.294531
-2.0,11,2.295988
-3.0,11,2.29756
-4.0,11,2.299118
-2.0,11,2.30022
-3.0,11,2.301869
-3.0,11,2.303402
-3.0,11,2.30491
-2.0,11,2.306037
-2.0,11,2.307741
-4.0,11,2.309299
-4.0,11,2.310834
-2.0,11,2.311956
-2.0,11,2.313446
-4.0,11,2.31759
-3.0,11,2.319087
-4.0,11,2.320293
-2.0,11,2.321896
-4.0,11,2.323482
-2.0,11,2.325018
-3.0,11,2.32609
-3.0,11,2.327571
-4.0,11,2.329045
-4.0,11,2.330502
-5.0,11,2.331582
-3.0,11,2.333237
-4.0,11,2.334726
-3.0,11,2.336212
-2.0,11,2.337339
-4.0,11,2.3388
-4.0,11,2.340306
-5.0,11,2.341803
-5.0,11,2.342907
-2.0,11,2.344397
-4.0,11,2.345911
-3.0,11,2.347376
-4.0,11,2.348485
-2.0,11,2.349993
-3.0,11,2.351459
-4.0,11,2.352946
-3.0,11,2.354056
-2.0,11,2.355533
-3.0,11,2.357166
-3.0,11,2.358649
-2.0,11,2.359719
-3.0,11,2.361219
-3.0,11,2.362677
-2.0,11,2.364138
-1.0,11,2.365249
-2.0,11,2.366734
-3.0,11,2.368264
-3.0,11,2.369724
-4.0,11,2.370802
-3.0,11,2.37224
-2.0,11,2.373732
-2.0,11,2.375222
-5.0,11,2.37635
-3.0,11,2.377816
-4.0,11,2.379297
-4.0,11,2.380815
-3.0,11,2.381913
-2.0,11,2.383409
-5.0,11,2.384875
-4.0,11,2.386327
-2.0,11,2.387393
-5.0,11,2.388913
-3.0,11,2.390461
-3.0,11,2.392005
-2.0,11,2.393118
-2.0,11,2.394621
-3.0,11,2.396094
-4.0,11,2.397662
-4.0,11,2.398852
-1.0,11,2.400355
-3.0,11,2.401869
-3.0,11,2.403347
-4.0,11,2.404417
-3.0,11,2.405922
-4.0,11,2.407584
-3.0,11,2.409249
-3.0,11,2.410423
-3.0,11,2.412168
-4.0,11,2.414034
-3.0,11,2.415727
-2.0,11,2.416849
-4.0,11,2.41851
-5.0,11,2.420067
-4.0,11,2.421614
-4.0,11,2.422723
-3.0,11,2.424278
-3.0,11,2.425841
-4.0,11,2.427496
-4.0,11,2.428745
-3.0,11,2.430443
-3.0,11,2.432324
-3.0,11,2.434117
-2.0,11,2.435299
-4.0,11,2.436946
-3.0,11,2.438566
-2.0,11,2.440165
-5.0,11,2.441404
-1.0,11,2.443028
-4.0,11,2.444669
-3.0,11,2.44623
-4.0,11,2.44737
-3.0,11,2.449291
-3.0,11,2.450995
-2.0,11,2.452652
-3.0,11,2.453782
-2.0,11,2.455354
-3.0,11,2.457042
-4.0,11,2.458993
-2.0,11,2.460166
-2.0,11,2.461874
-5.0,11,2.463421
-4.0,11,2.465136
-4.0,11,2.466511
-4.0,11,2.46809
-4.0,11,2.469695
-2.0,11,2.471316
-3.0,11,2.472415
-2.0,11,2.47401
-3.0,11,2.475644
-3.0,11,2.477215
-2.0,11,2.478291
-5.0,11,2.479783
-4.0,11,2.481278
-4.0,11,2.482959
-3.0,11,2.484164
-3.0,11,2.485723
-3.0,11,2.48722
-2.0,11,2.488712
-3.0,11,2.489813
-4.0,11,2.491393
-2.0,11,2.493008
-2.0,11,2.494508
-2.0,11,2.495658
-3.0,11,2.497156
-2.0,11,2.498768
-5.0,11,2.500343
-4.0,11,2.501535
-1.0,11,2.503062
-3.0,11,2.504538
-2.0,11,2.506108
-3.0,11,2.507459
-4.0,11,2.509085
-4.0,11,2.510643
-2.0,11,2.512182
-4.0,11,2.513249
-4.0,11,2.514802
-1.0,11,2.516582
-3.0,11,2.51814
-3.0,11,2.519251
-4.0,11,2.520803
-3.0,11,2.522275
-3.0,11,2.523994
-2.0,11,2.525207
-3.0,11,2.526755
-2.0,11,2.528404
-3.0,11,2.529907
-4.0,11,2.531002
-3.0,11,2.532722
-3.0,11,2.534277
-1.0,11,2.535784
-3.0,11,2.536921
-1.0,11,2.538456
-4.0,11,2.540061
-3.0,11,2.541638
-4.0,11,2.542831
-4.0,11,2.544375
-3.0,11,2.545918
-1.0,11,2.547414
-4.0,11,2.548598
-4.0,11,2.550192
-4.0,11,2.551699
-3.0,11,2.553181
-3.0,11,2.554257
-2.0,11,2.555743
-2.0,11,2.557412
-6.0,11,2.558937
-3.0,11,2.5601
-3.0,11,2.561645
-3.0,11,2.563127
-3.0,11,2.564724
-5.0,11,2.565972
-3.0,11,2.567502
-4.0,11,2.568982
-3.0,11,2.570516
-5.0,11,2.571592
-4.0,11,2.573118
-3.0,11,2.574628
-5.0,11,2.576149
-3.0,11,2.577221
-3.0,11,2.578762
-4.0,11,2.58025
-4.0,11,2.581773
-3.0,11,2.582926
-1.0,11,2.584463
-5.0,11,2.585943
-3.0,11,2.587428
-4.0,11,2.588511
-4.0,11,2.59004
-3.0,11,2.59157
-3.0,11,2.593053
-4.0,11,2.594198
-3.0,11,2.595912
-5.0,11,2.597451
-3.0,11,2.598986
-4.0,11,2.600182
-3.0,11,2.601777
-3.0,11,2.603279
-4.0,11,2.604801
-4.0,11,2.605893
-2.0,11,2.607548
-3.0,11,2.609088
-3.0,11,2.610656
-3.0,11,2.61179
-3.0,11,2.613278
-3.0,11,2.614752
-3.0,11,2.616492
-3.0,11,2.617578
-2.0,11,2.61912
-3.0,11,2.620624
-3.0,11,2.622097
-4.0,11,2.623174
-2.0,11,2.624684
-3.0,11,2.626201
-2.0,11,2.627723
-2.0,11,2.628851
-5.0,11,2.630368
-2.0,11,2.631929
-2.0,11,2.633392
-2.0,11,2.634534
-2.0,11,2.636036
-2.0,11,2.637616
-4.0,11,2.639132
-3.0,11,2.640259
-3.0,11,2.641761
-5.0,11,2.643244
-4.0,11,2.644718
-4.0,11,2.645849
-3.0,11,2.647303
-3.0,11,2.648798
-2.0,11,2.650294
-4.0,11,2.651368
-4.0,11,2.652859
-5.0,11,2.654337
-3.0,11,2.655876
-3.0,11,2.656996
-3.0,11,2.658557
-4.0,11,2.660096
-5.0,11,2.661588
-4.0,11,2.662642
0.0,11,2.664122
-3.0,11,2.665713
-4.0,11,2.667193
-2.0,11,2.668314
-4.0,11,2.669864
-4.0,11,2.671368
-2.0,11,2.672845
-2.0,11,2.673993
-4.0,11,2.675479
-3.0,11,2.677016
-4.0,11,2.678509
-4.0,11,2.679586
-3.0,11,2.681051
-4.0,11,2.682602
-5.0,11,2.684073
-4.0,11,2.685216
-3.0,11,2.686747
-3.0,11,2.688207
-2.0,11,2.689662
-4.0,11,2.69078
-5.0,11,2.692258
-3.0,11,2.693801
-2.0,11,2.695301
-3.0,11,2.696369
-4.0,11,2.697855
-2.0,11,2.699462
-2.0,11,2.700956
-4.0,11,2.702088
-3.0,11,2.703681
-5.0,11,2.7052
-3.0,11,2.706674
-2.0,11,2.707813
-3.0,11,2.709391
-4.0,11,2.710893
-2.0,11,2.712423
-2.0,11,2.713547
-4.0,11,2.715229
-4.0,11,2.716797
-3.0,11,2.718261
-2.0,11,2.719392
-4.0,11,2.720922
-5.0,11,2.722396
-2.0,11,2.723904
-2.0,11,2.725008
-3.0,11,2.726468
-2.0,11,2.727937
-3.0,11,2.729407
-3.0,11,2.730488
-3.0,11,2.732001
-2.0,11,2.733544
-4.0,11,2.735034
-4.0,11,2.736126
-3.0,11,2.737765
-5.0,11,2.73927
-3.0,11,2.740784
-4.0,11,2.741872
-2.0,11,2.74346
-4.0,11,2.744962
-4.0,11,2.746496
-3.0,11,2.747557
-2.0,11,2.749241
-3.0,11,2.750826
-4.0,11,2.752415
-2.0,11,2.753497
-4.0,11,2.755032
-3.0,11,2.756562
-4.0,11,2.758146
-4.0,11,2.759233
-3.0,11,2.760755
-4.0,11,2.762303
-3.0,11,2.763768
-2.0,11,2.764847
-3.0,11,2.766424
-3.0,11,2.767992
-3.0,11,2.769519
-4.0,11,2.77059
-3.0,11,2.772123
-5.0,11,2.773716
-4.0,11,2.775356
-4.0,11,2.776438
-4.0,11,2.777923
-4.0,11,2.779389
-3.0,11,2.780896
-4.0,11,2.781989
-5.0,11,2.783493
-4.0,11,2.784961
-4.0,11,2.786445
-1.0,11,2.787506
-2.0,11,2.788977
-3.0,11,2.790477
-3.0,11,2.792023
-3.0,11,2.793093
-4.0,11,2.794617
-1.0,11,2.796105
-4.0,11,2.797564
-3.0,11,2.798682
-4.0,11,2.800239
-2.0,11,2.801721
-4.0,11,2.803258
-3.0,11,2.804395
-4.0,11,2.805915
-4.0,11,2.807431
-5.0,11,2.808969
-3.0,11,2.810064
-3.0,11,2.811537
-4.0,11,2.81299
-1.0,11,2.814583
-3.0,11,2.815736
-3.0,11,2.817339
-2.0,11,2.818832
-5.0,11,2.820312
-2.0,11,2.821386
-3.0,11,2.82284
-4.0,11,2.824433
-2.0,11,2.826027
-4.0,11,2.827133
-3.0,11,2.828648
-3.0,11,2.830128
-1.0,11,2.831638
-3.0,11,2.832824
-1.0,11,2.834373
0.0,11,2.83596
-2.0,11,2.837476
-2.0,11,2.838547
-2.0,11,2.840036
-2.0,11,2.841593
-4.0,11,2.843068
-3.0,11,2.844195
-3.0,11,2.845654
-3.0,11,2.847162
-4.0,11,2.848718
-4.0,11,2.849854
-4.0,11,2.851428
-3.0,11,2.853042
-3.0,11,2.854501
-3.0,11,2.855589
-4.0,11,2.857149
-4.0,11,2.858642
-3.0,11,2.860136
-4.0,11,2.861219
-2.0,11,2.8627
-5.0,11,2.864177
-4.0,11,2.865664
-3.0,11,2.866866
-2.0,11,2.868399
-4.0,11,2.869869
-4.0,11,2.871373
-5.0,11,2.87246
-3.0,11,2.873974
-2.0,11,2.875461
-1.0,11,2.876898
-4.0,11,2.877986
-3.0,11,2.879615
-3.0,11,2.881086
-1.0,11,2.882596
-3.0,11,2.883695
-1.0,11,2.885436
-2.0,11,2.887098
-5.0,11,2.888606
-4.0,11,2.889717
-3.0,11,2.891369
-2.0,11,2.892894
-2.0,11,2.894359
-2.0,11,2.895432
-3.0,11,2.89694
-2.0,11,2.898472
-5.0,11,2.899989
-2.0,11,2.901117
-4.0,11,2.902648
-4.0,11,2.904127
-4.0,11,2.905594
-3.0,11,2.906647
-4.0,11,2.908106
-3.0,11,2.909578
-3.0,11,2.911043
-4.0,11,2.912108
-5.0,11,2.913564
-4.0,11,2.915029
-5.0,11,2.916551
-1.0,11,2.917636
-3.0,11,2.919093
-4.0,11,2.92055
-4.0,11,2.922077
-3.0,11,2.923218
-3.0,11,2.924735
-3.0,11,2.926218
-3.0,11,2.927724
-5.0,11,2.928784
-1.0,11,2.930249
-2.0,11,2.931703
-2.0,11,2.933204
-4.0,11,2.934285
-4.0,11,2.935765
-4.0,11,2.937227
-3.0,11,2.938757
-5.0,11,2.939887
-2.0,11,2.941401
-4.0,11,2.942876
-4.0,11,2.944407
-2.0,11,2.945587
-4.0,11,2.947087
-3.0,11,2.9486
-5.0,11,2.950142
-3.0,11,2.951293
-2.0,11,2.952773
-4.0,11,2.954285
-4.0,11,2.955772
-3.0,11,2.956945
-4.0,11,2.958418
-3.0,11,2.959905
-3.0,11,2.961414
-5.0,11,2.962549
-4.0,11,2.964032
-4.0,11,2.965549
-4.0,11,2.967047
-3.0,11,2.96818
-3.0,11,2.969641
-3.0,11,2.97112
-3.0,11,2.972696
-1.0,11,2.973809
-3.0,11,2.975272
-3.0,11,2.976734
-4.0,11,2.978182
-2.0,11,2.979313
-3.0,11,2.980787
-2.0,11,2.982344
-4.0,11,2.983864
-3.0,11,2.984936
-3.0,11,2.986396
-2.0,11,2.98791
-3.0,11,2.989381
-3.0,11,2.99044
-4.0,11,2.991913
-3.0,11,2.99348
-3.0,11,2.994932
-3.0,11,2.996008
-3.0,11,2.997494
-5.0,11,2.998951
-2.0,11,3.000404
-3.0,11,3.001482
-4.0,11,3.002915
-2.0,11,3.004401
-3.0,11,3.005887
-3.0,11,3.006943
-2.0,11,3.00839
-4.0,11,3.00986
-3.0,11,3.011373
-6.0,11,3.012437
-4.0,11,3.013943
-5.0,11,3.015432
-3.0,11,3.016981
-3.0,11,3.018163
-3.0,11,3.01983
-3.0,11,3.021325
-3.0,11,3.022792
-4.0,11,3.023889
-4.0,11,3.02547
-4.0,11,3.027021
-3.0,11,3.028863
-4.0,11,3.030043
-4.0,11,3.031645
-3.0,11,3.033335
-4.0,11,3.034855
-3.0,11,3.036058
-3.0,11,3.037778
-3.0,11,3.039325
-2.0,11,3.040892
-3.0,11,3.042072
-3.0,11,3.043616
-4.0,11,3.04524
-3.0,11,3.046868
-2.0,11,3.047998
-3.0,11,3.049542
-3.0,11,3.051072
-2.0,11,3.052609
-4.0,11,3.053713
-3.0,11,3.055264
-4.0,11,3.056953
-3.0,11,3.058512
-4.0,11,3.059662
-2.0,11,3.061257
-2.0,11,3.062844
-3.0,11,3.064347
-3.0,11,3.065521
-3.0,11,3.067172
-4.0,11,3.068773
-4.0,11,3.070448
-2.0,11,3.071634
-4.0,11,3.073209
-3.0,11,3.074835
-3.0,11,3.076469
-4.0,11,3.077633
-3.0,11,3.079257
-3.0,11,3.080754
-3.0,11,3.082509
-4.0,11,3.083673
-2.0,11,3.085243
-3.0,11,3.086853
-3.0,11,3.088339
-3.0,11,3.089496
-2.0,11,3.091127
-3.0,11,3.092689
-4.0,11,3.094208
-3.0,11,3.095384
-2.0,11,3.096885
-4.0,11,3.098471
-3.0,11,3.100059
-4.0,11,3.101152
-3.0,11,3.102743
-3.0,11,3.104259
-3.0,11,3.105861
-3.0,11,3.106934
-4.0,11,3.108491
-6.0,11,3.110169
-3.0,11,3.111845
-3.0,11,3.113131
-3.0,11,3.114662
-5.0,11,3.116256
-1.0,11,3.117776
-5.0,11,3.118879
-2.0,11,3.120413
-3.0,11,3.121905
-2.0,11,3.123381
-4.0,11,3.124519
-2.0,11,3.126053
-2.0,11,3.127653
-3.0,11,3.129174
-2.0,11,3.130346
-3.0,11,3.131886
-2.0,11,3.13342
-2.0,11,3.134903
-3.0,11,3.136116
-5.0,11,3.137698
-5.0,11,3.139209
-3.0,11,3.140848
-3.0,11,3.141949
-3.0,11,3.143533
-2.0,11,3.145168
-3.0,11,3.146764
-3.0,11,3.147869
-4.0,11,3.14939
-2.0,11,3.1509
-3.0,11,3.152442
-4.0,11,3.153571
-3.0,11,3.155134
-2.0,11,3.156625
-5.0,11,3.158135
-4.0,11,3.159235
-4.0,11,3.160845
-2.0,11,3.162443
-3.0,11,3.163977
-3.0,11,3.165052
-3.0,11,3.166717
-4.0,11,3.168193
-3.0,11,3.16969
-3.0,11,3.170831
-4.0,11,3.172537
-3.0,11,3.174076
-4.0,11,3.175666
-2.0,11,3.176773
-3.0,11,3.178394
-1.0,11,3.180035
-2.0,11,3.181713
-4.0,11,3.182807
-2.0,11,3.184367
-4.0,11,3.186008
-2.0,11,3.187663
-4.0,11,3.18876
-4.0,11,3.190218
-2.0,11,3.191805
-3.0,11,3.193341
-2.0,11,3.194451
-2.0,11,3.195934
-4.0,11,3.197524
-4.0,11,3.199039
-4.0,11,3.200116
-2.0,11,3.201598
-3.0,11,3.203121
-3.0,11,3.204581
-4.0,11,3.205713
-3.0,11,3.207218
-4.0,11,3.208744
-1.0,11,3.210282
-3.0,11,3.21135
-2.0,11,3.212865
-3.0,11,3.214365
-2.0,11,3.215875
-4.0,11,3.216998
-3.0,11,3.218534
-4.0,11,3.219998
-3.0,11,3.221552
-4.0,11,3.222657
-5.0,11,3.224143
-4.0,11,3.225637
-3.0,11,3.227078
-4.0,11,3.228147
-3.0,11,3.229671
-4.0,11,3.231186
-3.0,11,3.232645
-5.0,11,3.233733
-3.0,11,3.235205
-4.0,11,3.236699
-4.0,11,3.238175
-4.0,11,3.239277
-3.0,11,3.240794
-4.0,11,3.242438
-2.0,11,3.244054
-2.0,11,3.24511
-3.0,11,3.246576
-3.0,11,3.248044
-4.0,11,3.249529
-2.0,11,3.250616
-2.0,11,3.252134
-3.0,11,3.253589
-3.0,11,3.255153
-4.0,11,3.256232
-4.0,11,3.2578
-5.0,11,3.259267
-3.0,11,3.260824
-5.0,11,3.261899
-4.0,11,3.263361
-3.0,11,3.264885
-4.0,11,3.266405
-2.0,11,3.267457
-3.0,11,3.269033
-3.0,11,3.270481
-3.0,11,3.272073
-2.0,11,3.273138
-3.0,11,3.274662
-3.0,11,3.276199
-4.0,11,3.277657
-3.0,11,3.278722
-3.0,11,3.28023
-3.0,11,3.281732
-4.0,11,3.283201
-3.0,11,3.284272
-2.0,11,3.285794
-4.0,11,3.287269
-3.0,11,3.28878
-4.0,11,3.289948
-3.0,11,3.291501
-2.0,11,3.293016
-4.0,11,3.294461
-2.0,11,3.295514
-2.0,11,3.296965
-3.0,11,3.298573
-5.0,11,3.300029
-3.0,11,3.301149
-2.0,11,3.302799
-4.0,11,3.304373
-2.0,11,3.305947
-4.0,11,3.307082
-3.0,11,3.308747
-2.0,11,3.310312
0.0,11,3.311777
-3.0,11,3.313001
-3.0,11,3.314596
-3.0,11,3.316309
-2.0,11,3.317933
-3.0,11,3.31906
-3.0,11,3.32065
-3.0,11,3.322175
-2.0,11,3.323847
-3.0,11,3.325122
-3.0,11,3.326692
-4.0,11,3.328311
-3.0,11,3.329893
-2.0,11,3.331103
-3.0,11,3.332761
-4.0,11,3.334455
-4.0,11,3.33606
-2.0,11,3.337259
-3.0,11,3.338759
-2.0,11,3.34025
-2.0,11,3.341872
-4.0,11,3.342981
-3.0,11,3.344479
-2.0,11,3.346015
-4.0,11,3.347565
-3.0,11,3.348681
-3.0,11,3.350252
-1.0,11,3.351827
-4.0,11,3.353357
-1.0,11,3.354508
-2.0,11,3.356012
-3.0,11,3.357598
-3.0,11,3.35917
-4.0,11,3.360309
-5.0,11,3.361859
-3.0,11,3.363377
-3.0,11,3.364985
-3.0,11,3.366378
-2.0,11,3.367954
-2.0,11,3.369456
-4.0,11,3.370972
-5.0,11,3.372076
-3.0,11,3.373594
-3.0,11,3.375337
-3.0,11,3.376856
-2.0,11,3.377932
-2.0,11,3.379566
-3.0,11,3.381156
-4.0,11,3.382726
-3.0,11,3.38389
-4.0,11,3.385488
-5.0,11,3.387017
-4.0,11,3.388541
-4.0,11,3.389627
-3.0,11,3.391118
-4.0,11,3.392664
-3.0,11,3.394237
-3.0,11,3.395393
-5.0,11,3.396997
-4.0,11,3.398473
-4.0,11,3.400092
-3.0,11,3.401165
-2.0,11,3.402736
-4.0,11,3.40429
-4.0,11,3.405821
-2.0,11,3.406948
-3.0,11,3.408489
-4.0,11,3.409973
-2.0,11,3.411658
-3.0,11,3.412817
-3.0,11,3.414369
-2.0,11,3.415909
-3.0,11,3.41745
-4.0,11,3.418742
-3.0,11,3.42043
-2.0,11,3.421982
-4.0,11,3.423462
-2.0,11,3.424614
-3.0,11,3.426124
-2.0,11,3.427638
-4.0,11,3.429213
-3.0,11,3.430337
-3.0,11,3.43185
-2.0,11,3.433432
-4.0,11,3.434885
-3.0,11,3.436012
-2.0,11,3.437504
-1.0,11,3.439113
-2.0,11,3.440611
-1.0,11,3.441706
-4.0,11,3.443182
-3.0,11,3.444767
-1.0,11,3.446322
-3.0,11,3.447385
-4.0,11,3.448864
-4.0,11,3.450319
-4.0,11,3.451823
-3.0,11,3.452884
-3.0,11,3.454567
-4.0,11,3.456092
-2.0,11,3.457607
-4.0,11,3.458719
-2.0,11,3.460319
-4.0,11,3.466045
-5.0,11,3.471728
-3.0,11,3.475556
-4.0,11,3.479708
-4.0,11,3.482959
-4.0,11,3.484771
-4.0,11,3.486592
-2.0,11,3.491451
-3.0,11,3.493438
-4.0,11,3.495026
-2.0,11,3.496159
-4.0,11,3.497755
-4.0,11,3.49929
-2.0,11,3.500849
-3.0,11,3.501984
-4.0,11,3.503553
-2.0,11,3.505135
-2.0,11,3.506713
-3.0,11,3.507842
-5.0,11,3.509416
-4.0,11,3.511153
-3.0,11,3.512716
-2.0,11,3.513851
-3.0,11,3.515366
-4.0,11,3.516843
-3.0,11,3.518414
-4.0,11,3.5195
-4.0,11,3.521005
-3.0,11,3.522465
-2.0,11,3.523919
-4.0,11,3.524976
-3.0,11,3.526507
-4.0,11,3.527987
-2.0,11,3.529558
-3.0,11,3.530675
-5.0,11,3.532233
-3.0,11,3.533712
-2.0,11,3.535178
-3.0,11,3.53639
-2.0,11,3.537901
-2.0,11,3.539479
-3.0,11,3.541042
-5.0,11,3.54213
-4.0,11,3.543672
-5.0,11,3.54521
-3.0,11,3.54678
-2.0,11,3.547921
-5.0,11,3.549393
-3.0,11,3.550964
-3.0,11,3.552423
-3.0,11,3.553632
-3.0,11,3.555154
-2.0,11,3.556698
-3.0,11,3.558156
-4.0,11,3.559231
-2.0,11,3.560734
-4.0,11,3.562222
-3.0,11,3.563729
-4.0,11,3.564882
-1.0,11,3.566479
-2.0,11,3.567997
-2.0,11,3.56954
-4.0,11,3.570669
-3.0,11,3.572235
-2.0,11,3.573735
-3.0,11,3.57529
-4.0,11,3.576479
-3.0,11,3.578089
-2.0,11,3.579654
-3.0,11,3.581156
-5.0,11,3.582227
0.0,11,3.583745
-6.0,11,3.585212
-3.0,11,3.586715
-5.0,11,3.587834
-5.0,11,3.589288
-4.0,11,3.590776
-5.0,11,3.592323
-4.0,11,3.593412
-5.0,11,3.594995
-1.0,11,3.596515
-2.0,11,3.598098
-3.0,11,3.599274
-3.0,11,3.600727
-3.0,11,3.60219
-5.0,11,3.603663
-3.0,11,3.604838
-6.0,11,3.606304
-4.0,11,3.607764
-4.0,11,3.609209
-3.0,11,3.610273
-4.0,11,3.611757
-2.0,11,3.613326
-4.0,11,3.614911
-4.0,11,3.61599
-5.0,11,3.617545
-5.0,11,3.619037
-3.0,11,3.620598
-3.0,11,3.621716
-3.0,11,3.623439
-3.0,11,3.625254
-4.0,11,3.626802
-4.0,11,3.627948
-3.0,11,3.629571
-3.0,11,3.631129
-2.0,11,3.632618
-2.0,11,3.633699
-4.0,11,3.635165
-2.0,11,3.636632
-3.0,11,3.63815
-4.0,11,3.639329
-2.0,11,3.64088
-3.0,11,3.642356
-5.0,11,3.644121
-3.0,11,3.645289
-2.0,11,3.646819
-2.0,11,3.648325
-2.0,11,3.64988
-2.0,11,3.650987
-4.0,11,3.652503
-3.0,11,3.654016
-3.0,11,3.655569
-2.0,11,3.656707
-4.0,11,3.658203
-3.0,11,3.659736
-3.0,11,3.661268
-2.0,11,3.662344
-3.0,11,3.663873
-3.0,11,3.665345
-3.0,11,3.66685
-4.0,11,3.667967
-3.0,11,3.669499
-1.0,11,3.671127
-4.0,11,3.672597
-3.0,11,3.673654
-2.0,11,3.675136
-3.0,11,3.67661
-3.0,11,3.678071
-2.0,11,3.679148
-4.0,11,3.680596
-3.0,11,3.682132
-2.0,11,3.683687
-3.0,11,3.684799
-1.0,11,3.686364
-2.0,11,3.687834
-4.0,11,3.689282
-2.0,11,3.690349
-3.0,11,3.691929
-3.0,11,3.693398
-4.0,11,3.69485
-2.0,11,3.696019
-1.0,11,3.697481
-4.0,11,3.698955
-3.0,11,3.700462
-1.0,11,3.701528
-3.0,11,3.703129
-4.0,11,3.704621
-3.0,11,3.706189
-3.0,11,3.707295
-3.0,11,3.70881
-2.0,11,3.710314
-3.0,11,3.711774
-3.0,11,3.712897
-3.0,11,3.71443
-3.0,11,3.715924
-2.0,11,3.717372
-2.0,11,3.71854
-4.0,11,3.720003
-2.0,11,3.72147
-3.0,11,3.722983
-2.0,11,3.724043
-3.0,11,3.725571
-3.0,11,3.727061
-3.0,11,3.728516
-3.0,11,3.729677
-3.0,11,3.731188
-2.0,11,3.732754
-5.0,11,3.734207
-4.0,11,3.735311
-5.0,11,3.736844
-2.0,11,3.738385
-4.0,11,3.739888
-2.0,11,3.741011
0.0,11,3.742464
-5.0,11,3.744004
-2.0,11,3.745457
-3.0,11,3.746681
-4.0,11,3.748178
-5.0,11,3.749735
-4.0,11,3.751203
-2.0,11,3.752278
-3.0,11,3.753743
-2.0,11,3.755217
-2.0,11,3.756752
-3.0,11,3.757808
-4.0,11,3.759396
-5.0,11,3.760885
-3.0,11,3.762386
-3.0,11,3.763445
-2.0,11,3.765035
-3.0,11,3.766708
-4.0,11,3.768234
-3.0,11,3.769316
-3.0,11,3.770919
-4.0,11,3.772419
-4.0,11,3.773888
-3.0,11,3.775002
-4.0,11,3.77649
-2.0,11,3.778064
-2.0,11,3.779595
-3.0,11,3.780775
-4.0,11,3.78228
-3.0,11,3.783792
-2.0,11,3.785337
-3.0,11,3.7865
-4.0,11,3.788089
-3.0,11,3.789617
-4.0,11,3.791121
-3.0,11,3.792191
-3.0,11,3.793692
-2.0,11,3.795169
-4.0,11,3.796635
-4.0,11,3.797755
-3.0,11,3.799317
-3.0,11,3.800775
-3.0,11,3.80223
-2.0,11,3.803303
-3.0,11,3.804756
-4.0,11,3.806253
-3.0,11,3.807759
-2.0,11,3.808918
-4.0,11,3.810446
-5.0,11,3.811974
-3.0,11,3.813466
-3.0,11,3.814694
-1.0,11,3.81621
-4.0,11,3.817681
-4.0,11,3.81913
-4.0,11,3.82023
-3.0,11,3.821676
-3.0,11,3.823203
-4.0,11,3.824668
-2.0,11,3.825812
-3.0,11,3.827276
-3.0,11,3.828731
-3.0,11,3.83024
-4.0,11,3.831293
-2.0,11,3.83275
-2.0,11,3.834183
-4.0,11,3.835681
-4.0,11,3.83677
-4.0,11,3.838283
-3.0,11,3.83974
-1.0,11,3.841242
-4.0,11,3.842389
-4.0,11,3.843887
-3.0,11,3.845464
-2.0,11,3.846962
-4.0,11,3.84804
-5.0,11,3.849596
-2.0,11,3.85111
-2.0,11,3.852572
-2.0,11,3.853647
-1.0,11,3.855109
-3.0,11,3.856559
-2.0,11,3.858054
-3.0,11,3.859124
-3.0,11,3.860617
-5.0,11,3.862079
-3.0,11,3.863654
-3.0,11,3.864713
-1.0,11,3.866224
-4.0,11,3.86768
-3.0,11,3.869119
-2.0,11,3.870319
-3.0,11,3.871854
-4.0,11,3.873409
-2.0,11,3.874896
-3.0,11,3.876094
-4.0,11,3.877636
-4.0,11,3.879111
-2.0,11,3.880686
-2.0,11,3.881826
-2.0,11,3.883371
-4.0,11,3.884887
-4.0,11,3.886403
-3.0,11,3.887461
-6.0,11,3.888921
-2.0,11,3.890371
-4.0,11,3.891969
-4.0,11,3.893022
-3.0,11,3.894585
-2.0,11,3.89608
-1.0,11,3.897662
-2.0,11,3.898711
-2.0,11,3.900403
-4.0,11,3.901863
-4.0,11,3.903318
-4.0,11,3.904374
-2.0,11,3.905951
-2.0,11,3.907633
-3.0,11,3.909199
0.0,11,3.910336
-4.0,11,3.911942
-4.0,11,3.913481
-3.0,11,3.915007
-3.0,11,3.916061
-4.0,11,3.91753
-4.0,11,3.919002
-4.0,11,3.920546
-2.0,11,3.921657
-3.0,11,3.923176
-3.0,11,3.924731
-3.0,11,3.926188
-4.0,11,3.92726
-3.0,11,3.92878
-4.0,11,3.930227
-4.0,11,3.931773
-3.0,11,3.932896
-3.0,11,3.934348
-3.0,11,3.935869
-3.0,11,3.937337
-2.0,11,3.938404
-4.0,11,3.939961
-4.0,11,3.941511
-3.0,11,3.943007
-1.0,11,3.944141
-2.0,11,3.945656
-3.0,11,3.947127
-4.0,11,3.94866
-2.0,11,3.949818
-3.0,11,3.95128
-3.0,11,3.952847
-4.0,11,3.954298
-2.0,11,3.955446
-4.0,11,3.956921
-4.0,11,3.95839
-3.0,11,3.959895
-4.0,11,3.961016
-3.0,11,3.962525
-3.0,11,3.964034
-3.0,11,3.965565
-2.0,11,3.966669
-4.0,11,3.968162
-1.0,11,3.969694
-3.0,11,3.971181
-2.0,11,3.972292
-2.0,11,3.973753
-3.0,11,3.975227
-2.0,11,3.976776
-3.0,11,3.977825
-2.0,11,3.979315
-3.0,11,3.980806
-4.0,11,3.982316
-3.0,11,3.983398
-3.0,11,3.984903
-2.0,11,3.986472
-4.0,11,3.988001
-3.0,11,3.989219
-3.0,11,3.99068
-4.0,11,3.992187
-4.0,11,3.993738
-2.0,11,3.994836
-2.0,11,3.996335
-3.0,11,3.997937
-3.0,11,3.999389
-4.0,11,4.000499
-3.0,11,4.002049
-5.0,11,4.00359
-4.0,11,4.005045
-4.0,11,4.0061
-3.0,11,4.007611
-4.0,11,4.009074
-3.0,11,4.010514
-3.0,11,4.011597
-3.0,11,4.013052
-4.0,11,4.014548
-2.0,11,4.016062
-1.0,11,4.017175
-3.0,11,4.018637
-3.0,11,4.020145
-2.0,11,4.021639
-3.0,11,4.022709
-4.0,11,4.024336
-3.0,11,4.025802
-3.0,11,4.027287
-4.0,11,4.028461
-2.0,11,4.030009
-3.0,11,4.031501
-5.0,11,4.032982
-3.0,11,4.034174
-3.0,11,4.035672
-4.0,11,4.037124
-5.0,11,4.03868
-3.0,11,4.039872
-3.0,11,4.041552
-4.0,11,4.0431
-3.0,11,4.04462
-3.0,11,4.045743
-2.0,11,4.047291
-1.0,11,4.049061
-3.0,11,4.050588
-2.0,11,4.051713
0.0,11,4.053296
-3.0,11,4.054825
-3.0,11,4.056351
-3.0,11,4.057535
-4.0,11,4.059063
-2.0,11,4.060585
-4.0,11,4.062064
-3.0,11,4.063144
-3.0,11,4.06464
-5.0,11,4.066175
-3.0,11,4.067801
-2.0,11,4.068916
-3.0,11,4.070448
-4.0,11,4.07192
-4.0,11,4.073375
-4.0,11,4.074446
-3.0,11,4.075999
-4.0,11,4.077514
-3.0,11,4.079094
-3.0,11,4.080163
-4.0,11,4.081643
-2.0,11,4.083188
-2.0,11,4.084694
-3.0,11,4.085827
-3.0,11,4.087395
-3.0,11,4.088852
-3.0,11,4.090378
-3.0,11,4.0915
-3.0,11,4.09302
-3.0,11,4.094539
-2.0,11,4.0961
-2.0,11,4.097203
-3.0,11,4.098882
-2.0,11,4.100359
-3.0,11,4.101933
-3.0,11,4.103013
-3.0,11,4.104519
-2.0,11,4.106031
-4.0,11,4.107654
-4.0,11,4.108727
-1.0,11,4.110234
-3.0,11,4.111805
-2.0,11,4.113264
-2.0,11,4.114374
-2.0,11,4.115872
-4.0,11,4.11741
-3.0,11,4.118925
-2.0,11,4.120065
-4.0,11,4.121566
-3.0,11,4.123082
-2.0,11,4.124528
-3.0,11,4.125587
-2.0,11,4.127197
-5.0,11,4.128732
-3.0,11,4.130246
-2.0,11,4.131419
-4.0,11,4.13293
-4.0,11,4.13445
-4.0,11,4.136009
-3.0,11,4.137127
-3.0,11,4.138586
-3.0,11,4.140052
-4.0,11,4.141587
-2.0,11,4.142644
-2.0,11,4.144202
-3.0,11,4.145739
-1.0,11,4.147278
-2.0,11,4.148393
-2.0,11,4.149969
-3.0,11,4.151575
-4.0,11,4.15305
-3.0,11,4.154167
-4.0,11,4.155767
-4.0,11,4.157251
-3.0,11,4.158698
-4.0,11,4.159873
-1.0,11,4.161377
-3.0,11,4.162857
-5.0,11,4.164353
-4.0,11,4.165471
-3.0,11,4.166972
-2.0,11,4.168488
-2.0,11,4.169968
-4.0,11,4.171025
-4.0,11,4.172651
-3.0,11,4.174215
-3.0,11,4.175768
-3.0,11,4.17683
-3.0,11,4.178345
-3.0,11,4.179909
-3.0,11,4.181462
-3.0,11,4.182541
-3.0,11,4.184125
-4.0,11,4.185657
-3.0,11,4.187234
-2.0,11,4.188388
-5.0,11,4.189996
-2.0,11,4.191636
-2.0,11,4.193204
-3.0,11,4.194365
-3.0,11,4.195895
-3.0,11,4.197392
-4.0,11,4.199008
-2.0,11,4.200072
-3.0,11,4.201631
-3.0,11,4.203176
-4.0,11,4.20473
-2.0,11,4.205847
-3.0,11,4.207359
-3.0,11,4.208926
-3.0,11,4.210438
-2.0,11,4.211621
-5.0,11,4.213143
-3.0,11,4.214715
-4.0,11,4.216223
-1.0,11,4.217333
-2.0,11,4.218832
-3.0,11,4.220304
-2.0,11,4.221861
-4.0,11,4.222916
-3.0,11,4.224376
-5.0,11,4.225818
-3.0,11,4.227322
-6.0,11,4.228453
-5.0,11,4.229934
-2.0,11,4.231484
-4.0,11,4.233011
-1.0,11,4.234128
-3.0,11,4.235636
-4.0,11,4.23713
-3.0,11,4.238643
-3.0,11,4.239763
-3.0,11,4.24134
-2.0,11,4.242853
-2.0,11,4.244378
-3.0,11,4.245528
-4.0,11,4.24702
-3.0,11,4.248522
-2.0,11,4.250024
-3.0,11,4.251178
-3.0,11,4.252829
-4.0,11,4.254438
-4.0,11,4.256
-3.0,11,4.257227
-4.0,11,4.258889
-4.0,11,4.260429
-4.0,11,4.261987
-2.0,11,4.263134
-4.0,11,4.264684
-3.0,11,4.266157
-4.0,11,4.26776
-3.0,11,4.268895
-4.0,11,4.270499
-3.0,11,4.271998
-2.0,11,4.273705
-2.0,11,4.274806
-5.0,11,4.276298
-3.0,11,4.277832
-3.0,11,4.279381
-4.0,11,4.280607
-4.0,11,4.282253
-5.0,11,4.283855
-3.0,11,4.285446
-2.0,11,4.286559
-5.0,11,4.288116
-5.0,11,4.289598
-3.0,11,4.291077
-2.0,11,4.292213
-3.0,11,4.293778
-3.0,11,4.295333
-4.0,11,4.296858
-1.0,11,4.297943
-3.0,11,4.299411
-2.0,11,4.300961
-3.0,11,4.302431
-4.0,11,4.303573
-1.0,11,4.305074
-3.0,11,4.306596
-3.0,11,4.308137
-3.0,11,4.309219
-4.0,11,4.310862
-3.0,11,4.312344
-3.0,11,4.31389
-2.0,11,4.31495
-3.0,11,4.316495
-2.0,11,4.318018
-2.0,11,4.319536
-2.0,11,4.320707
-3.0,11,4.322248
-3.0,11,4.323767
-4.0,11,4.325215
-5.0,11,4.326281
-2.0,11,4.327931
-3.0,11,4.329379
-3.0,11,4.330834
-3.0,11,4.331941
-4.0,11,4.333635
-3.0,11,4.335314
-3.0,11,4.336884
-2.0,11,4.338055
-2.0,11,4.339684
-3.0,11,4.341168
-4.0,11,4.34267
-5.0,11,4.343751
-4.0,11,4.345304
-3.0,11,4.346845
-3.0,11,4.348345
-2.0,11,4.34946
-3.0,11,4.35099
-4.0,11,4.352516
-3.0,11,4.354022
-4.0,11,4.355098
-4.0,11,4.356556
-3.0,11,4.358132
-6.0,11,4.359633
-2.0,11,4.360716
-3.0,11,4.362223
-4.0,11,4.363699
-3.0,11,4.365151
-3.0,11,4.366259
-5.0,11,4.367773
-4.0,11,4.369255
-2.0,11,4.370744
-5.0,11,4.371875
-4.0,11,4.373328
-4.0,11,4.374846
-3.0,11,4.376393
-4.0,11,4.377537
-3.0,11,4.379162
-2.0,11,4.380808
-1.0,11,4.382483
-3.0,11,4.38381
-3.0,11,4.38558
-5.0,11,4.387265
-3.0,11,4.389045
-3.0,11,4.390429
-4.0,11,4.392128
-3.0,11,4.393715
-3.0,11,4.395387
-3.0,11,4.396676
-2.0,11,4.398361
-5.0,11,4.40014
-4.0,11,4.401768
-1.0,11,4.402951
-3.0,11,4.40466
-3.0,11,4.40648
-2.0,11,4.408363
-2.0,11,4.409864
-4.0,11,4.411746
-1.0,11,4.413589
-5.0,11,4.415325
-1.0,11,4.416583
-4.0,11,4.418316
-3.0,11,4.420166
-3.0,11,4.421961
-3.0,11,4.423226
-3.0,11,4.424801
-5.0,11,4.426392
-3.0,11,4.427922
-4.0,11,4.429019
-3.0,11,4.430633
-3.0,11,4.432205
-4.0,11,4.433759
-3.0,11,4.434845
-2.0,11,4.436514
-4.0,11,4.438055
-3.0,11,4.439522
-2.0,11,4.440678
-3.0,11,4.44227
-4.0,11,4.443883
-5.0,11,4.445387
-3.0,11,4.446482
-2.0,11,4.448008
-2.0,11,4.449496
-3.0,11,4.450963
-4.0,11,4.452197
-4.0,11,4.453746
-5.0,11,4.455233
-4.0,11,4.456803
-3.0,11,4.458025
-4.0,11,4.459547
-3.0,11,4.461031
-4.0,11,4.462611
-4.0,11,4.463726
-2.0,11,4.4653
-3.0,11,4.466828
-2.0,11,4.468333
-3.0,11,4.469395
-3.0,11,4.470891
-2.0,11,4.472471
-4.0,11,4.473946
-3.0,11,4.475152
-2.0,11,4.476959
-2.0,11,4.478511
-2.0,11,4.480104
-2.0,11,4.481428
-4.0,11,4.483066
-3.0,11,4.484648
-1.0,11,4.486216
-4.0,11,4.487346
-4.0,11,4.488975
-3.0,11,4.490516
-3.0,11,4.492041
-5.0,11,4.493167
0.0,11,4.494839
-2.0,11,4.496376
-3.0,11,4.497848
-3.0,11,4.499012
-4.0,11,4.500534
-4.0,11,4.50209
-2.0,11,4.503592
-3.0,11,4.504812
-3.0,11,4.506285
-3.0,11,4.507807
-3.0,11,4.509405
-3.0,11,4.510527
-2.0,11,4.512099
-5.0,11,4.513625
-1.0,11,4.515083
-3.0,11,4.5163
-3.0,11,4.517755
-2.0,11,4.51922
-5.0,11,4.520703
-3.0,11,4.52181
-3.0,11,4.523614
-3.0,11,4.525351
-4.0,11,4.526839
-3.0,11,4.528053
-4.0,11,4.529698
-3.0,11,4.53134
-2.0,11,4.532988
-5.0,11,4.534267
-3.0,11,4.536146
-3.0,11,4.537894
-3.0,11,4.539497
-3.0,11,4.540602
-2.0,11,4.542163
-4.0,11,4.543666
-2.0,11,4.545396
-4.0,11,4.546708
-2.0,11,4.54832
-3.0,11,4.549908
-3.0,11,4.551568
-3.0,11,4.552823
-4.0,11,4.554549
-3.0,11,4.556266
-2.0,11,4.55823
-4.0,11,4.559463
-3.0,11,4.561276
-3.0,11,4.562871
-2.0,11,4.564545
-3.0,11,4.565786
-4.0,11,4.567412
-3.0,11,4.569009
-3.0,11,4.570543
-3.0,11,4.571624
-4.0,11,4.573293
-3.0,11,4.574815
-3.0,11,4.576383
-4.0,11,4.577484
-2.0,11,4.579097
-3.0,11,4.580587
-3.0,11,4.582123
-4.0,11,4.583204
-2.0,11,4.584689
-3.0,11,4.58624
-4.0,11,4.587881
-4.0,11,4.589027
-3.0,11,4.590645
-3.0,11,4.592112
-4.0,11,4.593627
-4.0,11,4.594695
-4.0,11,4.596226
-1.0,11,4.597748
-3.0,11,4.59928
-4.0,11,4.600459
-2.0,11,4.601935
-3.0,11,4.60361
-4.0,11,4.605139
-3.0,11,4.606346
-4.0,11,4.607847
-1.0,11,4.609415
-2.0,11,4.610937
-2.0,11,4.612021
-3.0,11,4.61368
-4.0,11,4.615254
-3.0,11,4.616728
-2.0,11,4.617924
-4.0,11,4.619536
-3.0,11,4.621135
-3.0,11,4.622689
0.0,11,4.623811
-3.0,11,4.625409
-1.0,11,4.626877
-4.0,11,4.628482
-3.0,11,4.629638
-4.0,11,4.63123
-3.0,11,4.632942
-4.0,11,4.634585
-4.0,11,4.635779
-2.0,11,4.637429
-2.0,11,4.638946
-4.0,11,4.640535
-4.0,11,4.641712
-3.0,11,4.643258
-3.0,11,4.644833
-4.0,11,4.646445
-4.0,11,4.647529
-5.0,11,4.649081
-4.0,11,4.650551
-4.0,11,4.652122
-3.0,11,4.653272
-2.0,11,4.654764
-3.0,11,4.656314
-2.0,11,4.657952
-3.0,11,4.659034
-3.0,11,4.660518
-4.0,11,4.662046
-2.0,11,4.663512
-4.0,11,4.664654
-5.0,11,4.666136
-5.0,11,4.66761
-4.0,11,4.66908
-4.0,11,4.6703
-4.0,11,4.671783
-3.0,11,4.673324
-4.0,11,4.674839
-3.0,11,4.675998
-4.0,11,4.677461
-3.0,11,4.679082
-3.0,11,4.680823
-4.0,11,4.682135
-4.0,11,4.68366
-3.0,11,4.685313
-4.0,11,4.686833
-3.0,11,4.687977
-3.0,11,4.689496
-4.0,11,4.690992
-4.0,11,4.692519
-3.0,11,4.693678
-3.0,11,4.695224
-3.0,11,4.696692
-1.0,11,4.698216
-3.0,11,4.699358
-2.0,11,4.700866
-3.0,11,4.702395
-2.0,11,4.703848
-4.0,11,4.705017
-4.0,11,4.706479
-4.0,11,4.708149
-4.0,11,4.709715
-2.0,11,4.710826
-4.0,11,4.712349
-3.0,11,4.713845
-4.0,11,4.715326
-2.0,11,4.716572
-4.0,11,4.718144
-2.0,11,4.719654
-3.0,11,4.721209
-2.0,11,4.722279
-3.0,11,4.723829
-3.0,11,4.725574
-4.0,11,4.727058
-1.0,11,4.728176
-3.0,11,4.729788
-2.0,11,4.731334
-2.0,11,4.733099
-3.0,11,4.734418
-2.0,11,4.735929
-4.0,11,4.737496
-1.0,11,4.73897
-3.0,11,4.740143
-3.0,11,4.741745
-3.0,11,4.74347
-4.0,11,4.744998
-5.0,11,4.746178
-3.0,11,4.747714
-2.0,11,4.749287
-3.0,11,4.75093
-3.0,11,4.752028
-3.0,11,4.753513
-2.0,11,4.755121
-4.0,11,4.756652
-3.0,11,4.757817
-1.0,11,4.759383
-5.0,11,4.761056
-5.0,11,4.762577
-3.0,11,4.763749
-2.0,11,4.765285
-3.0,11,4.766835
-5.0,11,4.768455
-3.0,11,4.769577
-4.0,11,4.771312
-5.0,11,4.772801
-4.0,11,4.774413
-3.0,11,4.775494
-2.0,11,4.777152
-4.0,11,4.778717
-3.0,11,4.780461
-3.0,11,4.781636
-3.0,11,4.783223
-2.0,11,4.784727
-2.0,11,4.786294
-4.0,11,4.787591
-3.0,11,4.789303
-2.0,11,4.790861
-3.0,11,4.792428
-4.0,11,4.793573
-1.0,11,4.795225
-3.0,11,4.796813
-4.0,11,4.798311
-4.0,11,4.799432
-3.0,11,4.800974
-3.0,11,4.802481
-2.0,11,4.804084
-3.0,11,4.805185
-2.0,11,4.806741
-4.0,11,4.808364
-2.0,11,4.809839
-2.0,11,4.811045
-3.0,11,4.812668
-2.0,11,4.814151
-4.0,11,4.815696
-4.0,11,4.816772
-3.0,11,4.818309
-2.0,11,4.819792
-2.0,11,4.821277
-5.0,11,4.822362
-4.0,11,4.823843
-3.0,11,4.825319
-4.0,11,4.826837
-4.0,11,4.82802
-4.0,11,4.829493
-3.0,11,4.830948
-4.0,11,4.832391
-3.0,11,4.833568
-2.0,11,4.835131
-3.0,11,4.836602
-3.0,11,4.83811
-3.0,11,4.83918
-2.0,11,4.840833
-3.0,11,4.842303
-2.0,11,4.843782
-4.0,11,4.844969
-3.0,11,4.846424
-5.0,11,4.847962
-3.0,11,4.849542
-2.0,11,4.850649
-3.0,11,4.852155
-3.0,11,4.853789
-2.0,11,4.855291
-2.0,11,4.856509
-3.0,11,4.858069
-2.0,11,4.859525
-4.0,11,4.861032
-4.0,11,4.862124
-3.0,11,4.863676
-4.0,11,4.865134
-2.0,11,4.866586
-3.0,11,4.867658
-3.0,11,4.869125
-2.0,11,4.870694
-3.0,11,4.872199
-4.0,11,4.873262
-1.0,11,4.874809
-3.0,11,4.876306
-3.0,11,4.877855
-3.0,11,4.879025
-4.0,11,4.880523
-2.0,11,4.882073
-2.0,11,4.883598
-2.0,11,4.884665
-4.0,11,4.886182
-2.0,11,4.887648
-3.0,11,4.889123
-3.0,11,4.890227
-4.0,11,4.891712
-3.0,11,4.89327
-2.0,11,4.894783
-1.0,11,4.895882
-4.0,11,4.897395
-2.0,11,4.898972
-4.0,11,4.900531
-3.0,11,4.901637
-2.0,11,4.903195
-3.0,11,4.904699
-2.0,11,4.906238
-3.0,11,4.907294
-3.0,11,4.908928
-3.0,11,4.91049
-2.0,11,4.912049
-5.0,11,4.913128
-1.0,11,4.914833
-3.0,11,4.916352
-3.0,11,4.917825
-3.0,11,4.919112
-3.0,11,4.920779
-3.0,11,4.922401
-4.0,11,4.923986
-2.0,11,4.925156
-4.0,11,4.926693
-2.0,11,4.928336
-4.0,11,4.929907
-3.0,11,4.931057
-2.0,11,4.932544
-4.0,11,4.934108
-3.0,11,4.935617
-3.0,11,4.936707
-3.0,11,4.938207
-3.0,11,4.939689
-3.0,11,4.941203
-3.0,11,4.942276
-2.0,11,4.943806
-2.0,11,4.945417
-2.0,11,4.946978
-3.0,11,4.948147
-1.0,11,4.949866
-2.0,11,4.951374
-3.0,11,4.952913
-2.0,11,4.954271
-2.0,11,4.955751
-1.0,11,4.957269
-1.0,11,4.958825
-5.0,11,4.959932
-3.0,11,4.961473
-3.0,11,4.963056
-2.0,11,4.964539
-4.0,11,4.965643
-4.0,11,4.967161
-4.0,11,4.968659
-3.0,11,4.970232
0.0,11,4.971489
-2.0,11,4.973098
-5.0,11,4.974706
-2.0,11,4.976359
-5.0,11,4.977523
-3.0,11,4.979066
-4.0,11,4.980671
-3.0,11,4.982368
-3.0,11,4.983548
-3.0,11,4.98508
-3.0,11,4.986629
-2.0,11,4.988117
-3.0,11,4.989312
-4.0,11,4.990871
-3.0,11,4.992421
-3.0,11,4.993939
-2.0,11,4.995159
-3.0,11,4.996684
-2.0,11,4.998182
-4.0,11,4.99966
-2.0,11,5.000745
-5.0,11,5.002243
-2.0,11,5.003779
-2.0,11,5.005336
-5.0,11,5.006413
-2.0,11,5.007982
-2.0,11,5.009505
-2.0,11,5.011095
-4.0,11,5.012321
0.0,11,5.013893
-3.0,11,5.015485
-3.0,11,5.017101
-4.0,11,5.018282
-3.0,11,5.01982
-2.0,11,5.021354
0.0,11,5.02297
-4.0,11,5.024183
-3.0,11,5.025733
-1.0,11,5.027398
-3.0,11,5.028888
-3.0,11,5.030168
-2.0,11,5.031777
-4.0,11,5.033353
-1.0,11,5.034851
-1.0,11,5.035992
-3.0,11,5.037679
-4.0,11,5.039265
-4.0,11,5.040753
-3.0,11,5.041866
-1.0,11,5.043351
-2.0,11,5.044944
-2.0,11,5.046658
-3.0,11,5.047914
-4.0,11,5.049502
-2.0,11,5.051089
-4.0,11,5.052677
-4.0,11,5.053806
-4.0,11,5.05543
-4.0,11,5.056947
-3.0,11,5.058464
-3.0,11,5.059768
-5.0,11,5.061494
-2.0,11,5.062983
-3.0,11,5.064491
-5.0,11,5.06569
-3.0,11,5.067441
-4.0,11,5.068962
-3.0,11,5.070503
-4.0,11,5.071584
-2.0,11,5.073246
-3.0,11,5.075107
-2.0,11,5.076744
-4.0,11,5.077904
-3.0,11,5.079522
-4.0,11,5.080984
-3.0,11,5.082573
-5.0,11,5.083691
-1.0,11,5.085271
-3.0,11,5.086793
-4.0,11,5.088271
-5.0,11,5.089346
-2.0,11,5.090918
-3.0,11,5.092494
-4.0,11,5.094017
-1.0,11,5.095127
-3.0,11,5.096706
-3.0,11,5.098208
-2.0,11,5.099928
-2.0,11,5.10113
-3.0,11,5.102735
-3.0,11,5.104272
-5.0,11,5.1058
-2.0,11,5.107014
0.0,11,5.108771
-3.0,11,5.110393
-2.0,11,5.111997
-3.0,11,5.113088
-2.0,11,5.114685
-3.0,11,5.116311
-2.0,11,5.117869
-2.0,11,5.119097
-2.0,11,5.120664
-3.0,11,5.122166
-2.0,11,5.123682
-2.0,11,5.124861
-3.0,11,5.126439
-3.0,11,5.128005
-3.0,11,5.129461
-4.0,11,5.130557
-4.0,11,5.132079
-4.0,11,5.133546
-2.0,11,5.135159
-3.0,11,5.13623
-2.0,11,5.137704
-2.0,11,5.139275
-3.0,11,5.140843
-3.0,11,5.141993
-2.0,11,5.143602
-3.0,11,5.145133
-3.0,11,5.146639
-4.0,11,5.147708
-3.0,11,5.149273
-3.0,11,5.150858
-4.0,11,5.152399
-2.0,11,5.153479
-3.0,11,5.155064
-3.0,11,5.156606
-4.0,11,5.158195
-1.0,11,5.159324
-3.0,11,5.160852
-4.0,11,5.162369
-3.0,11,5.163847
-4.0,11,5.164942
-2.0,11,5.16661
-2.0,11,5.168168
-2.0,11,5.169768
-3.0,11,5.170875
-3.0,11,5.172444
-3.0,11,5.173964
-5.0,11,5.175511
-2.0,11,5.176631
-3.0,11,5.1781
-4.0,11,5.17957
-3.0,11,5.181117
-3.0,11,5.18222
-4.0,11,5.183773
-2.0,11,5.185331
-3.0,11,5.186795
-3.0,11,5.187951
-3.0,11,5.189504
-4.0,11,5.191077
-3.0,11,5.192609
-3.0,11,5.193717
-4.0,11,5.195185
-3.0,11,5.196644
-3.0,11,5.198144
-1.0,11,5.199285
-3.0,11,5.200807
-3.0,11,5.202314
-5.0,11,5.203769
-4.0,11,5.204878
-2.0,11,5.206611
-3.0,11,5.20817
-3.0,11,5.209796
-4.0,11,5.210883
-3.0,11,5.212495
-3.0,11,5.214172
-5.0,11,5.215696
-3.0,11,5.216826
-4.0,11,5.218382
-2.0,11,5.219881
-4.0,11,5.221532
-2.0,11,5.222665
-3.0,11,5.224215
-4.0,11,5.225793
-1.0,11,5.227333
-2.0,11,5.228511
-3.0,11,5.230026
-4.0,11,5.2315
-2.0,11,5.233072
-4.0,11,5.234141
-2.0,11,5.235745
-3.0,11,5.23727
-3.0,11,5.238785
-4.0,11,5.239902
-1.0,11,5.241505
-2.0,11,5.243051
-3.0,11,5.244633
-4.0,11,5.24574
-4.0,11,5.247258
-4.0,11,5.248761
-3.0,11,5.2503
-2.0,11,5.251413
-5.0,11,5.252956
-3.0,11,5.25441
-4.0,11,5.255917
-2.0,11,5.25709
-4.0,11,5.258596
-5.0,11,5.260049
-3.0,11,5.261559
-3.0,11,5.262633
-3.0,11,5.264173
-3.0,11,5.265647
-3.0,11,5.267199
-2.0,11,5.268373
-3.0,11,5.269879
-4.0,11,5.271383
-3.0,11,5.273016
-3.0,11,5.27415
-4.0,11,5.275649
-3.0,11,5.277223
-3.0,11,5.27872
-3.0,11,5.279845
-4.0,11,5.281346
-3.0,11,5.282795
-2.0,11,5.284381
-2.0,11,5.285465
-1.0,11,5.286975
-3.0,11,5.288492
-2.0,11,5.290038
-4.0,11,5.291151
-2.0,11,5.292699
-1.0,11,5.294167
-3.0,11,5.29562
-5.0,11,5.296689
-4.0,11,5.298152
-3.0,11,5.299698
-2.0,11,5.301237
-3.0,11,5.302431
-4.0,11,5.303945
-1.0,11,5.305548
-2.0,11,5.307082
-2.0,11,5.308232
-5.0,11,5.309725
-3.0,11,5.311198
-4.0,11,5.312714
-2.0,11,5.313873
-3.0,11,5.31538
-2.0,11,5.316872
-4.0,11,5.318353
-4.0,11,5.319439
-3.0,11,5.320947
-4.0,11,5.322554
-1.0,11,5.324103
-3.0,11,5.32527
-2.0,11,5.326782
-2.0,11,5.328416
-4.0,11,5.329879
-1.0,11,5.331117
-3.0,11,5.332599
-3.0,11,5.334253
0.0,11,5.335755
-3.0,11,5.336928
-4.0,11,5.338515
-6.0,11,5.340035
-3.0,11,5.341596
-3.0,11,5.342664
-3.0,11,5.344275
-3.0,11,5.345738
-1.0,11,5.347306
-5.0,11,5.348482
-4.0,11,5.350116
-3.0,11,5.351569
-1.0,11,5.353105
-3.0,11,5.354219
-3.0,11,5.355855
-3.0,11,5.357674
-3.0,11,5.359286
-3.0,11,5.36055
-4.0,11,5.362251
-3.0,11,5.363939
-4.0,11,5.365573
-3.0,11,5.366691
-4.0,11,5.368248
-4.0,11,5.369716
-3.0,11,5.371246
-5.0,11,5.372423
-3.0,11,5.373999
-2.0,11,5.375539
-3.0,11,5.377061
-4.0,11,5.378233
-4.0,11,5.379784
-3.0,11,5.381322
-4.0,11,5.382894
-3.0,11,5.384012
-2.0,11,5.385544
-3.0,11,5.387023
-3.0,11,5.388525
-4.0,11,5.389637
-4.0,11,5.391158
-2.0,11,5.39266
-3.0,11,5.394127
-4.0,11,5.395241
-3.0,11,5.396749
-3.0,11,5.398216
-2.0,11,5.399762
-5.0,11,5.40085
-3.0,11,5.402363
-5.0,11,5.403855
-2.0,11,5.405349
-4.0,11,5.406416
-3.0,11,5.407935
-5.0,11,5.4094
-3.0,11,5.410938
-5.0,11,5.412136
-5.0,11,5.413646
-3.0,11,5.415183
-3.0,11,5.416687
-2.0,11,5.417882
-2.0,11,5.419384
-4.0,11,5.420968
-3.0,11,5.422466
-2.0,11,5.423588
-4.0,11,5.425044
-2.0,11,5.426508
-4.0,11,5.427966
-2.0,11,5.429169
-4.0,11,5.430672
-2.0,11,5.432163
-2.0,11,5.433754
-3.0,11,5.434906
-4.0,11,5.436384
-4.0,11,5.438008
-1.0,11,5.439552
-3.0,11,5.440731
-2.0,11,5.44225
-3.0,11,5.443771
-2.0,11,5.445313
-4.0,11,5.446382
-1.0,11,5.447837
-4.0,11,5.449394
-3.0,11,5.45085
-3.0,11,5.45196
-2.0,11,5.453696
-2.0,11,5.455258
-3.0,11,5.456716
-2.0,11,5.45791
-2.0,11,5.459451
-5.0,11,5.460923
-4.0,11,5.462525
-3.0,11,5.463682
-3.0,11,5.465135
-3.0,11,5.466654
-2.0,11,5.468152
-4.0,11,5.469213
-2.0,11,5.470755
-3.0,11,5.472259
-2.0,11,5.473772
-3.0,11,5.474968
-2.0,11,5.476486
-2.0,11,5.477977
-3.0,11,5.479508
-3.0,11,5.4806
-2.0,11,5.482193
-2.0,11,5.483767
-2.0,11,5.485424
0.0,11,5.486484
-2.0,11,5.487983
-2.0,11,5.489435
-3.0,11,5.490929
-4.0,11,5.49205
-1.0,11,5.493683
-3.0,11,5.495238
-3.0,11,5.496771
-2.0,11,5.497871
-1.0,11,5.499442
-2.0,11,5.501153
-2.0,11,5.502738
-3.0,11,5.50388
-4.0,11,5.505367
-4.0,11,5.506923
-3.0,11,5.508449
-3.0,11,5.509581
-2.0,11,5.511103
-2.0,11,5.512655
-3.0,11,5.51428
-3.0,11,5.515359
-2.0,11,5.516868
-2.0,11,5.518326
-2.0,11,5.519905
-4.0,11,5.520995
-3.0,11,5.522481
-4.0,11,5.524034
-4.0,11,5.525655
-3.0,11,5.526771
-3.0,11,5.528313
-3.0,11,5.529886
-3.0,11,5.531517
-3.0,11,5.532638
-1.0,11,5.534155
-2.0,11,5.535635
-1.0,11,5.53714
-2.0,11,5.5383
-4.0,11,5.539899
-1.0,11,5.541556
-3.0,11,5.543077
-4.0,11,5.544166
-4.0,11,5.545748
-2.0,11,5.547348
-3.0,11,5.548859
-3.0,11,5.550052
-2.0,11,5.551584
-3.0,11,5.553212
-3.0,11,5.554785
-4.0,11,5.555908
-3.0,11,5.557477
-4.0,11,5.559057
-2.0,11,5.560629
-3.0,11,5.561757
-3.0,11,5.563292
-2.0,11,5.564809
-4.0,11,5.566417
-2.0,11,5.567555
-3.0,11,5.569078
-5.0,11,5.570626
-3.0,11,5.57211
-4.0,11,5.573223
-2.0,11,5.574712
-2.0,11,5.576288
-2.0,11,5.577797
-2.0,11,5.579068
-3.0,11,5.580665
-3.0,11,5.582172
-5.0,11,5.583737
-4.0,11,5.584882
-3.0,11,5.586374
-5.0,11,5.587825
-4.0,11,5.589314
-3.0,11,5.590433
-4.0,11,5.591997
-2.0,11,5.593542
-2.0,11,5.595049
-3.0,11,5.596149
-3.0,11,5.597657
0.0,11,5.599217
-2.0,11,5.600821
-4.0,11,5.601884
-4.0,11,5.603372
-5.0,11,5.604848
-3.0,11,5.606441
-3.0,11,5.607563
-3.0,11,5.609138
-3.0,11,5.610608
-2.0,11,5.612077
-3.0,11,5.613189
-2.0,11,5.61464
-3.0,11,5.616204
-2.0,11,5.617707
-2.0,11,5.618912
-4.0,11,5.620503
-2.0,11,5.622154
-2.0,11,5.623683
-3.0,11,5.624806
-3.0,11,5.626414
-2.0,11,5.627997
-3.0,11,5.629529
-3.0,11,5.630756
-2.0,11,5.632243
-4.0,11,5.633865
-2.0,11,5.635424
-5.0,11,5.636583
-4.0,11,5.638294
-3.0,11,5.639834
-5.0,11,5.641309
-4.0,11,5.642382
-3.0,11,5.64395
-5.0,11,5.645605
-4.0,11,5.647249
-3.0,11,5.648362
-2.0,11,5.650022
-4.0,11,5.651607
-2.0,11,5.653437
-4.0,11,5.654685
-2.0,11,5.656227
-2.0,11,5.657728
-2.0,11,5.659205
-2.0,11,5.660318
-3.0,11,5.661795
-3.0,11,5.663402
-3.0,11,5.664926
-2.0,11,5.665993
-2.0,11,5.667588
-2.0,11,5.669235
-3.0,11,5.67097
-5.0,11,5.672129
-3.0,11,5.673628
-3.0,11,5.675155
-1.0,11,5.676745
-3.0,11,5.67807
-4.0,11,5.679601
-2.0,11,5.681215
-4.0,11,5.682805
-2.0,11,5.684037
-5.0,11,5.685661
-3.0,11,5.687258
-2.0,11,5.688735
-1.0,11,5.689995
-3.0,11,5.691713
-2.0,11,5.693372
-4.0,11,5.694913
-2.0,11,5.696217
-2.0,11,5.697946
-2.0,11,5.699568
-2.0,11,5.70118
-4.0,11,5.702402
-4.0,11,5.70402
-4.0,11,5.705815
-3.0,11,5.707358
-4.0,11,5.70846
-4.0,11,5.710072
-3.0,11,5.71174
-2.0,11,5.713437
-3.0,11,5.714532
-2.0,11,5.716093
-2.0,11,5.717757
-3.0,11,5.71928
-3.0,11,5.720682
-4.0,11,5.722298
-4.0,11,5.723793
-4.0,11,5.725294
-4.0,11,5.726548
-3.0,11,5.728136
-4.0,11,5.729875
-4.0,11,5.731422
-2.0,11,5.732611
-2.0,11,5.734275
-3.0,11,5.735804
-4.0,11,5.737493
-3.0,11,5.738678
-4.0,11,5.740175
-3.0,11,5.741836
-3.0,11,5.743445
-3.0,11,5.744581
-3.0,11,5.746257
-4.0,11,5.74783
-3.0,11,5.749351
-3.0,11,5.75052
-2.0,11,5.752106
-4.0,11,5.753754
-3.0,11,5.755355
-3.0,11,5.756521
-5.0,11,5.758004
-2.0,11,5.759656
-3.0,11,5.76129
-3.0,11,5.762513
-3.0,11,5.764111
-1.0,11,5.765705
-4.0,11,5.767264
-4.0,11,5.768397
-2.0,11,5.769917
-3.0,11,5.771854
-2.0,11,5.77345
-3.0,11,5.77464
-3.0,11,5.776208
-2.0,11,5.777805
-3.0,11,5.779585
-2.0,11,5.780822
-4.0,11,5.782355
-2.0,11,5.783974
-2.0,11,5.785492
-2.0,11,5.786672
-4.0,11,5.788437
-3.0,11,5.790002
-2.0,11,5.791635
-2.0,11,5.792735
-2.0,11,5.794372
-3.0,11,5.796045
-2.0,11,5.797677
-4.0,11,5.798839
-3.0,11,5.800419
-3.0,11,5.802067
-2.0,11,5.803677
-4.0,11,5.805241
-2.0,11,5.806799
-1.0,11,5.808309
-3.0,11,5.809877
-3.0,11,5.811017
-1.0,11,5.812704
-1.0,11,5.814321
-3.0,11,5.815977
-4.0,11,5.817103
-3.0,11,5.818666
-3.0,11,5.820272
-2.0,11,5.822099
-3.0,11,5.82319
-3.0,11,5.824722
-3.0,11,5.826281
-4.0,11,5.827949
-3.0,11,5.829173
-4.0,11,5.830672
-4.0,11,5.832215
-3.0,11,5.83378
-3.0,11,5.835062
-2.0,11,5.83672
-4.0,11,5.838444
-3.0,11,5.839969
-2.0,11,5.841091
-3.0,11,5.842741
-2.0,11,5.844323
-1.0,11,5.848376
-3.0,11,5.851224
-5.0,11,5.852765
-2.0,11,5.85451
-2.0,11,5.856083
-3.0,11,5.857314
-2.0,11,5.858884
-2.0,11,5.860537
-6.0,11,5.862242
-2.0,11,5.863504
-1.0,11,5.865095
-3.0,11,5.866793
-2.0,11,5.868456
-1.0,11,5.869621
-5.0,11,5.871251
-2.0,11,5.872924
-3.0,11,5.874488
-3.0,11,5.875692
-4.0,11,5.877208
-4.0,11,5.878735
-2.0,11,5.880536
-4.0,11,5.881675
-3.0,11,5.883276
-3.0,11,5.884953
-2.0,11,5.886765
-2.0,11,5.888061
-2.0,11,5.889616
-3.0,11,5.891288
-4.0,11,5.892817
-2.0,11,5.893937
-1.0,11,5.895707
-2.0,11,5.897308
-2.0,11,5.898855
-4.0,11,5.900058
-4.0,11,5.901607
-3.0,11,5.903316
-4.0,11,5.904866
-4.0,11,5.90607
-2.0,11,5.907668
-2.0,11,5.909243
-4.0,11,5.910771
-3.0,11,5.911939
-4.0,11,5.913708
-3.0,11,5.915244
-3.0,11,5.916894
-5.0,11,5.917982
-3.0,11,5.919584
-3.0,11,5.92125
-1.0,11,5.922817
-2.0,11,5.924124
-3.0,11,5.925693
-3.0,11,5.927275
-1.0,11,5.928908
-2.0,11,5.930173
-2.0,11,5.931776
-3.0,11,5.933299
-3.0,11,5.934963
-2.0,11,5.936186
-2.0,11,5.937904
-4.0,11,5.939492
-3.0,11,5.941052
-3.0,11,5.942169
-3.0,11,5.943835
-1.0,11,5.94559
-4.0,11,5.947121
-5.0,11,5.948301
-3.0,11,5.949891
-3.0,11,5.951524
-3.0,11,5.953104
-3.0,11,5.954474
-2.0,11,5.956121
-1.0,11,5.957733
-1.0,11,5.959476
-3.0,11,5.960732
-4.0,11,5.962546
-4.0,11,5.964136
-4.0,11,5.965714
-3.0,11,5.966902
-3.0,11,5.968564
-3.0,11,5.970334
-2.0,11,5.971967
-3.0,11,5.973102
-3.0,11,5.974684
-2.0,11,5.976187
-2.0,11,5.977779
-5.0,11,5.978916
-2.0,11,5.980665
-3.0,11,5.982171
-2.0,11,5.983762
-4.0,11,5.984997
-3.0,11,5.986647
-2.0,11,5.988273
-2.0,11,5.989823
-4.0,11,5.991044
-4.0,11,5.992658
-4.0,11,5.994181
-3.0,11,5.99591
-4.0,11,5.997067
-3.0,11,5.998647
-2.0,11,6.000289
-4.0,11,6.001968
-3.0,11,6.003155
-1.0,11,6.004872
-2.0,11,6.006403
-4.0,11,6.007877
-4.0,11,6.009109
-2.0,11,6.010637
-3.0,11,6.01241
-4.0,11,6.013977
-4.0,11,6.015103
-3.0,11,6.016614
-4.0,11,6.018124
-4.0,11,6.019803
-4.0,11,6.020952
-2.0,11,6.022556
-3.0,11,6.024027
-3.0,11,6.025697
-2.0,11,6.026834
-4.0,11,6.02841
-2.0,11,6.03021
-2.0,11,6.031805
-3.0,11,6.032983
-3.0,11,6.03451
-3.0,11,6.036085
-2.0,11,6.037791
-3.0,11,6.038915
-3.0,11,6.040462
-1.0,11,6.04205
-4.0,11,6.043596
-4.0,11,6.044814
-2.0,11,6.046534
-1.0,11,6.048131
-3.0,11,6.049695
-4.0,11,6.050803
-3.0,11,6.052342
-4.0,11,6.053907
-2.0,11,6.055771
-3.0,11,6.056866
-2.0,11,6.058421
-1.0,11,6.059959
-2.0,11,6.061824
-2.0,11,6.063016
-3.0,11,6.064509
-3.0,11,6.066061
-4.0,11,6.067616
-1.0,11,6.068849
-3.0,11,6.070573
-3.0,11,6.072098
-3.0,11,6.073659
-3.0,11,6.074836
-2.0,11,6.076476
-2.0,11,6.078222
-3.0,11,6.079901
-2.0,11,6.08105
-3.0,11,6.08253
-3.0,11,6.084192
0.0,11,6.085825
-5.0,11,6.086933
-2.0,11,6.088709
-3.0,11,6.090297
-1.0,11,6.091804
-4.0,11,6.09293
-3.0,11,6.094692
-3.0,11,6.096422
-3.0,11,6.097962
-3.0,11,6.099097
-4.0,11,6.100707
-3.0,11,6.10236
-2.0,11,6.104122
-3.0,11,6.105301
-2.0,11,6.106954
-1.0,11,6.108486
-2.0,11,6.110105
-5.0,11,6.111257
-1.0,11,6.112858
-1.0,11,6.114407
-4.0,11,6.115881
-1.0,11,6.117092
-3.0,11,6.118676
-5.0,11,6.120399
-3.0,11,6.121966
-4.0,11,6.123132
-1.0,11,6.124654
-3.0,11,6.126294
-2.0,11,6.12781
-2.0,11,6.129128
-2.0,11,6.130808
-2.0,11,6.132413
-3.0,11,6.13404
-4.0,11,6.135176
-3.0,11,6.136881
-3.0,11,6.138475
-4.0,11,6.140014
-4.0,11,6.141199
-3.0,11,6.142748
-4.0,11,6.144412
-3.0,11,6.146212
-4.0,11,6.147363
-3.0,11,6.148969
-3.0,11,6.150561
-4.0,11,6.152062
-3.0,11,6.153358
-3.0,11,6.154956
-2.0,11,6.156469
-2.0,11,6.158015
-3.0,11,6.159269
-4.0,11,6.160835
-3.0,11,6.162664
-3.0,11,6.164189
-4.0,11,6.165315
-2.0,11,6.16699
-4.0,11,6.16864
-1.0,11,6.170407
-4.0,11,6.171533
-4.0,11,6.173094
-4.0,11,6.174632
-1.0,11,6.176169
-2.0,11,6.177301
-3.0,11,6.179158
-3.0,11,6.18082
-3.0,11,6.182388
-3.0,11,6.183587
-1.0,11,6.185225
-3.0,11,6.186998
-3.0,11,6.188553
-4.0,11,6.189647
-3.0,11,6.191166
-3.0,11,6.19277
-3.0,11,6.194452
-2.0,11,6.195794
-2.0,11,6.197407
-3.0,11,6.19894
-3.0,11,6.200536
-5.0,11,6.201649
-3.0,11,6.203383
-2.0,11,6.205066
-4.0,11,6.206592
-2.0,11,6.20773
-3.0,11,6.20935
-3.0,11,6.211026
-4.0,11,6.212784
-2.0,11,6.214036
-3.0,11,6.215574
-3.0,11,6.217188
-3.0,11,6.218727
-3.0,11,6.220021
-3.0,11,6.221644
-3.0,11,6.223238
-4.0,11,6.224812
-3.0,11,6.225969
-3.0,11,6.227597
-2.0,11,6.229097
-3.0,11,6.230613
-3.0,11,6.231762
-2.0,11,6.233349
-4.0,11,6.234877
-3.0,11,6.236539
-3.0,11,6.237833
-4.0,11,6.239439
-4.0,11,6.241034
-1.0,11,6.242576
-3.0,11,6.243817
-2.0,11,6.245693
-6.0,11,6.247267
-3.0,11,6.248772
-1.0,11,6.249979
-3.0,11,6.251649
-5.0,11,6.25334
-4.0,11,6.254904
-4.0,11,6.256063
-3.0,11,6.25761
-1.0,11,6.259217
-3.0,11,6.260841
-4.0,11,6.262025
-3.0,11,6.263591
-4.0,11,6.265178
-3.0,11,6.266651
-4.0,11,6.267773
-3.0,11,6.269346
-3.0,11,6.270984
-2.0,11,6.27246
-3.0,11,6.273578
-1.0,11,6.275089
-4.0,11,6.276659
-3.0,11,6.278184
-3.0,11,6.279372
-2.0,11,6.281043
-3.0,11,6.28258
-3.0,11,6.284181
-1.0,11,6.285273
-2.0,11,6.286803
-3.0,11,6.288361
-2.0,11,6.289843
-4.0,11,6.290962
-3.0,11,6.292623
-4.0,11,6.294104
-2.0,11,6.295784
-3.0,11,6.297136
-4.0,11,6.298949
-3.0,11,6.300523
-2.0,11,6.302146
-3.0,11,6.303361
-5.0,11,6.305
-4.0,11,6.306585
-1.0,11,6.3082
-4.0,11,6.30935
-2.0,11,6.310976
-1.0,11,6.312741
-2.0,11,6.314271
-2.0,11,6.315535
-3.0,11,6.317176
-3.0,11,6.318751
-2.0,11,6.320631
-2.0,11,6.321806
-3.0,11,6.323418
-3.0,11,6.324936
-3.0,11,6.326568
-2.0,11,6.327653
-4.0,11,6.329158
-3.0,11,6.330789
-4.0,11,6.332481
-3.0,11,6.333668
-3.0,11,6.335288
-4.0,11,6.336837
-2.0,11,6.338362
-5.0,11,6.339501
-2.0,11,6.341358
-4.0,11,6.342936
-1.0,11,6.344432
-3.0,11,6.345688
-3.0,11,6.347319
-5.0,11,6.348966
-1.0,11,6.350656
-4.0,11,6.351804
-3.0,11,6.35335
-4.0,11,6.354922
-3.0,11,6.356495
-3.0,11,6.357734
-3.0,11,6.359304
-5.0,11,6.360894
-3.0,11,6.362478
-3.0,11,6.363618
-3.0,11,6.365236
-3.0,11,6.366939
-4.0,11,6.36856
-3.0,11,6.369686
-4.0,11,6.371277
-4.0,11,6.372791
-1.0,11,6.374473
-2.0,11,6.375765
-2.0,11,6.377347
-3.0,11,6.378925
-5.0,11,6.380414
-3.0,11,6.38149
-2.0,11,6.383132
-1.0,11,6.384924
-3.0,11,6.386541
-4.0,11,6.387628
-4.0,11,6.389105
-4.0,11,6.390686
-2.0,11,6.392405
-5.0,11,6.393655
-2.0,11,6.395434
-2.0,11,6.39697
-4.0,11,6.39848
-3.0,11,6.399607
-3.0,11,6.401325
-3.0,11,6.403034
-3.0,11,6.404687
-3.0,11,6.405821
-3.0,11,6.407579
-3.0,11,6.409289
-3.0,11,6.410915
-2.0,11,6.412099
-4.0,11,6.41366
-2.0,11,6.415326
-2.0,11,6.417015
-1.0,11,6.418213
-3.0,11,6.419735
-1.0,11,6.421346
-1.0,11,6.422906
-2.0,11,6.424144
-3.0,11,6.425884
-1.0,11,6.42746
-3.0,11,6.429064
-3.0,11,6.430219
-2.0,11,6.431864
-1.0,11,6.4336
-3.0,11,6.435283
-3.0,11,6.436488
-3.0,11,6.438039
-3.0,11,6.439584
-3.0,11,6.44121
-3.0,11,6.442517
-4.0,11,6.44414
-4.0,11,6.445661
-3.0,11,6.44722
-3.0,11,6.448429
-3.0,11,6.450087
-3.0,11,6.45189
-3.0,11,6.45352
-3.0,11,6.454712
-2.0,11,6.456238
-3.0,11,6.457829
-4.0,11,6.459527
-3.0,11,6.460706
-2.0,11,6.462343
-3.0,11,6.463929
-2.0,11,6.465461
-3.0,11,6.466818
-4.0,11,6.468391
-2.0,11,6.469946
-4.0,11,6.471451
-3.0,11,6.472678
-3.0,11,6.474368
-4.0,11,6.476026
-3.0,11,6.477729
-3.0,11,6.478972
-4.0,11,6.480495
-3.0,11,6.482057
-3.0,11,6.483822
-3.0,11,6.485147
-1.0,11,6.486805
-3.0,11,6.488373
-3.0,11,6.49
-3.0,11,6.491249
-2.0,11,6.492993
-5.0,11,6.494619
-4.0,11,6.496182
-2.0,11,6.497419
-3.0,11,6.498953
-5.0,11,6.500653
-4.0,11,6.502311
-4.0,11,6.503552
-3.0,11,6.505066
-2.0,11,6.506625
-3.0,11,6.508439
-2.0,11,6.509785
-2.0,11,6.51146
-3.0,11,6.512995
-3.0,11,6.514601
-2.0,11,6.515776
-3.0,11,6.517412
-3.0,11,6.519043
-2.0,11,6.52054
-4.0,11,6.521655
-4.0,11,6.523273
-1.0,11,6.524957
-1.0,11,6.526556
-4.0,11,6.527735
-3.0,11,6.52922
-1.0,11,6.530752
-2.0,11,6.532475
-4.0,11,6.533795
-3.0,11,6.535352
-2.0,11,6.536994
-3.0,11,6.538537
-3.0,11,6.539693
-3.0,11,6.541273
-2.0,11,6.543059
-3.0,11,6.544792
-1.0,11,6.545991
-3.0,11,6.547663
-4.0,11,6.549205
-3.0,11,6.550865
-3.0,11,6.552134
-4.0,11,6.55373
-5.0,11,6.555386
-3.0,11,6.557042
-3.0,11,6.558341
-2.0,11,6.560058
-5.0,11,6.561671
-3.0,11,6.563286
-3.0,11,6.564436
-2.0,11,6.56616
-2.0,11,6.567887
-3.0,11,6.569566
-2.0,11,6.570893
-3.0,11,6.572384
-3.0,11,6.573949
-3.0,11,6.575587
-5.0,11,6.576828
-4.0,11,6.578444
-3.0,11,6.579925
-1.0,11,6.581489
-2.0,11,6.582666
-2.0,11,6.584507
-4.0,11,6.586058
-4.0,11,6.587551
-3.0,11,6.588731
-4.0,11,6.590367
-3.0,11,6.592105
-2.0,11,6.593824
-2.0,11,6.594992
-3.0,11,6.596536
-4.0,11,6.598161
-2.0,11,6.599828
-2.0,11,6.601125
-3.0,11,6.602743
-3.0,11,6.604366
-2.0,11,6.605981
-2.0,11,6.607134
-2.0,11,6.608773
-2.0,11,6.610525
-1.0,11,6.61212
-2.0,11,6.613311
-3.0,11,6.614836
-2.0,11,6.616593
-4.0,11,6.618259
-4.0,11,6.61948
-3.0,11,6.62102
-4.0,11,6.622615
-3.0,11,6.624309
-2.0,11,6.625576
-3.0,11,6.627188
-2.0,11,6.628802
-2.0,11,6.630359
-4.0,11,6.631536
-4.0,11,6.633236
-4.0,11,6.634967
-2.0,11,6.636587
-3.0,11,6.637736
-3.0,11,6.639224
-4.0,11,6.641078
-1.0,11,6.642915
-2.0,11,6.644176
-3.0,11,6.645719
-3.0,11,6.647272
-2.0,11,6.648885
-2.0,11,6.650264
-3.0,11,6.652046
-4.0,11,6.653784
-3.0,11,6.655713
-3.0,11,6.657082
-2.0,11,6.658806
-3.0,11,6.660414
-2.0,11,6.662157
-5.0,11,6.663349
-4.0,11,6.664956
-3.0,11,6.666761
-2.0,11,6.668498
-4.0,11,6.669715
-1.0,11,6.67159
-4.0,11,6.673555
-2.0,11,6.675733
-2.0,11,6.677146
-3.0,11,6.679025
-5.0,11,6.680822
-2.0,11,6.68265
-3.0,11,6.684182
-3.0,11,6.685888
-3.0,11,6.687572
-4.0,11,6.689257
-1.0,11,6.690544
-4.0,11,6.692381
-3.0,11,6.694022
-3.0,11,6.695628
-3.0,11,6.696895
-3.0,11,6.698487
-2.0,11,6.700355
-3.0,11,6.701989
-4.0,11,6.7033
-4.0,11,6.705006
-3.0,11,6.706745
-3.0,11,6.708632
-3.0,11,6.709808
-2.0,11,6.711469
-1.0,11,6.713094
-3.0,11,6.714628
-4.0,11,6.715862
-3.0,11,6.717707
-1.0,11,6.719421
-4.0,11,6.720933
-4.0,11,6.722084
-4.0,11,6.723678
-4.0,11,6.725436
-3.0,11,6.727085
-4.0,11,6.728275
-2.0,11,6.729824
-1.0,11,6.731409
-3.0,11,6.73299
-3.0,11,6.734379
-3.0,11,6.736017
-3.0,11,6.737621
-3.0,11,6.739254
-4.0,11,6.740499
-2.0,11,6.742269
-3.0,11,6.743879
-3.0,11,6.745351
-1.0,11,6.746485
-3.0,11,6.748062
-3.0,11,6.749705
-2.0,11,6.75138
-2.0,11,6.752642
-3.0,11,6.754187
-3.0,11,6.755737
-3.0,11,6.75753
-2.0,11,6.758851
-4.0,11,6.760595
-5.0,11,6.762136
-3.0,11,6.763684
-4.0,11,6.764797
-4.0,11,6.766439
-3.0,11,6.768106
-3.0,11,6.769732
-1.0,11,6.770919
-2.0,11,6.772508
-4.0,11,6.774247
-3.0,11,6.775983
-2.0,11,6.777256
-3.0,11,6.778745
-2.0,11,6.780308
-2.0,11,6.781851
-3.0,11,6.783135
-4.0,11,6.784777
-5.0,11,6.786353
-2.0,11,6.787868
-3.0,11,6.789
-3.0,11,6.790632
-4.0,11,6.792429
-2.0,11,6.794102
-3.0,11,6.795336
-1.0,11,6.796925
-4.0,11,6.798466
-3.0,11,6.800199
-3.0,11,6.801311
-2.0,11,6.802935
-3.0,11,6.804546
-3.0,11,6.806028
-1.0,11,6.807412
-2.0,11,6.809139
-2.0,11,6.810787
-2.0,11,6.812284
-3.0,11,6.813384
-2.0,11,6.814976
-4.0,11,6.816614
-3.0,11,6.818238
-4.0,11,6.819393
-3.0,11,6.821151
-1.0,11,6.822745
-5.0,11,6.824401
-2.0,11,6.825749
-3.0,11,6.827381
-4.0,11,6.828952
-2.0,11,6.830486
-2.0,11,6.831642
-4.0,11,6.833296
-3.0,11,6.834879
-4.0,11,6.836498
-1.0,11,6.837679
-2.0,11,6.839264
-1.0,11,6.840868
-2.0,11,6.842695
-2.0,11,6.843941
-4.0,11,6.845497
-3.0,11,6.847073
-3.0,11,6.848695
-3.0,11,6.849911
-2.0,11,6.851575
-5.0,11,6.85311
-5.0,11,6.854621
-2.0,11,6.855742
-4.0,11,6.857595
-3.0,11,6.859211
-4.0,11,6.860908
-3.0,11,6.862069
-3.0,11,6.863675
-3.0,11,6.86528
-3.0,11,6.866874
-4.0,11,6.868151
-3.0,11,6.869788
-2.0,11,6.871269
-2.0,11,6.872922
-3.0,11,6.874165
-2.0,11,6.87583
-4.0,11,6.877369
-3.0,11,6.878898
-2.0,11,6.880134
-2.0,11,6.881835
-2.0,11,6.883601
-4.0,11,6.885159
-2.0,11,6.886283
-2.0,11,6.887818
-2.0,11,6.889433
-3.0,11,6.891107
-3.0,11,6.892275
-3.0,11,6.8938
-3.0,11,6.895333
-3.0,11,6.896911
-3.0,11,6.898012
-2.0,11,6.899623
-4.0,11,6.901243
-4.0,11,6.902763
-2.0,11,6.903884
-4.0,11,6.905502
-2.0,11,6.907277
-2.0,11,6.908958
-5.0,11,6.910056
-3.0,11,6.911579
-3.0,11,6.91313
-4.0,11,6.914652
-2.0,11,6.916001
-4.0,11,6.917609
-2.0,11,6.919211
-3.0,11,6.920777
-2.0,11,6.921871
-4.0,11,6.923399
-2.0,11,6.925144
-1.0,11,6.926763
-2.0,11,6.92806
-5.0,11,6.929622
-4.0,11,6.931152
-4.0,11,6.93285
-2.0,11,6.934122
-4.0,11,6.9357
-3.0,11,6.937278
-4.0,11,6.938857
-2.0,11,6.940104
-2.0,11,6.942002
-3.0,11,6.943667
-4.0,11,6.945214
-2.0,11,6.946303
-3.0,11,6.947824
-2.0,11,6.949508
-4.0,11,6.951241
-3.0,11,6.952467
-3.0,11,6.954081
-3.0,11,6.95566
-4.0,11,6.957319
-4.0,11,6.958566
-3.0,11,6.960169
-2.0,11,6.961746
-3.0,11,6.963414
-5.0,11,6.964594
-2.0,11,6.966354
-3.0,11,6.968222
-3.0,11,6.969845
-3.0,11,6.971039
-3.0,11,6.972714
-3.0,11,6.974343
-2.0,11,6.976151
-2.0,11,6.977488
-1.0,11,6.979138
-4.0,11,6.980769
-2.0,11,6.982423
-3.0,11,6.98376
-4.0,11,6.985316
-1.0,11,6.986918
-3.0,11,6.988498
-4.0,11,6.98971
-3.0,11,6.991286
-2.0,11,6.99299
-2.0,11,6.99457
-3.0,11,6.995717
-2.0,11,6.997288
-1.0,11,6.998933
-4.0,11,7.000538
-3.0,11,7.001785
-3.0,11,7.003317
-4.0,11,7.004902
-4.0,11,7.006522
-3.0,11,7.007892
-3.0,11,7.009692
-4.0,11,7.011215
-2.0,11,7.012874
-4.0,11,7.014169
-2.0,11,7.015888
-3.0,11,7.01756
-4.0,11,7.019186
-3.0,11,7.020315
-3.0,11,7.021973
-3.0,11,7.023807
-5.0,11,7.025443
-2.0,11,7.026699
-3.0,11,7.028301
-2.0,11,7.029897
-2.0,11,7.031528
-3.0,11,7.032793
-4.0,11,7.034402
-2.0,11,7.036029
-4.0,11,7.037583
-2.0,11,7.038903
-3.0,11,7.040566
-3.0,11,7.042251
-2.0,11,7.043907
-3.0,11,7.04519
-2.0,11,7.046835
-4.0,11,7.048363
-3.0,11,7.049941
-3.0,11,7.051032
-3.0,11,7.052521
-3.0,11,7.054057
-2.0,11,7.05568
-2.0,11,7.057058
-2.0,11,7.058693
-2.0,11,7.060335
-3.0,11,7.061853
-3.0,11,7.06305
-3.0,11,7.064582
-3.0,11,7.066183
-3.0,11,7.06768
-2.0,11,7.068802
-4.0,11,7.070361
-4.0,11,7.071911
-2.0,11,7.073449
-5.0,11,7.074585
-1.0,11,7.076113
-3.0,11,7.077584
-4.0,11,7.079102
-3.0,11,7.0803
-3.0,11,7.081961
-1.0,11,7.083594
-1.0,11,7.085167
-4.0,11,7.086294
-4.0,11,7.087877
-4.0,11,7.089455
-3.0,11,7.091045
-4.0,11,7.09228
-3.0,11,7.093898
-2.0,11,7.095398
-4.0,11,7.096891
-2.0,11,7.098163
-2.0,11,7.099805
-3.0,11,7.101335
-4.0,11,7.102979
-4.0,11,7.104065
-4.0,11,7.105657
-2.0,11,7.107214
-3.0,11,7.108931
-3.0,11,7.110046
-3.0,11,7.111621
-2.0,11,7.113173
-3.0,11,7.114865
-3.0,11,7.116124
-4.0,11,7.117707
-2.0,11,7.119284
-4.0,11,7.12074
-3.0,11,7.121894
-1.0,11,7.1235
-4.0,11,7.125079
-2.0,11,7.126682
-3.0,11,7.127815
-3.0,11,7.129277
-3.0,11,7.130836
-3.0,11,7.132354
-2.0,11,7.133531
-3.0,11,7.135113
-2.0,11,7.136711
-2.0,11,7.138217
-4.0,11,7.139318
-2.0,11,7.14097
-2.0,11,7.142584
-3.0,11,7.144093
-3.0,11,7.145155
-2.0,11,7.146721
-3.0,11,7.148254
-2.0,11,7.149947
-4.0,11,7.15121
-3.0,11,7.152764
-4.0,11,7.154275
-3.0,11,7.155773
-4.0,11,7.15692
-2.0,11,7.158614
-3.0,11,7.16019
-4.0,11,7.161829
0.0,11,7.162959
-3.0,11,7.164663
-2.0,11,7.166452
-3.0,11,7.168171
-3.0,11,7.169263
-3.0,11,7.170874
-4.0,11,7.172494
-2.0,11,7.174228
-3.0,11,7.175471
-2.0,11,7.177071
-3.0,11,7.178617
-2.0,11,7.180192
-2.0,11,7.181454
-1.0,11,7.183171
-3.0,11,7.184658
-4.0,11,7.186222
-3.0,11,7.187333
-2.0,11,7.188896
-2.0,11,7.190483
-3.0,11,7.192003
-5.0,11,7.19311
-2.0,11,7.194607
-3.0,11,7.19612
-4.0,11,7.197723
-3.0,11,7.198818
-2.0,11,7.200297
-2.0,11,7.201835
-4.0,11,7.203386
-3.0,11,7.204493
-5.0,11,7.205966
-3.0,11,7.207523
-2.0,11,7.209072
-2.0,11,7.210216
-2.0,11,7.211752
-2.0,11,7.213312
-2.0,11,7.215042
-4.0,11,7.216258
-1.0,11,7.217906
-3.0,11,7.219498
-3.0,11,7.221013
-2.0,11,7.222293
-4.0,11,7.223892
-3.0,11,7.225457
-2.0,11,7.226998
-3.0,11,7.228124
-2.0,11,7.229637
-2.0,11,7.231274
-2.0,11,7.232805
-3.0,11,7.23396
-4.0,11,7.235565
-1.0,11,7.237215
-3.0,11,7.238797
-2.0,11,7.240039
-3.0,11,7.241689
-3.0,11,7.243366
-4.0,11,7.24489
-3.0,11,7.246052
-3.0,11,7.247658
-4.0,11,7.24922
-2.0,11,7.250769
-2.0,11,7.251944
-1.0,11,7.253519
-3.0,11,7.25505
-4.0,11,7.256587
-2.0,11,7.257811
-5.0,11,7.259338
-3.0,11,7.260852
-2.0,11,7.262408
-2.0,11,7.263553
-3.0,11,7.265242
-2.0,11,7.266816
-3.0,11,7.268457
-2.0,11,7.269662
-2.0,11,7.271301
-2.0,11,7.272893
-3.0,11,7.274373
-3.0,11,7.275513
-2.0,11,7.277018
-2.0,11,7.27857
-4.0,11,7.28008
-4.0,11,7.281227
-3.0,11,7.282763
-5.0,11,7.284298
-1.0,11,7.285888
-3.0,11,7.287003
-2.0,11,7.288575
-2.0,11,7.290147
-2.0,11,7.291661
-4.0,11,7.292826
-3.0,11,7.294338
-3.0,11,7.295797
-3.0,11,7.297307
-2.0,11,7.298408
-3.0,11,7.300073
-4.0,11,7.301721
-3.0,11,7.303195
-3.0,11,7.304451
-3.0,11,7.306116
-5.0,11,7.307647
-3.0,11,7.30934
-2.0,11,7.310519
-1.0,11,7.312176
-2.0,11,7.313734
-3.0,11,7.315297
-3.0,11,7.316387
-2.0,11,7.318028
-3.0,11,7.319742
-4.0,11,7.321327
-3.0,11,7.32262
-3.0,11,7.324214
-4.0,11,7.325883
-3.0,11,7.327467
-2.0,11,7.3288
-3.0,11,7.33037
-3.0,11,7.331875
-3.0,11,7.333493
-1.0,11,7.334674
-2.0,11,7.336316
-2.0,11,7.337848
-3.0,11,7.339493
-3.0,11,7.340632
-3.0,11,7.342142
-2.0,11,7.343705
-6.0,11,7.345228
-3.0,11,7.346545
-2.0,11,7.348159
-3.0,11,7.349689
-4.0,11,7.351238
-3.0,11,7.352495
-4.0,11,7.354024
-5.0,11,7.355513
-1.0,11,7.356964
-3.0,11,7.358161
-3.0,11,7.359658
-3.0,11,7.361383
-2.0,11,7.362996
-2.0,11,7.364194
-2.0,11,7.365806
-3.0,11,7.367303
-4.0,11,7.368832
-4.0,11,7.370111
-2.0,11,7.371684
-2.0,11,7.373235
-2.0,11,7.374752
-3.0,11,7.375861
-3.0,11,7.377472
-3.0,11,7.379032
-3.0,11,7.380598
-2.0,11,7.381895
-2.0,11,7.383458
-2.0,11,7.384958
-4.0,11,7.386571
-5.0,11,7.38774
0.0,11,7.389434
-5.0,11,7.390963
-3.0,11,7.392478
-4.0,11,7.393634
-2.0,11,7.395369
-2.0,11,7.396989
-3.0,11,7.39851
-4.0,11,7.399622
-4.0,11,7.401233
-4.0,11,7.402729
-4.0,11,7.40421
-1.0,11,7.40541
-3.0,11,7.40689
-2.0,11,7.408401
-4.0,11,7.409948
-2.0,11,7.411075
-1.0,11,7.412686
-4.0,11,7.414176
-2.0,11,7.415689
-2.0,11,7.416917
-3.0,11,7.418533
-3.0,11,7.420196
-2.0,11,7.421847
-3.0,11,7.423024
-5.0,11,7.424594
-1.0,11,7.426188
-4.0,11,7.427702
-2.0,11,7.428835
-3.0,11,7.43038
-2.0,11,7.431987
-3.0,11,7.433528
-3.0,11,7.434826
-2.0,11,7.436468
-3.0,11,7.438052
-5.0,11,7.439765
-2.0,11,7.440978
-3.0,11,7.442511
-3.0,11,7.444064
-1.0,11,7.445703
-1.0,11,7.446973
-4.0,11,7.448535
-4.0,11,7.450089
-2.0,11,7.451586
-3.0,11,7.45268
-5.0,11,7.454329
-4.0,11,7.455882
-2.0,11,7.457528
-2.0,11,7.458595
-2.0,11,7.460332
-3.0,11,7.462117
-2.0,11,7.463828
-3.0,11,7.464997
-5.0,11,7.466479
-2.0,11,7.468097
-2.0,11,7.469781
-3.0,11,7.471005
-4.0,11,7.472557
-2.0,11,7.474071
-2.0,11,7.475646
-4.0,11,7.476779
-2.0,11,7.478362
-3.0,11,7.47994
-2.0,11,7.481514
-3.0,11,7.482687
-5.0,11,7.48422
-4.0,11,7.485803
-3.0,11,7.48735
-3.0,11,7.488547
-3.0,11,7.490103
-3.0,11,7.491671
-3.0,11,7.493135
-4.0,11,7.494318
-3.0,11,7.495893
-3.0,11,7.497403
-3.0,11,7.498965
-2.0,11,7.500089
-3.0,11,7.501632
-3.0,11,7.503165
-4.0,11,7.504703
-3.0,11,7.505902
-3.0,11,7.50751
-3.0,11,7.509063
-4.0,11,7.510637
-1.0,11,7.511885
-3.0,11,7.513422
-4.0,11,7.51498
-4.0,11,7.516567
-2.0,11,7.517641
-3.0,11,7.519132
-1.0,11,7.520748
-4.0,11,7.522322
-3.0,11,7.523548
-3.0,11,7.525115
-3.0,11,7.526621
-4.0,11,7.528179
-2.0,11,7.529323
-3.0,11,7.530811
-3.0,11,7.532391
-5.0,11,7.533883
-5.0,11,7.534983
-5.0,11,7.536542
-4.0,11,7.538109
-3.0,11,7.539731
-2.0,11,7.540901
-3.0,11,7.54249
-2.0,11,7.544025
-4.0,11,7.545796
-4.0,11,7.546986
-5.0,11,7.548579
-4.0,11,7.550172
-3.0,11,7.55176
-1.0,11,7.553001
-2.0,11,7.554607
-2.0,11,7.556193
-2.0,11,7.557765
-5.0,11,7.558841
-4.0,11,7.56036
-4.0,11,7.56194
-2.0,11,7.563522
-3.0,11,7.564756
-4.0,11,7.566386
-3.0,11,7.567988
-3.0,11,7.569564
-2.0,11,7.570718
-1.0,11,7.572507
-3.0,11,7.574072
-2.0,11,7.57573
-3.0,11,7.576895
-4.0,11,7.578447
-3.0,11,7.579997
-3.0,11,7.581607
-4.0,11,7.582825
-2.0,11,7.58429
-3.0,11,7.585933
-3.0,11,7.587516
-4.0,11,7.588636
-4.0,11,7.590174
-2.0,11,7.591725
-2.0,11,7.593241
-5.0,11,7.594398
-3.0,11,7.596014
-4.0,11,7.597621
-3.0,11,7.599203
-1.0,11,7.600522
-4.0,11,7.602242
-2.0,11,7.603891
-4.0,11,7.605481
-2.0,11,7.606626
-3.0,11,7.608127
-2.0,11,7.609721
-2.0,11,7.611301
-4.0,11,7.612544
-4.0,11,7.614207
-3.0,11,7.615787
-4.0,11,7.617278
-1.0,11,7.618521
-3.0,11,7.620221
-5.0,11,7.621727
-5.0,11,7.623253
-4.0,11,7.624449
-4.0,11,7.626011
-3.0,11,7.627555
-2.0,11,7.629123
-2.0,11,7.630418
-3.0,11,7.632011
-2.0,11,7.633522
-4.0,11,7.635031
-3.0,11,7.636201
-3.0,11,7.637759
-2.0,11,7.639424
-4.0,11,7.640941
-4.0,11,7.642064
-2.0,11,7.643542
-3.0,11,7.645103
-2.0,11,7.646701
-3.0,11,7.647855
-4.0,11,7.649362
-4.0,11,7.650851
-2.0,11,7.652496
-2.0,11,7.653619
-1.0,11,7.655237
-2.0,11,7.6569
-2.0,11,7.658457
-2.0,11,7.659627
-4.0,11,7.661154
-2.0,11,7.662726
-2.0,11,7.664469
-3.0,11,7.665654
-2.0,11,7.667267
-2.0,11,7.669018
-2.0,11,7.670579
-3.0,11,7.671689
-5.0,11,7.67339
-2.0,11,7.675028
-2.0,11,7.676531
-2.0,11,7.677726
-2.0,11,7.679289
-4.0,11,7.680801
-3.0,11,7.682352
-2.0,11,7.683506
-4.0,11,7.68503
-3.0,11,7.686587
-2.0,11,7.688145
-4.0,11,7.689415
0.0,11,7.690979
-2.0,11,7.692548
-4.0,11,7.694052
-5.0,11,7.695165
-2.0,11,7.696686
-4.0,11,7.698392
-3.0,11,7.700006
-2.0,11,7.701224
-3.0,11,7.70283
-2.0,11,7.704407
-3.0,11,7.706017
-2.0,11,7.707151
-3.0,11,7.708664
-2.0,11,7.710142
-2.0,11,7.711781
-2.0,11,7.712944
-3.0,11,7.714625
-3.0,11,7.716284
-2.0,11,7.717875
-4.0,11,7.718974
-2.0,11,7.720438
-2.0,11,7.722032
0.0,11,7.723628
-1.0,11,7.724832
-2.0,11,7.726329
-4.0,11,7.72783
-2.0,11,7.729515
-3.0,11,7.730673
-3.0,11,7.732239
-3.0,11,7.733775
-2.0,11,7.735334
-1.0,11,7.736552
-4.0,11,7.738015
-1.0,11,7.739672
-3.0,11,7.741287
-5.0,11,7.742413
-3.0,11,7.744145
-4.0,11,7.745613
-3.0,11,7.74716
-4.0,11,7.748322
-3.0,11,7.749967
-3.0,11,7.751538
-2.0,11,7.753168
-4.0,11,7.754219
-3.0,11,7.755942
-2.0,11,7.757696
-4.0,11,7.75928
-2.0,11,7.760481
-3.0,11,7.762017
-2.0,11,7.763671
-4.0,11,7.76531
-3.0,11,7.766402
-2.0,11,7.768009
-1.0,11,7.769593
-3.0,11,7.771122
-3.0,11,7.772347
-5.0,11,7.773915
-3.0,11,7.775579
-2.0,11,7.777077
-5.0,11,7.778175
-4.0,11,7.779745
-3.0,11,7.78138
-2.0,11,7.783085
-1.0,11,7.784224
-3.0,11,7.78575
-1.0,11,7.787388
-5.0,11,7.788932
-2.0,11,7.790111
-1.0,11,7.791788
-4.0,11,7.793489
-1.0,11,7.795106
-2.0,11,7.796225
-2.0,11,7.797878
-2.0,11,7.799432
-3.0,11,7.800914
-1.0,11,7.802073
-3.0,11,7.803581
-4.0,11,7.805134
-3.0,11,7.806905
-3.0,11,7.808053
-3.0,11,7.809731
-3.0,11,7.811391
-2.0,11,7.812919
-2.0,11,7.81412
-3.0,11,7.81578
-2.0,11,7.817346
-2.0,11,7.819021
-2.0,11,7.82018
-2.0,11,7.821709
-3.0,11,7.823364
-4.0,11,7.824849
-4.0,11,7.825974
-1.0,11,7.827448
-3.0,11,7.829043
-2.0,11,7.830685
-3.0,11,7.83183
-3.0,11,7.8334
-2.0,11,7.835057
-5.0,11,7.836605
-2.0,11,7.837766
-3.0,11,7.839385
-1.0,11,7.841072
-2.0,11,7.842601
-4.0,11,7.843769
-5.0,11,7.845264
-3.0,11,7.846756
-1.0,11,7.848454
-1.0,11,7.849658
-4.0,11,7.851136
-2.0,11,7.852703
-3.0,11,7.854237
-2.0,11,7.855472
-2.0,11,7.857032
-3.0,11,7.858563
-4.0,11,7.86017
-2.0,11,7.861325
-3.0,11,7.862942
-3.0,11,7.864566
-2.0,11,7.866277
-2.0,11,7.867477
-3.0,11,7.868987
-3.0,11,7.87063
-3.0,11,7.872117
-3.0,11,7.87323
-2.0,11,7.874851
-3.0,11,7.876416
-3.0,11,7.877929
-2.0,11,7.879189
-4.0,11,7.880758
-4.0,11,7.882242
-2.0,11,7.883818
-3.0,11,7.885026
-2.0,11,7.886675
-4.0,11,7.888195
-2.0,11,7.889904
-5.0,11,7.891006
-2.0,11,7.892555
-3.0,11,7.89413
-1.0,11,7.895773
-2.0,11,7.897047
-4.0,11,7.898821
-3.0,11,7.90041
-3.0,11,7.901963
-1.0,11,7.903137
-4.0,11,7.904833
-4.0,11,7.906401
-3.0,11,7.908015
-4.0,11,7.90914
-4.0,11,7.910704
-2.0,11,7.912231
-3.0,11,7.913818
-3.0,11,7.915131
-2.0,11,7.91677
-1.0,11,7.918431
-2.0,11,7.919977
-5.0,11,7.921138
-2.0,11,7.922724
-1.0,11,7.924422
-3.0,11,7.925994
0.0,11,7.927095
-1.0,11,7.928646
-3.0,11,7.930242
-3.0,11,7.931796
-3.0,11,7.932967
-2.0,11,7.934435
-4.0,11,7.93595
-2.0,11,7.9376
-2.0,11,7.938967
-4.0,11,7.940459
-2.0,11,7.942033
-4.0,11,7.943632
-2.0,11,7.944751
-2.0,11,7.94634
-4.0,11,7.947909
-3.0,11,7.949514
-3.0,11,7.950712
-3.0,11,7.952284
-3.0,11,7.95383
-2.0,11,7.955403
-2.0,11,7.956624
-3.0,11,7.958198
-2.0,11,7.959755
-3.0,11,7.961295
-2.0,11,7.962479
-3.0,11,7.964078
-3.0,11,7.965693
-3.0,11,7.967245
-1.0,11,7.96849
-3.0,11,7.970121
-1.0,11,7.971827
-3.0,11,7.973442
-4.0,11,7.974509
-3.0,11,7.976118
-3.0,11,7.977632
-3.0,11,7.979166
-3.0,11,7.980327
-3.0,11,7.981987
-4.0,11,7.983503
-2.0,11,7.985092
-2.0,11,7.986294
-3.0,11,7.987901
-4.0,11,7.989529
-3.0,11,7.991132
-3.0,11,7.992301
-1.0,11,7.9938
-3.0,11,7.995434
-2.0,11,7.997019
-3.0,11,7.998151
-3.0,11,7.999743
-3.0,11,8.001251
-3.0,11,8.002796
-4.0,11,8.004015
-4.0,11,8.005517
-3.0,11,8.007051
-4.0,11,8.008639
-4.0,11,8.009752
-4.0,11,8.01123
-2.0,11,8.012875
-2.0,11,8.01451
-3.0,11,8.01563
-4.0,11,8.01719
-3.0,11,8.018732
0.0,11,8.020334
-2.0,11,8.021599
-1.0,11,8.023164
-2.0,11,8.024752
-3.0,11,8.026423
-4.0,11,8.027631
-3.0,11,8.029179
-3.0,11,8.030784
-3.0,11,8.032342
-3.0,11,8.033524
-3.0,11,8.035044
-1.0,11,8.036748
-3.0,11,8.038412
-3.0,11,8.039568
-3.0,11,8.041121
-3.0,11,8.042606
-4.0,11,8.044196
-4.0,11,8.045344
-5.0,11,8.04703
-3.0,11,8.048715
-3.0,11,8.050422
-3.0,11,8.051626
-2.0,11,8.053303
-1.0,11,8.054908
-3.0,11,8.056532
-3.0,11,8.057649
-3.0,11,8.059186
-3.0,11,8.060763
-3.0,11,8.062281
-3.0,11,8.063639
-2.0,11,8.065301
-5.0,11,8.066868
-2.0,11,8.068435
-5.0,11,8.069606
-2.0,11,8.07118
-4.0,11,8.072784
-3.0,11,8.074426
-2.0,11,8.075524
-3.0,11,8.077104
-4.0,11,8.078597
-2.0,11,8.080129
-3.0,11,8.081381
-5.0,11,8.082894
-2.0,11,8.084416
-1.0,11,8.086089
-4.0,11,8.087302
-2.0,11,8.088809
-3.0,11,8.090354
-2.0,11,8.091864
-2.0,11,8.092984
-2.0,11,8.094502
-2.0,11,8.096144
-1.0,11,8.097777
-5.0,11,8.098856
-2.0,11,8.100506
-2.0,11,8.101979
-2.0,11,8.103506
-2.0,11,8.104792
-2.0,11,8.106451
-2.0,11,8.108018
-2.0,11,8.109576
-3.0,11,8.110682
-3.0,11,8.112249
-2.0,11,8.113903
-2.0,11,8.115564
-2.0,11,8.116848
-5.0,11,8.118363
-4.0,11,8.11982
-3.0,11,8.121356
-2.0,11,8.122602
-3.0,11,8.124175
-1.0,11,8.125833
-5.0,11,8.127336
-1.0,11,8.128577
-4.0,11,8.130146
-3.0,11,8.131793
-3.0,11,8.133404
-2.0,11,8.134617
-2.0,11,8.136306
-2.0,11,8.137835
-2.0,11,8.139541
-2.0,11,8.140666
-3.0,11,8.142238
-3.0,11,8.143709
-3.0,11,8.145364
-3.0,11,8.146511
-4.0,11,8.148101
-3.0,11,8.149664
-2.0,11,8.151165
-2.0,11,8.152332
-6.0,11,8.153851
-4.0,11,8.155428
-3.0,11,8.157043
-4.0,11,8.158217
-3.0,11,8.159859
-3.0,11,8.161329
-2.0,11,8.16298
-1.0,11,8.164297
-3.0,11,8.165858
-1.0,11,8.167474
-3.0,11,8.168977
0.0,11,8.17017
-2.0,11,8.171846
-4.0,11,8.173518
-2.0,11,8.175044
-4.0,11,8.176242
-3.0,11,8.177792
-3.0,11,8.179268
-1.0,11,8.18098
-2.0,11,8.18218
-4.0,11,8.183763
-3.0,11,8.185363
-2.0,11,8.186918
-2.0,11,8.18816
-2.0,11,8.189783
-2.0,11,8.191326
-2.0,11,8.193014
-2.0,11,8.194224
-1.0,11,8.195876
-3.0,11,8.197512
-1.0,11,8.199129
-4.0,11,8.200317
-2.0,11,8.20198
-2.0,11,8.203639
-3.0,11,8.205249
-3.0,11,8.206525
-2.0,11,8.208244
-2.0,11,8.209735
-4.0,11,8.211306
-3.0,11,8.212565
-3.0,11,8.214326
-4.0,11,8.216033
-4.0,11,8.21776
-4.0,11,8.218933
-3.0,11,8.220477
-2.0,11,8.222039
-3.0,11,8.223607
-4.0,11,8.224863
-2.0,11,8.226473
-4.0,11,8.228072
-2.0,11,8.229769
-4.0,11,8.231043
-4.0,11,8.232634
-3.0,11,8.234221
-3.0,11,8.235839
-4.0,11,8.236987
-3.0,11,8.23858
-3.0,11,8.240091
-2.0,11,8.241692
-3.0,11,8.242845
-4.0,11,8.244427
-1.0,11,8.245999
-2.0,11,8.247585
-3.0,11,8.248819
-3.0,11,8.25038
-3.0,11,8.252043
-4.0,11,8.253556
-1.0,11,8.254622
-3.0,11,8.256187
-3.0,11,8.257774
-3.0,11,8.25934
-4.0,11,8.260456
-4.0,11,8.262033
-3.0,11,8.263596
-5.0,11,8.265142
-2.0,11,8.26626
-2.0,11,8.267822
-3.0,11,8.269456
-5.0,11,8.270966
-3.0,11,8.272092
-4.0,11,8.273692
-2.0,11,8.275329
-2.0,11,8.276824
-2.0,11,8.277925
-2.0,11,8.27946
-3.0,11,8.281016
-4.0,11,8.282513
-4.0,11,8.283678
-4.0,11,8.285191
-4.0,11,8.286732
-2.0,11,8.288237
-5.0,11,8.28938
-2.0,11,8.291055
-4.0,11,8.292568
-3.0,11,8.294213
-2.0,11,8.295284
-2.0,11,8.296972
-4.0,11,8.298567
-4.0,11,8.300087
-1.0,11,8.301461
-4.0,11,8.303053
-3.0,11,8.304518
-2.0,11,8.306129
-3.0,11,8.307351
-2.0,11,8.308957
-3.0,11,8.310474
-2.0,11,8.311985
-4.0,11,8.313095
-5.0,11,8.314606
-4.0,11,8.31612
-2.0,11,8.317642
-3.0,11,8.318757
-2.0,11,8.320423
-1.0,11,8.321969
-1.0,11,8.323505
-2.0,11,8.324686
-5.0,11,8.326207
-3.0,11,8.327719
-3.0,11,8.32919
-3.0,11,8.330341
-1.0,11,8.331872
-3.0,11,8.33334
-2.0,11,8.334783
-2.0,11,8.336029
-3.0,11,8.337572
-4.0,11,8.339179
-3.0,11,8.340857
-2.0,11,8.342182
-3.0,11,8.343824
-3.0,11,8.345417
-2.0,11,8.346886
-5.0,11,8.347967
-2.0,11,8.34957
-3.0,11,8.351158
-2.0,11,8.352622
-3.0,11,8.353848
-3.0,11,8.355466
-3.0,11,8.357162
-4.0,11,8.358732
-3.0,11,8.360097
-1.0,11,8.361731
-2.0,11,8.363401
-2.0,11,8.365067
-3.0,11,8.366265
-2.0,11,8.367836
-4.0,11,8.369331
-4.0,11,8.370809
-3.0,11,8.371997
-3.0,11,8.373602
-2.0,11,8.375191
-2.0,11,8.376761
-3.0,11,8.378013
-3.0,11,8.379705
-2.0,11,8.381327
-4.0,11,8.38284
-2.0,11,8.383976
-2.0,11,8.385472
-2.0,11,8.387079
-4.0,11,8.388642
-4.0,11,8.38975
-3.0,11,8.39134
-2.0,11,8.392901
-4.0,11,8.394461
-4.0,11,8.395657
-3.0,11,8.397201
-3.0,11,8.398807
-3.0,11,8.400382
-3.0,11,8.401494
-1.0,11,8.403082
-3.0,11,8.404628
-5.0,11,8.406138
-3.0,11,8.407296
-4.0,11,8.408938
-4.0,11,8.410475
-3.0,11,8.41207
-3.0,11,8.413279
-4.0,11,8.414804
-3.0,11,8.416307
-3.0,11,8.417803
-3.0,11,8.419005
-3.0,11,8.42063
-2.0,11,8.422151
-4.0,11,8.423706
-3.0,11,8.424908
-2.0,11,8.426589
-5.0,11,8.428127
-1.0,11,8.429668
-3.0,11,8.430957
-3.0,11,8.432466
-3.0,11,8.434025
-2.0,11,8.435523
-1.0,11,8.436677
-3.0,11,8.438227
-2.0,11,8.439812
-4.0,11,8.441416
-5.0,11,8.44259
-2.0,11,8.444131
-4.0,11,8.445603
-2.0,11,8.447126
-3.0,11,8.448185
-3.0,11,8.449757
-3.0,11,8.451302
-3.0,11,8.452869
-4.0,11,8.454068
-2.0,11,8.455667
-6.0,11,8.457166
-1.0,11,8.458701
-2.0,11,8.459902
-4.0,11,8.461425
-4.0,11,8.462939
-3.0,11,8.46451
-3.0,11,8.465673
-4.0,11,8.46713
-3.0,11,8.468638
-3.0,11,8.470237
-3.0,11,8.471342
-3.0,11,8.472947
-4.0,11,8.474631
-2.0,11,8.476238
-3.0,11,8.477307
-3.0,11,8.478884
-3.0,11,8.480437
-2.0,11,8.481988
-4.0,11,8.483138
-3.0,11,8.484685
-3.0,11,8.486217
-3.0,11,8.487733
-2.0,11,8.488937
-3.0,11,8.490561
-3.0,11,8.492147
-3.0,11,8.49375
-3.0,11,8.495041
-3.0,11,8.496641
-4.0,11,8.49818
-4.0,11,8.499738
-2.0,11,8.500979
-3.0,11,8.502637
-3.0,11,8.50434
-4.0,11,8.505964
-3.0,11,8.507344
-3.0,11,8.508908
-3.0,11,8.51049
-4.0,11,8.512111
-3.0,11,8.513291
-2.0,11,8.514774
-2.0,11,8.516371
-2.0,11,8.517928
-2.0,11,8.519058
-3.0,11,8.520774
-5.0,11,8.522293
-3.0,11,8.523907
-3.0,11,8.525111
-2.0,11,8.52662
-2.0,11,8.528222
-4.0,11,8.529782
-2.0,11,8.530855
-4.0,11,8.532362
-3.0,11,8.533907
-3.0,11,8.535445
-3.0,11,8.536769
-3.0,11,8.538386
-2.0,11,8.540021
-2.0,11,8.541608
-3.0,11,8.542734
-3.0,11,8.544233
-6.0,11,8.545774
-4.0,11,8.547384
-3.0,11,8.548535
-2.0,11,8.550312
-2.0,11,8.551801
-3.0,11,8.553462
-4.0,11,8.554536
-3.0,11,8.556033
-4.0,11,8.557534
-5.0,11,8.559089
-3.0,11,8.560284
-2.0,11,8.561831
-2.0,11,8.56341
-4.0,11,8.564941
-2.0,11,8.566206
-2.0,11,8.567826
-1.0,11,8.569369
-3.0,11,8.570889
-3.0,11,8.572091
-3.0,11,8.573919
-1.0,11,8.575505
-3.0,11,8.577071
-2.0,11,8.578235
-2.0,11,8.579862
-4.0,11,8.581426
-5.0,11,8.583002
-3.0,11,8.584163
-3.0,11,8.585779
-2.0,11,8.587295
-4.0,11,8.588899
-1.0,11,8.590119
-3.0,11,8.591667
-3.0,11,8.593256
-2.0,11,8.594805
-4.0,11,8.596066
-4.0,11,8.597734
-4.0,11,8.599302
-3.0,11,8.600912
-5.0,11,8.602072
-4.0,11,8.603634
-2.0,11,8.605273
-2.0,11,8.606925
-2.0,11,8.608004
-3.0,11,8.609466
-4.0,11,8.61103
-4.0,11,8.612632
-2.0,11,8.613887
-3.0,11,8.615425
-3.0,11,8.617024
-4.0,11,8.618611
-2.0,11,8.619817
-1.0,11,8.621367
-3.0,11,8.623028
-3.0,11,8.624556
-2.0,11,8.625794
-2.0,11,8.627364
-2.0,11,8.628874
-3.0,11,8.630411
-2.0,11,8.631573
-2.0,11,8.633128
-3.0,11,8.634681
-3.0,11,8.636313
-3.0,11,8.637459
-4.0,11,8.639092
-2.0,11,8.640614
-4.0,11,8.642159
-2.0,11,8.643277
-4.0,11,8.645229
-1.0,11,8.646974
-4.0,11,8.64873
-3.0,11,8.649953
-2.0,11,8.651596
-5.0,11,8.653096
-2.0,11,8.654832
-3.0,11,8.656012
-4.0,11,8.657549
-4.0,11,8.659087
-3.0,11,8.660637
-2.0,11,8.661903
-3.0,11,8.663551
-3.0,11,8.665167
-5.0,11,8.666718
-4.0,11,8.667817
-2.0,11,8.669428
-4.0,11,8.670964
-4.0,11,8.672469
-1.0,11,8.673709
-2.0,11,8.675268
-4.0,11,8.676794
-2.0,11,8.678341
-1.0,11,8.679492
-3.0,11,8.681099
-5.0,11,8.682607
-3.0,11,8.684189
-3.0,11,8.685351
-6.0,11,8.686904
-2.0,11,8.688419
-3.0,11,8.689863
-3.0,11,8.691026
-3.0,11,8.692674
-2.0,11,8.694275
-1.0,11,8.695954
-3.0,11,8.697071
-3.0,11,8.698528
-3.0,11,8.700072
-3.0,11,8.701613
-3.0,11,8.702733
-2.0,11,8.704291
-3.0,11,8.705757
-4.0,11,8.70733
-4.0,11,8.708446
-3.0,11,8.709999
0.0,11,8.711592
-2.0,11,8.713141
-3.0,11,8.714418
-4.0,11,8.715922
-3.0,11,8.717448
-2.0,11,8.719078
-2.0,11,8.720208
-1.0,11,8.721766
-2.0,11,8.723293
-3.0,11,8.724945
-3.0,11,8.726017
-2.0,11,8.72753
-3.0,11,8.729056
-3.0,11,8.730655
-4.0,11,8.731764
-2.0,11,8.73343
-4.0,11,8.734938
-3.0,11,8.736485
-5.0,11,8.737597
-1.0,11,8.73924
-3.0,11,8.740772
-4.0,11,8.742303
-2.0,11,8.743466
-1.0,11,8.744982
-2.0,11,8.746526
-2.0,11,8.748055
-4.0,11,8.749286
-3.0,11,8.750797
-3.0,11,8.752315
-3.0,11,8.753814
-1.0,11,8.755014
-3.0,11,8.756579
-3.0,11,8.758151
-2.0,11,8.759654
-3.0,11,8.760818
-3.0,11,8.762331
-3.0,11,8.763939
-3.0,11,8.765779
-3.0,11,8.766958
-4.0,11,8.768527
-4.0,11,8.770023
-3.0,11,8.77153
-3.0,11,8.772676
-3.0,11,8.77425
-3.0,11,8.775749
-2.0,11,8.777331
-2.0,11,8.778494
-4.0,11,8.780092
-1.0,11,8.78171
-4.0,11,8.783344
-4.0,11,8.784651
-2.0,11,8.786602
-2.0,11,8.788404
-4.0,11,8.790069
-3.0,11,8.791258
-2.0,11,8.793265
-3.0,11,8.795151
-2.0,11,8.796984
-3.0,11,8.79856
-2.0,11,8.800494
-3.0,11,8.80234
-2.0,11,8.804106
-2.0,11,8.805584
-1.0,11,8.807481
-2.0,11,8.80911
-3.0,11,8.810821
-4.0,11,8.812056
-3.0,11,8.813719
-2.0,11,8.815588
-4.0,11,8.817271
-3.0,11,8.818522
-3.0,11,8.820269
-3.0,11,8.821977
-4.0,11,8.823601
-4.0,11,8.824896
-2.0,11,8.826524
-2.0,11,8.828161
-4.0,11,8.829669
-4.0,11,8.83101
-4.0,11,8.832619
-3.0,11,8.834288
-4.0,11,8.835756
-2.0,11,8.83692
-2.0,11,8.838569
-2.0,11,8.8403
-4.0,11,8.841844
-3.0,11,8.842977
-2.0,11,8.844561
-4.0,11,8.846083
-4.0,11,8.847591
-1.0,11,8.84886
-4.0,11,8.85039
-4.0,11,8.851912
-3.0,11,8.853423
-2.0,11,8.854624
-3.0,11,8.856222
-1.0,11,8.85783
-2.0,11,8.859397
-4.0,11,8.860554
-3.0,11,8.862089
-3.0,11,8.863595
-3.0,11,8.865202
-4.0,11,8.866445
-1.0,11,8.868114
-2.0,11,8.869727
-1.0,11,8.871444
-1.0,11,8.872555
-2.0,11,8.874212
-2.0,11,8.875962
-2.0,11,8.877651
-3.0,11,8.878904
-4.0,11,8.880417
-3.0,11,8.881979
-4.0,11,8.88367
-4.0,11,8.884821
-1.0,11,8.886477
-5.0,11,8.888104
-3.0,11,8.889744
-2.0,11,8.890975
-3.0,11,8.892495
-1.0,11,8.894161
-1.0,11,8.895725
-1.0,11,8.897165
-1.0,11,8.8989
-1.0,11,8.900532
-5.0,11,8.902023
-2.0,11,8.903325
-2.0,11,8.904998
-3.0,11,8.906545
-1.0,11,8.908235
-2.0,11,8.909377
-3.0,11,8.911157
-2.0,11,8.912906
-4.0,11,8.914541
-3.0,11,8.915727
-3.0,11,8.917333
-1.0,11,8.919052
-2.0,11,8.920737
-3.0,11,8.921995
-2.0,11,8.92358
-1.0,11,8.925191
-5.0,11,8.92671
-4.0,11,8.927935
-4.0,11,8.929506
-4.0,11,8.931069
-2.0,11,8.932629
-3.0,11,8.93375
-3.0,11,8.935382
-3.0,11,8.93696
-4.0,11,8.938521
-3.0,11,8.93965
-1.0,11,8.941491
-6.0,11,8.943053
-1.0,11,8.944792
-3.0,11,8.946089
-3.0,11,8.947705
-3.0,11,8.949316
-3.0,11,8.95091
-3.0,11,8.952217
-3.0,11,8.954016
-1.0,11,8.955867
-2.0,11,8.957471
-2.0,11,8.958681
-3.0,11,8.96018
-4.0,11,8.961823
-4.0,11,8.963436
-3.0,11,8.964517
-2.0,11,8.96613
-4.0,11,8.967807
-3.0,11,8.96942
-4.0,11,8.970549
-3.0,11,8.972203
-1.0,11,8.973874
-1.0,11,8.975638
-1.0,11,8.976996
-3.0,11,8.978601
-3.0,11,8.980246
-4.0,11,8.981972
-3.0,11,8.983333
-1.0,11,8.985034
-2.0,11,8.986621
-2.0,11,8.98817
-3.0,11,8.989351
-3.0,11,8.991168
-2.0,11,8.992771
-4.0,11,8.994275
-4.0,11,8.995409
-4.0,11,8.997027
-4.0,11,8.998605
-4.0,11,9.000279
-1.0,11,9.001521
-3.0,11,9.003102
-4.0,11,9.004689
-3.0,11,9.006213
-2.0,11,9.007294
-5.0,11,9.008868
-1.0,11,9.010578
-1.0,11,9.012107
-3.0,11,9.013387
-1.0,11,9.015005
-1.0,11,9.016717
-3.0,11,9.018298
-2.0,11,9.019484
-2.0,11,9.021157
-3.0,11,9.022694
-4.0,11,9.024477
-3.0,11,9.025688
-3.0,11,9.027319
-3.0,11,9.028873
-2.0,11,9.030522
-4.0,11,9.031695
-3.0,11,9.033411
-3.0,11,9.03504
-3.0,11,9.036687
-3.0,11,9.037988
-2.0,11,9.039589
-2.0,11,9.041239
-3.0,11,9.042894
-3.0,11,9.044026
-3.0,11,9.045638
-4.0,11,9.047456
-3.0,11,9.049067
-3.0,11,9.050229
-3.0,11,9.051797
-2.0,11,9.05344
-2.0,11,9.055174
-3.0,11,9.056357
-2.0,11,9.057935
-3.0,11,9.059531
-3.0,11,9.061149
-5.0,11,9.062323
-2.0,11,9.063952
-3.0,11,9.065497
-2.0,11,9.067056
-1.0,11,9.068131
-5.0,11,9.069646
-4.0,11,9.071173
-4.0,11,9.072765
-3.0,11,9.073931
-3.0,11,9.07554
-2.0,11,9.077115
-2.0,11,9.078704
-3.0,11,9.079826
-2.0,11,9.081515
-1.0,11,9.083192
-1.0,11,9.084793
-4.0,11,9.085921
-3.0,11,9.087487
-3.0,11,9.08907
-3.0,11,9.090525
-1.0,11,9.091733
-5.0,11,9.093448
-2.0,11,9.09501
-2.0,11,9.096565
-2.0,11,9.097706
-3.0,11,9.099285
-1.0,11,9.101064
-5.0,11,9.102634
-3.0,11,9.103782
-3.0,11,9.105435
-5.0,11,9.107008
-3.0,11,9.10854
-2.0,11,9.10987
-2.0,11,9.111516
-4.0,11,9.113097
-2.0,11,9.114721
-3.0,11,9.115887
-3.0,11,9.117348
-3.0,11,9.118919
-4.0,11,9.120375
-2.0,11,9.121563
-2.0,11,9.123175
-4.0,11,9.124747
-2.0,11,9.126393
-4.0,11,9.127501
-3.0,11,9.129082
-3.0,11,9.130551
-2.0,11,9.131998
-1.0,11,9.133273
-1.0,11,9.134846
-4.0,11,9.136359
-1.0,11,9.137923
-4.0,11,9.138991
-2.0,11,9.140496
-3.0,11,9.142116
-2.0,11,9.143681
-4.0,11,9.144793
-3.0,11,9.146364
0.0,11,9.147933
-4.0,11,9.149414
-3.0,11,9.150613
-3.0,11,9.152197
-3.0,11,9.153792
-4.0,11,9.155353
-2.0,11,9.156554
-3.0,11,9.158186
-3.0,11,9.15979
-5.0,11,9.161263
-4.0,11,9.162431
-2.0,11,9.164056
-3.0,11,9.165624
-1.0,11,9.16725
-4.0,11,9.168326
-3.0,11,9.169957
-3.0,11,9.17162
-4.0,11,9.173156
-4.0,11,9.174308
-2.0,11,9.175908
-3.0,11,9.17748
-2.0,11,9.179147
-3.0,11,9.180376
-3.0,11,9.182059
-1.0,11,9.18373
-3.0,11,9.185268
-2.0,11,9.186507
-3.0,11,9.188065
-1.0,11,9.189681
-3.0,11,9.191253
-2.0,11,9.19241
-1.0,11,9.193939
-4.0,11,9.195472
-3.0,11,9.197251
-3.0,11,9.198424
-3.0,11,9.200001
-3.0,11,9.201821
-3.0,11,9.203445
-2.0,11,9.204704
-3.0,11,9.206272
-2.0,11,9.208041
-2.0,11,9.209816
-5.0,11,9.21095
-2.0,11,9.21263
-3.0,11,9.214244
-2.0,11,9.21576
-3.0,11,9.217055
-6.0,11,9.218587
-3.0,11,9.22017
-3.0,11,9.221687
-2.0,11,9.222967
-3.0,11,9.224563
-2.0,11,9.226204
-3.0,11,9.227762
-3.0,11,9.228971
-4.0,11,9.230613
-3.0,11,9.232272
-3.0,11,9.23392
-2.0,11,9.235085
-2.0,11,9.236673
-4.0,11,9.23827
-2.0,11,9.239922
-3.0,11,9.241099
-1.0,11,9.242813
-4.0,11,9.244363
-3.0,11,9.245929
-4.0,11,9.247076
-2.0,11,9.248885
-2.0,11,9.250634
-2.0,11,9.252315
-3.0,11,9.253655
-3.0,11,9.255404
-1.0,11,9.257446
-3.0,11,9.259317
-3.0,11,9.260723
-6.0,11,9.262465
-2.0,11,9.264131
-3.0,11,9.265833
-3.0,11,9.26714
-1.0,11,9.268867
-3.0,11,9.270688
-4.0,11,9.272331
-4.0,11,9.273708
-2.0,11,9.275393
-3.0,11,9.277079
-3.0,11,9.278715
-3.0,11,9.279994
-3.0,11,9.281866
-2.0,11,9.283595
-2.0,11,9.285439
-1.0,11,9.286848
-1.0,11,9.288676
-4.0,11,9.290328
-4.0,11,9.291978
-4.0,11,9.293125
-4.0,11,9.2947
-2.0,11,9.296232
-3.0,11,9.29779
-3.0,11,9.299037
-1.0,11,9.300666
-2.0,11,9.302338
-3.0,11,9.303881
-2.0,11,9.305134
-3.0,11,9.306773
-2.0,11,9.30848
-4.0,11,9.31006
-2.0,11,9.311134
-2.0,11,9.312882
-4.0,11,9.314412
-3.0,11,9.315939
-2.0,11,9.31719
-2.0,11,9.318702
-3.0,11,9.320412
-2.0,11,9.321997
-2.0,11,9.323247
-2.0,11,9.324871
-4.0,11,9.326429
-1.0,11,9.328168
-2.0,11,9.329328
-1.0,11,9.330926
-3.0,11,9.332476
-3.0,11,9.334079
-4.0,11,9.335198
-3.0,11,9.336899
-3.0,11,9.338479
-3.0,11,9.340057
-2.0,11,9.341232
-3.0,11,9.342837
-2.0,11,9.344484
-1.0,11,9.346153
-2.0,11,9.347322
-2.0,11,9.348826
-2.0,11,9.350368
-2.0,11,9.352041
-1.0,11,9.353241
-2.0,11,9.354859
-1.0,11,9.356415
-4.0,11,9.357954
-2.0,11,9.35915
-5.0,11,9.360738
-2.0,11,9.362277
-3.0,11,9.363822
-3.0,11,9.364977
-4.0,11,9.366456
-2.0,11,9.368003
-3.0,11,9.369566
-2.0,11,9.370724
-1.0,11,9.372353
-3.0,11,9.373979
-3.0,11,9.375543
-4.0,11,9.376619
-3.0,11,9.378171
-1.0,11,9.37982
-4.0,11,9.38142
-3.0,11,9.38249
-3.0,11,9.38407
-1.0,11,9.385742
-3.0,11,9.387266
-3.0,11,9.38838
-4.0,11,9.390044
-2.0,11,9.391662
-4.0,11,9.393281
-5.0,11,9.39439
-2.0,11,9.396089
-3.0,11,9.397756
-1.0,11,9.399474
-2.0,11,9.40072
-4.0,11,9.402333
-2.0,11,9.404083
-3.0,11,9.405636
-3.0,11,9.406886
-4.0,11,9.408499
-4.0,11,9.41012
-2.0,11,9.411715
-3.0,11,9.412888
-3.0,11,9.414528
-1.0,11,9.416277
-3.0,11,9.417925
-2.0,11,9.419151
-2.0,11,9.420759
-2.0,11,9.42233
-3.0,11,9.42393
-2.0,11,9.425181
-2.0,11,9.426738
-3.0,11,9.428267
-3.0,11,9.429858
-2.0,11,9.431027
-3.0,11,9.432634
-4.0,11,9.434223
-4.0,11,9.435781
-1.0,11,9.436956
-2.0,11,9.438554
-3.0,11,9.440131
-2.0,11,9.441598
0.0,11,9.442992
-3.0,11,9.444597
-1.0,11,9.446221
-3.0,11,9.447822
-2.0,11,9.448936
-2.0,11,9.450537
-3.0,11,9.45214
-3.0,11,9.453727
-3.0,11,9.454845
-3.0,11,9.456516
-3.0,11,9.458077
-2.0,11,9.459601
-3.0,11,9.460743
-2.0,11,9.462299
-4.0,11,9.463808
-1.0,11,9.465329
-4.0,11,9.466495
-3.0,11,9.468044
-4.0,11,9.469612
-5.0,11,9.471124
-3.0,11,9.472248
-3.0,11,9.473806
-2.0,11,9.475407
0.0,11,9.47705
-3.0,11,9.478303
-3.0,11,9.479857
-3.0,11,9.481329
-3.0,11,9.482968
-4.0,11,9.484171
-3.0,11,9.485771
-2.0,11,9.487454
-1.0,11,9.48908
-2.0,11,9.490348
-4.0,11,9.491893
-1.0,11,9.493579
-2.0,11,9.495203
-3.0,11,9.496364
-2.0,11,9.497875
-3.0,11,9.499377
-1.0,11,9.501057
-5.0,11,9.50219
-3.0,11,9.503751
-1.0,11,9.505304
-2.0,11,9.506832
-4.0,11,9.507948
-3.0,11,9.509497
-3.0,11,9.511061
-1.0,11,9.512672
-1.0,11,9.513919
-3.0,11,9.515593
-3.0,11,9.517233
-3.0,11,9.518744
-4.0,11,9.519859
-4.0,11,9.521358
-3.0,11,9.522947
-4.0,11,9.52449
-3.0,11,9.525566
-4.0,11,9.527122
-1.0,11,9.528715
-2.0,11,9.530319
-3.0,11,9.531543
-3.0,11,9.533149
-3.0,11,9.534772
-4.0,11,9.536231
-3.0,11,9.537525
-2.0,11,9.539204
-2.0,11,9.540946
-3.0,11,9.542482
-5.0,11,9.543688
-4.0,11,9.545325
-2.0,11,9.546942
-3.0,11,9.548586
-4.0,11,9.54982
-2.0,11,9.551536
-4.0,11,9.553255
-3.0,11,9.554896
-1.0,11,9.556057
-4.0,11,9.557689
-2.0,11,9.5593
-2.0,11,9.560936
-3.0,11,9.562118
-2.0,11,9.563708
-2.0,11,9.565248
-3.0,11,9.566763
-1.0,11,9.567945
-3.0,11,9.569566
-1.0,11,9.571137
-2.0,11,9.572707
-2.0,11,9.573785
-3.0,11,9.575297
-1.0,11,9.577005
-4.0,11,9.578574
-4.0,11,9.579731
-3.0,11,9.58129
-2.0,11,9.582851
-3.0,11,9.584457
-4.0,11,9.585638
-4.0,11,9.587281
-3.0,11,9.588751
-3.0,11,9.590303
-3.0,11,9.591482
-3.0,11,9.593076
-2.0,11,9.594688
-3.0,11,9.596211
-3.0,11,9.597324
-1.0,11,9.598934
-4.0,11,9.600437
-4.0,11,9.601914
-3.0,11,9.603031
-2.0,11,9.604538
-1.0,11,9.606236
-1.0,11,9.607805
-2.0,11,9.609094
-2.0,11,9.610804
-2.0,11,9.612477
-1.0,11,9.614091
-1.0,11,9.615304
-3.0,11,9.616897
-3.0,11,9.618544
-1.0,11,9.620134
-1.0,11,9.621261
-4.0,11,9.622788
-3.0,11,9.624294
-3.0,11,9.625837
-2.0,11,9.627034
0.0,11,9.628668
-4.0,11,9.630226
-3.0,11,9.631788
-1.0,11,9.632964
-4.0,11,9.634536
-4.0,11,9.636183
-2.0,11,9.637741
-2.0,11,9.638941
-3.0,11,9.640579
-4.0,11,9.642181
-3.0,11,9.643702
-2.0,11,9.644951
-3.0,11,9.646638
-3.0,11,9.648288
-2.0,11,9.649844
-4.0,11,9.650969
-2.0,11,9.652531
-1.0,11,9.654128
-2.0,11,9.655776
-3.0,11,9.656898
-5.0,11,9.658414
-3.0,11,9.65997
-4.0,11,9.661546
-3.0,11,9.662719
-3.0,11,9.664305
-4.0,11,9.665898
-1.0,11,9.667486
-3.0,11,9.668604
-2.0,11,9.670157
-2.0,11,9.671671
-4.0,11,9.67312
-3.0,11,9.67423
-1.0,11,9.675866
-5.0,11,9.677345
-3.0,11,9.678818
-4.0,11,9.679977
-4.0,11,9.681603
-4.0,11,9.683132
-2.0,11,9.684712
-3.0,11,9.685874
-3.0,11,9.687485
-1.0,11,9.689082
-4.0,11,9.690695
-1.0,11,9.6919
-5.0,11,9.693592
-2.0,11,9.695217
-4.0,11,9.696735
-1.0,11,9.6979
-3.0,11,9.699451
-4.0,11,9.70108
-3.0,11,9.702826
-3.0,11,9.70394
-2.0,11,9.70548
-4.0,11,9.706988
-4.0,11,9.708524
-2.0,11,9.709729
-4.0,11,9.711278
-3.0,11,9.712756
-3.0,11,9.714318
-4.0,11,9.715535
-3.0,11,9.717172
-2.0,11,9.718855
-1.0,11,9.720542
-2.0,11,9.721747
-1.0,11,9.723266
-4.0,11,9.724887
-2.0,11,9.72646
-1.0,11,9.727654
-3.0,11,9.729207
-1.0,11,9.73071
-4.0,11,9.732295
-5.0,11,9.733411
-2.0,11,9.734975
-5.0,11,9.736569
-3.0,11,9.738083
-3.0,11,9.739335
-2.0,11,9.741012
-2.0,11,9.742577
-1.0,11,9.744125
-2.0,11,9.745353
-3.0,11,9.746912
-3.0,11,9.748478
-2.0,11,9.750122
-2.0,11,9.751222
-2.0,11,9.752912
-3.0,11,9.754476
-4.0,11,9.756044
-2.0,11,9.757167
-2.0,11,9.758685
-1.0,11,9.760374
-2.0,11,9.761927
-1.0,11,9.763045
-4.0,11,9.764585
-2.0,11,9.766107
-2.0,11,9.767665
-2.0,11,9.768743
-3.0,11,9.770443
-3.0,11,9.772048
-2.0,11,9.773562
-2.0,11,9.774735
-3.0,11,9.776371
0.0,11,9.778037
-4.0,11,9.779546
-2.0,11,9.780762
-4.0,11,9.782311
-3.0,11,9.783995
-2.0,11,9.785608
-2.0,11,9.786763
-4.0,11,9.78835
-3.0,11,9.789901
-2.0,11,9.791562
-4.0,11,9.792691
-2.0,11,9.79429
-1.0,11,9.795931
-2.0,11,9.797519
-4.0,11,9.798648
-3.0,11,9.800328
-4.0,11,9.801962
-2.0,11,9.803756
-2.0,11,9.804936
-3.0,11,9.806561
-2.0,11,9.808284
-5.0,11,9.809922
-3.0,11,9.811207
-2.0,11,9.812778
-5.0,11,9.81436
-3.0,11,9.816006
-2.0,11,9.817281
-3.0,11,9.818989
-1.0,11,9.820726
-3.0,11,9.822341
-3.0,11,9.823652
-4.0,11,9.825157
-3.0,11,9.826749
-3.0,11,9.82826
-4.0,11,9.829448
-1.0,11,9.831117
-2.0,11,9.832766
-3.0,11,9.834447
-3.0,11,9.83564
-4.0,11,9.837189
-2.0,11,9.838768
-3.0,11,9.840303
-5.0,11,9.841445
-1.0,11,9.843054
-1.0,11,9.844771
-2.0,11,9.846448
-2.0,11,9.84761
-3.0,11,9.849317
-4.0,11,9.851043
-2.0,11,9.85264
-4.0,11,9.853718
-2.0,11,9.855426
-4.0,11,9.857043
-3.0,11,9.858562
-4.0,11,9.85964
-2.0,11,9.861262
-3.0,11,9.862798
-2.0,11,9.86432
-2.0,11,9.865529
-2.0,11,9.867063
-2.0,11,9.868609
-3.0,11,9.87011
-2.0,11,9.871353
-1.0,11,9.872954
-6.0,11,9.874509
-3.0,11,9.876103
-2.0,11,9.877314
-3.0,11,9.878874
-3.0,11,9.880472
-2.0,11,9.882048
-1.0,11,9.8833
-2.0,11,9.884865
-4.0,11,9.886386
-3.0,11,9.887899
-2.0,11,9.889079
-2.0,11,9.890634
-3.0,11,9.892116
-2.0,11,9.893793
-3.0,11,9.895056
-4.0,11,9.896674
-3.0,11,9.898262
-3.0,11,9.899775
-2.0,11,9.9011
-3.0,11,9.902702
-2.0,11,9.904294
-2.0,11,9.905797
-3.0,11,9.90701
-2.0,11,9.908495
-3.0,11,9.910054
-3.0,11,9.911551
-4.0,11,9.912698
-3.0,11,9.914332
0.0,11,9.91594
-4.0,11,9.917471
-1.0,11,9.918753
-2.0,11,9.920369
-4.0,11,9.921977
-2.0,11,9.923653
-3.0,11,9.924885
-2.0,11,9.926443
-3.0,11,9.928065
-2.0,11,9.929728
-3.0,11,9.930992
-1.0,11,9.93255
-1.0,11,9.934113
-1.0,11,9.935757
-2.0,11,9.936927
-1.0,11,9.938492
-1.0,11,9.940057
-2.0,11,9.941655
-2.0,11,9.942875
-4.0,11,9.944402
-1.0,11,9.946091
-2.0,11,9.947591
-3.0,11,9.948847
-2.0,11,9.950394
-2.0,11,9.952052
-4.0,11,9.953556
-3.0,11,9.954784
-2.0,11,9.956378
-3.0,11,9.95797
-4.0,11,9.959469
-4.0,11,9.960635
-1.0,11,9.962139
-4.0,11,9.963701
-2.0,11,9.965338
-3.0,11,9.96645
-4.0,11,9.968075
-2.0,11,9.969553
-3.0,11,9.971246
-3.0,11,9.972328
-1.0,11,9.974099
-3.0,11,9.975736
-2.0,11,9.977328
-3.0,11,9.978496
-2.0,11,9.980003
-2.0,11,9.98158
-3.0,11,9.983251
-3.0,11,9.984358
-2.0,11,9.985958
-1.0,11,9.987563
-5.0,11,9.989122
-2.0,11,9.990237
-2.0,11,9.992007
-3.0,11,9.993679
-2.0,11,9.99527
-2.0,11,9.996379
-4.0,11,9.998048
-4.0,11,9.999771
-1.0,11,10.001488
-2.0,11,10.002709
-3.0,11,10.004271
-2.0,11,10.00596
-3.0,11,10.007574
-4.0,11,10.008863
-3.0,11,10.010462
-2.0,11,10.012235
-4.0,11,10.013887
-3.0,11,10.014954
-3.0,11,10.01643
-2.0,11,10.018028
-2.0,11,10.019642
-1.0,11,10.020889
-1.0,11,10.022449
-2.0,11,10.024002
-3.0,11,10.025637
-2.0,11,10.026777
-4.0,11,10.028379
-2.0,11,10.029974
-5.0,11,10.031487
-2.0,11,10.032587
-2.0,11,10.034264
-2.0,11,10.035848
-4.0,11,10.037485
-4.0,11,10.03865
-4.0,11,10.040378
-3.0,11,10.042177
-2.0,11,10.043906
-2.0,11,10.045119
-3.0,11,10.046681
-3.0,11,10.048385
-4.0,11,10.049926
-1.0,11,10.051175
-2.0,11,10.05278
-1.0,11,10.054473
-2.0,11,10.056198
-3.0,11,10.057368
-1.0,11,10.058904
-3.0,11,10.060562
-3.0,11,10.062021
-3.0,11,10.063135
-2.0,11,10.064723
-2.0,11,10.066326
-3.0,11,10.067829
-3.0,11,10.069008
-3.0,11,10.070557
-4.0,11,10.072106
-4.0,11,10.073653
-3.0,11,10.074851
-3.0,11,10.076411
-2.0,11,10.078077
-4.0,11,10.079644
-3.0,11,10.080744
-3.0,11,10.082249
-2.0,11,10.083726
-2.0,11,10.085371
-4.0,11,10.086474
-2.0,11,10.08799
-3.0,11,10.089617
-1.0,11,10.091196
-3.0,11,10.092308
-5.0,11,10.093837
-4.0,11,10.095311
-4.0,11,10.096809
-2.0,11,10.097907
-2.0,11,10.099529
-4.0,11,10.10109
-2.0,11,10.102619
-2.0,11,10.103803
-3.0,11,10.105334
-3.0,11,10.10688
-2.0,11,10.108475
-4.0,11,10.109776
-2.0,11,10.111451
-3.0,11,10.113066
-2.0,11,10.114694
-5.0,11,10.11576
-4.0,11,10.117309
-3.0,11,10.118839
-3.0,11,10.12043
-4.0,11,10.121494
-3.0,11,10.123108
-2.0,11,10.124675
-5.0,11,10.12623
-2.0,11,10.12762
-2.0,11,10.129178
-3.0,11,10.130891
-2.0,11,10.132538
-2.0,11,10.13378
-4.0,11,10.135293
-3.0,11,10.136787
-1.0,11,10.138366
-2.0,11,10.139521
-2.0,11,10.14135
-2.0,11,10.143008
-4.0,11,10.144652
-3.0,11,10.145895
-2.0,11,10.147618
-1.0,11,10.149322
-2.0,11,10.150926
-5.0,11,10.152067
0.0,11,10.153816
-5.0,11,10.155554
-4.0,11,10.157164
-3.0,11,10.158362
-2.0,11,10.159974
-3.0,11,10.161593
-2.0,11,10.163259
-3.0,11,10.164497
-3.0,11,10.166048
-3.0,11,10.167605
-5.0,11,10.169093
-4.0,11,10.170173
-3.0,11,10.171684
-4.0,11,10.173166
0.0,11,10.174854
-3.0,11,10.176007
-4.0,11,10.177581
-3.0,11,10.179129
-3.0,11,10.180676
-3.0,11,10.181812
-1.0,11,10.183491
-3.0,11,10.185045
-4.0,11,10.186569
-1.0,11,10.187803
-4.0,11,10.189415
-2.0,11,10.190958
-3.0,11,10.192517
-3.0,11,10.193605
-2.0,11,10.19528
-3.0,11,10.196964
-2.0,11,10.198721
-2.0,11,10.200041
-2.0,11,10.201643
-2.0,11,10.203251
-2.0,11,10.204934
-2.0,11,10.206091
-3.0,11,10.207697
-1.0,11,10.209331
-2.0,11,10.210971
-6.0,11,10.212056
-2.0,11,10.213652
-2.0,11,10.215202
-2.0,11,10.216871
-4.0,11,10.218077
-2.0,11,10.219651
-3.0,11,10.221301
-5.0,11,10.222828
-3.0,11,10.223944
-2.0,11,10.225442
-3.0,11,10.227032
-4.0,11,10.228589
-1.0,11,10.229792
-3.0,11,10.231371
-4.0,11,10.232965
-4.0,11,10.234484
-3.0,11,10.242343
-1.0,11,10.243959
-3.0,11,10.245611
-4.0,11,10.249564
-5.0,11,10.25165
-4.0,11,10.255741
-3.0,11,10.257274
-4.0,11,10.25878
-1.0,11,10.259952
-3.0,11,10.26151
-3.0,11,10.263118
-2.0,11,10.264712
-2.0,11,10.265775
-3.0,11,10.267327
0.0,11,10.269054
-3.0,11,10.270619
-3.0,11,10.271781
-3.0,11,10.273289
-3.0,11,10.27488
-3.0,11,10.276414
-4.0,11,10.27753
-1.0,11,10.279162
-5.0,11,10.280666
-2.0,11,10.282184
-2.0,11,10.283444
-3.0,11,10.284946
-3.0,11,10.286438
-3.0,11,10.288019
-3.0,11,10.289131
-1.0,11,10.290684
-2.0,11,10.292262
-4.0,11,10.293779
-3.0,11,10.294934
-2.0,11,10.296583
-1.0,11,10.298174
-3.0,11,10.299783
-4.0,11,10.300912
-3.0,11,10.30249
-3.0,11,10.304002
-3.0,11,10.305502
-2.0,11,10.306617
-2.0,11,10.308265
-3.0,11,10.310136
-4.0,11,10.311754
-3.0,11,10.312998
-5.0,11,10.314631
-4.0,11,10.316281
-4.0,11,10.317749
-4.0,11,10.318903
-4.0,11,10.320507
-2.0,11,10.322161
-4.0,11,10.323732
-2.0,11,10.324855
-2.0,11,10.326488
-1.0,11,10.328009
-1.0,11,10.329573
-2.0,11,10.330783
-3.0,11,10.332416
-1.0,11,10.334013
-3.0,11,10.33557
-3.0,11,10.336743
-3.0,11,10.338346
-3.0,11,10.339947
-4.0,11,10.341432
-2.0,11,10.342516
-3.0,11,10.344035
-3.0,11,10.34562
-2.0,11,10.347303
-2.0,11,10.348589
-4.0,11,10.350054
-1.0,11,10.351813
-2.0,11,10.353432
-5.0,11,10.35455
-2.0,11,10.356159
-2.0,11,10.357714
-2.0,11,10.359262
-2.0,11,10.360438
-2.0,11,10.362103
-2.0,11,10.363691
-3.0,11,10.365313
-4.0,11,10.366508
-2.0,11,10.368062
-4.0,11,10.369627
-5.0,11,10.371125
-3.0,11,10.37234
-2.0,11,10.37399
-1.0,11,10.375638
-2.0,11,10.377177
-1.0,11,10.378513
-2.0,11,10.380216
-2.0,11,10.381747
-3.0,11,10.383211
-4.0,11,10.384318
-3.0,11,10.385896
-3.0,11,10.387435
-3.0,11,10.389028
-4.0,11,10.390206
-3.0,11,10.391785
-2.0,11,10.393335
-3.0,11,10.394854
-3.0,11,10.396253
-3.0,11,10.397806
-2.0,11,10.399404
-2.0,11,10.400912
-1.0,11,10.402113
-3.0,11,10.403835
-2.0,11,10.405443
-2.0,11,10.407162
-2.0,11,10.4084
-2.0,11,10.409957
-2.0,11,10.41144
-1.0,11,10.413162
-3.0,11,10.414227
-3.0,11,10.415787
-2.0,11,10.417433
-2.0,11,10.418939
-2.0,11,10.420163
-3.0,11,10.421728
-1.0,11,10.423347
-3.0,11,10.424837
-2.0,11,10.426105
-3.0,11,10.427583
-3.0,11,10.429198
-3.0,11,10.430698
-4.0,11,10.431893
-3.0,11,10.433457
-5.0,11,10.43497
-3.0,11,10.436505
-3.0,11,10.43764
-1.0,11,10.439281
-2.0,11,10.440946
-3.0,11,10.442492
-4.0,11,10.443562
-4.0,11,10.445175
-2.0,11,10.446815
-3.0,11,10.448344
-3.0,11,10.449547
-3.0,11,10.451251
-4.0,11,10.452804
-3.0,11,10.454268
-2.0,11,10.455438
-4.0,11,10.457079
-4.0,11,10.458832
-3.0,11,10.460385
-6.0,11,10.461538
-2.0,11,10.463184
-2.0,11,10.464861
-3.0,11,10.466473
-3.0,11,10.467751
-3.0,11,10.469352
-2.0,11,10.470958
-4.0,11,10.472516
-5.0,11,10.473677
-3.0,11,10.475341
-3.0,11,10.476989
-3.0,11,10.478537
-2.0,11,10.47975
-3.0,11,10.481351
-3.0,11,10.482928
-3.0,11,10.484564
-3.0,11,10.48578
-2.0,11,10.487384
-3.0,11,10.488902
-1.0,11,10.490458
-3.0,11,10.491513
-1.0,11,10.493048
-3.0,11,10.494641
-4.0,11,10.496176
-1.0,11,10.497432
-1.0,11,10.498893
-2.0,11,10.500439
-3.0,11,10.502017
-1.0,11,10.50324
-2.0,11,10.504837
-1.0,11,10.506494
-2.0,11,10.508107
-3.0,11,10.509266
-1.0,11,10.510834
-3.0,11,10.512404
-3.0,11,10.51395
-3.0,11,10.515064
-3.0,11,10.516631
-3.0,11,10.518293
-2.0,11,10.51991
-1.0,11,10.521069
-2.0,11,10.522675
-4.0,11,10.524318
-2.0,11,10.525914
-2.0,11,10.527138
-1.0,11,10.528692
-1.0,11,10.53025
-2.0,11,10.531825
-5.0,11,10.532978
-2.0,11,10.534628
-3.0,11,10.536162
-2.0,11,10.537765
-1.0,11,10.539078
-3.0,11,10.540739
-4.0,11,10.542373
-2.0,11,10.544063
-3.0,11,10.545306
-3.0,11,10.546871
-2.0,11,10.548558
-4.0,11,10.550174
-3.0,11,10.551336
-3.0,11,10.552995
-3.0,11,10.554529
-3.0,11,10.556091
-2.0,11,10.557257
-2.0,11,10.558777
-1.0,11,10.560346
-3.0,11,10.561958
-2.0,11,10.563171
-2.0,11,10.564851
-3.0,11,10.566462
-1.0,11,10.568111
-2.0,11,10.569407
-3.0,11,10.571075
-2.0,11,10.572673
-3.0,11,10.574338
-2.0,11,10.575588
-3.0,11,10.577159
-4.0,11,10.578776
-3.0,11,10.580368
-2.0,11,10.58159
-4.0,11,10.583114
-2.0,11,10.584797
-2.0,11,10.586414
-2.0,11,10.587562
-2.0,11,10.589162
-2.0,11,10.590695
-2.0,11,10.592239
-2.0,11,10.593357
-1.0,11,10.594957
-3.0,11,10.596552
-2.0,11,10.598049
-4.0,11,10.599112
-2.0,11,10.600773
-2.0,11,10.602485
-5.0,11,10.604085
-2.0,11,10.605544
-2.0,11,10.607415
-2.0,11,10.609081
-3.0,11,10.610696
-5.0,11,10.611961
-1.0,11,10.613618
-3.0,11,10.615226
-2.0,11,10.616891
-3.0,11,10.618141
-3.0,11,10.619731
-3.0,11,10.621297
-2.0,11,10.622858
-2.0,11,10.624059
-1.0,11,10.625768
-2.0,11,10.627314
-2.0,11,10.628925
-1.0,11,10.630086
-3.0,11,10.631746
-2.0,11,10.633473
-1.0,11,10.635129
-2.0,11,10.636297
-1.0,11,10.637895
-4.0,11,10.639493
-4.0,11,10.641038
-2.0,11,10.642156
-2.0,11,10.643753
-2.0,11,10.645393
-2.0,11,10.646926
-4.0,11,10.647994
-3.0,11,10.6496
-3.0,11,10.651133
-1.0,11,10.652714
-3.0,11,10.653998
-3.0,11,10.65558
-3.0,11,10.657193
-3.0,11,10.658809
-2.0,11,10.660055
-1.0,11,10.661617
-1.0,11,10.663336
-3.0,11,10.664935
-2.0,11,10.666093
-2.0,11,10.667648
-3.0,11,10.669323
-3.0,11,10.67086
-2.0,11,10.672028
-1.0,11,10.673582
-2.0,11,10.675259
-3.0,11,10.676806
-3.0,11,10.677936
-2.0,11,10.679578
-2.0,11,10.681221
-4.0,11,10.682811
-4.0,11,10.683993
-2.0,11,10.685686
-3.0,11,10.687245
-2.0,11,10.688927
-2.0,11,10.690099
-2.0,11,10.691659
-2.0,11,10.693223
-3.0,11,10.694804
-4.0,11,10.695876
-3.0,11,10.697471
-4.0,11,10.699028
-2.0,11,10.700565
-1.0,11,10.701663
-2.0,11,10.703195
-2.0,11,10.704706
-3.0,11,10.706207
-2.0,11,10.707468
-3.0,11,10.709019
-2.0,11,10.710572
-1.0,11,10.712147
-4.0,11,10.713216
-3.0,11,10.71472
-2.0,11,10.716279
-3.0,11,10.717964
-4.0,11,10.719187
-3.0,11,10.7207
-4.0,11,10.722257
-1.0,11,10.723812
-1.0,11,10.725006
-1.0,11,10.726692
-1.0,11,10.728305
-3.0,11,10.729828
-2.0,11,10.731033
0.0,11,10.73265
-2.0,11,10.734159
-2.0,11,10.735768
-5.0,11,10.736983
-2.0,11,10.738535
-2.0,11,10.740084
-2.0,11,10.741736
-3.0,11,10.742887
-2.0,11,10.744438
-2.0,11,10.746034
-1.0,11,10.747592
-2.0,11,10.74887
-4.0,11,10.750586
-1.0,11,10.752231
-3.0,11,10.753818
-2.0,11,10.755073
-4.0,11,10.756628
-3.0,11,10.758357
-3.0,11,10.760079
-1.0,11,10.761264
-2.0,11,10.76288
-4.0,11,10.764439
-1.0,11,10.766027
-2.0,11,10.767187
-4.0,11,10.768729
-3.0,11,10.770242
0.0,11,10.771903
-3.0,11,10.77303
-3.0,11,10.774517
-3.0,11,10.77613
-2.0,11,10.777732
-2.0,11,10.778964
-3.0,11,10.78053
-2.0,11,10.782136
-1.0,11,10.78371
-4.0,11,10.78478
-3.0,11,10.786334
-3.0,11,10.787958
-3.0,11,10.789617
-3.0,11,10.790886
-3.0,11,10.792377
-2.0,11,10.793953
-2.0,11,10.795451
-5.0,11,10.796562
-4.0,11,10.798087
-3.0,11,10.799605
-3.0,11,10.801133
-2.0,11,10.802481
-3.0,11,10.804104
-4.0,11,10.805631
-2.0,11,10.807197
-4.0,11,10.808403
-1.0,11,10.810023
-2.0,11,10.811685
-3.0,11,10.813263
-3.0,11,10.814467
-3.0,11,10.816073
-3.0,11,10.8177
-2.0,11,10.819329
-1.0,11,10.820577
-2.0,11,10.822156
-3.0,11,10.823617
-3.0,11,10.825302
-3.0,11,10.826507
-1.0,11,10.828023
-4.0,11,10.829539
-3.0,11,10.83108
-3.0,11,10.832347
-2.0,11,10.834
-4.0,11,10.835633
-4.0,11,10.837221
-4.0,11,10.838347
-3.0,11,10.840022
-2.0,11,10.841597
-3.0,11,10.843242
-2.0,11,10.844445
-3.0,11,10.846089
-3.0,11,10.847637
-3.0,11,10.849178
-4.0,11,10.85034
-4.0,11,10.851958
-2.0,11,10.853537
-3.0,11,10.855024
-2.0,11,10.856316
-3.0,11,10.857905
-3.0,11,10.859456
-1.0,11,10.861171
-2.0,11,10.862338
-4.0,11,10.863882
-2.0,11,10.865401
-3.0,11,10.866975
-1.0,11,10.868105
-4.0,11,10.869618
-3.0,11,10.871125
-3.0,11,10.872623
-2.0,11,10.873774
-3.0,11,10.875395
-2.0,11,10.876911
-3.0,11,10.878523
-1.0,11,10.879633
-3.0,11,10.881231
-3.0,11,10.882794
-1.0,11,10.884429
-2.0,11,10.885545
-4.0,11,10.887103
-2.0,11,10.888701
-2.0,11,10.890244
-1.0,11,10.891481
-2.0,11,10.893106
-4.0,11,10.89468
-2.0,11,10.89635
-3.0,11,10.897653
-2.0,11,10.89939
-5.0,11,10.900894
-4.0,11,10.902621
-1.0,11,10.903949
-3.0,11,10.905895
-3.0,11,10.907831
-3.0,11,10.909695
-3.0,11,10.91122
-3.0,11,10.913136
-4.0,11,10.914791
-1.0,11,10.916518
-3.0,11,10.917804
-2.0,11,10.919504
-2.0,11,10.921041
-4.0,11,10.922723
-2.0,11,10.923939
-1.0,11,10.925513
-4.0,11,10.927108
-5.0,11,10.928811
-3.0,11,10.930164
-4.0,11,10.931982
-2.0,11,10.933754
-2.0,11,10.935486
-3.0,11,10.936696
-2.0,11,10.938234
-4.0,11,10.939734
-3.0,11,10.941294
-3.0,11,10.942573
-3.0,11,10.944134
-2.0,11,10.945757
-3.0,11,10.947343
-4.0,11,10.948529
-4.0,11,10.950097
-1.0,11,10.951809
-4.0,11,10.95349
-3.0,11,10.954747
-3.0,11,10.956326
-1.0,11,10.958057
-2.0,11,10.959743
-3.0,11,10.960877
-2.0,11,10.962467
-4.0,11,10.964069
-3.0,11,10.96567
-4.0,11,10.966904
-3.0,11,10.968461
-2.0,11,10.970049
-3.0,11,10.971601
-3.0,11,10.972782
-5.0,11,10.97446
-1.0,11,10.976117
-2.0,11,10.977769
-2.0,11,10.979149
-3.0,11,10.980839
-4.0,11,10.9824
-1.0,11,10.98413
-3.0,11,10.985262
-2.0,11,10.986943
-2.0,11,10.988494
-4.0,11,10.990089
-4.0,11,10.991244
-4.0,11,10.992908
-3.0,11,10.99448
-2.0,11,10.99599
-3.0,11,10.997183
-3.0,11,10.998731
-3.0,11,11.000414
-2.0,11,11.00199
-1.0,11,11.003119
-2.0,11,11.004684
-3.0,11,11.006227
-4.0,11,11.007834
-2.0,11,11.009004
0.0,11,11.010732
-3.0,11,11.012378
-3.0,11,11.013917
-3.0,11,11.015194
-4.0,11,11.016771
-3.0,11,11.018333
-3.0,11,11.01996
-4.0,11,11.021078
-2.0,11,11.022776
-1.0,11,11.024475
-1.0,11,11.026016
-2.0,11,11.027219
-3.0,11,11.028828
-2.0,11,11.030383
-3.0,11,11.03193
-3.0,11,11.03309
-2.0,11,11.034808
-2.0,11,11.03639
-2.0,11,11.037926
-4.0,11,11.039106
-3.0,11,11.040774
-5.0,11,11.042419
-3.0,11,11.043985
-1.0,11,11.045367
-3.0,11,11.046995
-2.0,11,11.04857
-3.0,11,11.050178
-3.0,11,11.051349
-3.0,11,11.053023
-1.0,11,11.054672
-2.0,11,11.056264
-4.0,11,11.057405
-2.0,11,11.059028
-3.0,11,11.060655
-3.0,11,11.062282
-3.0,11,11.063513
-3.0,11,11.065408
-3.0,11,11.067275
-2.0,11,11.069012
-1.0,11,11.070329
-5.0,11,11.072003
-1.0,11,11.073753
0.0,11,11.075411
-2.0,11,11.076672
-3.0,11,11.078296
-1.0,11,11.080008
-4.0,11,11.081505
-2.0,11,11.082668
-2.0,11,11.08432
-2.0,11,11.085902
-1.0,11,11.087466
-3.0,11,11.088673
-3.0,11,11.090267
-2.0,11,11.091884
-2.0,11,11.093446
-4.0,11,11.094565
-3.0,11,11.096188
-4.0,11,11.097806
-1.0,11,11.099395
-4.0,11,11.100617
-2.0,11,11.102195
-2.0,11,11.103756
-4.0,11,11.105385
-6.0,11,11.106536
-4.0,11,11.108066
-2.0,11,11.109804
-2.0,11,11.11135
-2.0,11,11.112558
0.0,11,11.114205
-2.0,11,11.115823
-3.0,11,11.117412
-3.0,11,11.118613
-3.0,11,11.12018
-2.0,11,11.1218
-4.0,11,11.123399
-2.0,11,11.124635
-3.0,11,11.126191
-2.0,11,11.12786
-2.0,11,11.129457
-1.0,11,11.130822
-2.0,11,11.132523
-3.0,11,11.134037
-3.0,11,11.135595
-5.0,11,11.136795
-3.0,11,11.13835
-3.0,11,11.14003
-2.0,11,11.141581
-2.0,11,11.142881
-3.0,11,11.144527
-3.0,11,11.146172
-2.0,11,11.147782
-3.0,11,11.148894
0.0,11,11.150571
-2.0,11,11.152208
-4.0,11,11.153925
-3.0,11,11.155047
-3.0,11,11.15671
-3.0,11,11.158296
-3.0,11,11.159857
-1.0,11,11.161106
-2.0,11,11.162628
-2.0,11,11.164329
-2.0,11,11.16592
-2.0,11,11.167128
-3.0,11,11.168766
-2.0,11,11.17035
-1.0,11,11.171987
0.0,11,11.173138
-3.0,11,11.174744
-2.0,11,11.176327
-3.0,11,11.177803
-4.0,11,11.179022
-2.0,11,11.180583
-3.0,11,11.182184
-3.0,11,11.183747
-4.0,11,11.184892
-3.0,11,11.186372
-2.0,11,11.187962
-1.0,11,11.189698
-2.0,11,11.19096
-2.0,11,11.192473
-4.0,11,11.194091
-2.0,11,11.195546
-1.0,11,11.196796
-3.0,11,11.198405
-5.0,11,11.199917
-1.0,11,11.201547
-3.0,11,11.202655
-2.0,11,11.204383
-2.0,11,11.205915
-2.0,11,11.20743
-2.0,11,11.208586
-2.0,11,11.210187
-4.0,11,11.211938
-3.0,11,11.213686
-1.0,11,11.214884
-3.0,11,11.216469
-2.0,11,11.218099
-1.0,11,11.219771
-3.0,11,11.220998
-3.0,11,11.222551
-3.0,11,11.224184
-1.0,11,11.225842
-5.0,11,11.226906
-2.0,11,11.228508
-3.0,11,11.230179
-3.0,11,11.231704
-2.0,11,11.232868
-3.0,11,11.234427
-2.0,11,11.235927
-1.0,11,11.237536
-3.0,11,11.238729
-4.0,11,11.240241
-1.0,11,11.241957
-2.0,11,11.2436
-3.0,11,11.244719
-2.0,11,11.246253
-2.0,11,11.247782
-3.0,11,11.249385
-3.0,11,11.250576
-2.0,11,11.252197
-2.0,11,11.25389
-3.0,11,11.255554
-3.0,11,11.256889
-2.0,11,11.258391
-2.0,11,11.260051
-4.0,11,11.261562
-2.0,11,11.262829
-2.0,11,11.264293
-2.0,11,11.265863
-3.0,11,11.267335
-4.0,11,11.268458
-3.0,11,11.270023
-2.0,11,11.271481
-1.0,11,11.273114
-2.0,11,11.274336
-5.0,11,11.275859
-2.0,11,11.27752
-2.0,11,11.279222
-5.0,11,11.280344
-5.0,11,11.281861
-2.0,11,11.283531
-2.0,11,11.285137
-5.0,11,11.286264
-3.0,11,11.287953
-4.0,11,11.28942
-1.0,11,11.291127
-2.0,11,11.29242
-3.0,11,11.294009
-2.0,11,11.295579
-3.0,11,11.297087
-3.0,11,11.298272
-3.0,11,11.299782
-3.0,11,11.301328
-2.0,11,11.302906
-2.0,11,11.30415
-2.0,11,11.305716
-3.0,11,11.307235
-4.0,11,11.308881
-4.0,11,11.310075
-2.0,11,11.311636
-3.0,11,11.31325
-4.0,11,11.314785
-2.0,11,11.315939
-3.0,11,11.317538
-3.0,11,11.319189
-3.0,11,11.3207
-3.0,11,11.321887
-5.0,11,11.323464
-3.0,11,11.325034
-2.0,11,11.326605
-2.0,11,11.327765
-3.0,11,11.329405
-2.0,11,11.330924
-3.0,11,11.332458
-3.0,11,11.333532
-3.0,11,11.335041
-3.0,11,11.336605
-2.0,11,11.338305
-3.0,11,11.339477
-3.0,11,11.341083
-2.0,11,11.342725
-2.0,11,11.344273
-2.0,11,11.345466
-2.0,11,11.34698
-2.0,11,11.348692
-3.0,11,11.350229
-1.0,11,11.351538
-2.0,11,11.353245
-3.0,11,11.35485
-4.0,11,11.35635
-4.0,11,11.357504
-2.0,11,11.359214
-4.0,11,11.361041
-2.0,11,11.362714
-2.0,11,11.363979
-2.0,11,11.365656
-3.0,11,11.367174
-2.0,11,11.368827
-2.0,11,11.369992
-2.0,11,11.371761
-2.0,11,11.373415
-2.0,11,11.374998
-2.0,11,11.376129
0.0,11,11.377758
-2.0,11,11.379346
-4.0,11,11.38095
-2.0,11,11.382198
-3.0,11,11.383872
-3.0,11,11.385481
-3.0,11,11.387078
-3.0,11,11.388337
-1.0,11,11.390068
-2.0,11,11.391587
-1.0,11,11.393235
-2.0,11,11.394467
-4.0,11,11.395939
-2.0,11,11.397538
-4.0,11,11.399101
-2.0,11,11.400351
-2.0,11,11.401846
-2.0,11,11.403493
-3.0,11,11.405083
-4.0,11,11.406197
-4.0,11,11.40775
-3.0,11,11.409391
-2.0,11,11.410977
-2.0,11,11.412238
-2.0,11,11.413865
-3.0,11,11.415465
-3.0,11,11.417121
-2.0,11,11.418195
-2.0,11,11.419791
-3.0,11,11.421303
-3.0,11,11.42291
-3.0,11,11.42416
-3.0,11,11.425676
-2.0,11,11.42731
-4.0,11,11.428969
-3.0,11,11.430174
-2.0,11,11.431776
-3.0,11,11.433464
-3.0,11,11.434997
-4.0,11,11.436154
-2.0,11,11.437759
-3.0,11,11.439276
-2.0,11,11.440871
-3.0,11,11.442076
-2.0,11,11.443674
-3.0,11,11.445233
-2.0,11,11.44677
-2.0,11,11.44797
-3.0,11,11.449648
-2.0,11,11.451212
-2.0,11,11.452749
-3.0,11,11.454025
-1.0,11,11.455615
-4.0,11,11.457204
-3.0,11,11.458707
-3.0,11,11.459905
-3.0,11,11.461492
-3.0,11,11.463084
-3.0,11,11.46462
-3.0,11,11.465806
-2.0,11,11.467399
-4.0,11,11.46898
-1.0,11,11.470498
-2.0,11,11.471711
-2.0,11,11.473354
-1.0,11,11.474956
-3.0,11,11.476633
-3.0,11,11.477897
-2.0,11,11.479379
-3.0,11,11.481028
-3.0,11,11.48255
-2.0,11,11.483704
-3.0,11,11.485307
-2.0,11,11.486978
-2.0,11,11.488538
-3.0,11,11.489651
-4.0,11,11.491201
-2.0,11,11.492819
-3.0,11,11.494476
-3.0,11,11.495594
-3.0,11,11.497144
-3.0,11,11.498715
-4.0,11,11.500177
-1.0,11,11.501326
-3.0,11,11.503107
-4.0,11,11.504622
-2.0,11,11.506294
-3.0,11,11.50747
-3.0,11,11.509174
-4.0,11,11.510885
-3.0,11,11.512526
-4.0,11,11.513645
-2.0,11,11.51538
-3.0,11,11.516909
-3.0,11,11.518503
-3.0,11,11.519667
-3.0,11,11.521363
-2.0,11,11.52315
-3.0,11,11.524711
-3.0,11,11.525918
-3.0,11,11.527384
-3.0,11,11.528907
-3.0,11,11.530414
-2.0,11,11.53155
-2.0,11,11.533117
-3.0,11,11.53469
-2.0,11,11.536292
-3.0,11,11.537507
-1.0,11,11.539073
-3.0,11,11.540856
-3.0,11,11.542522
-2.0,11,11.54377
-4.0,11,11.545365
-3.0,11,11.547054
-4.0,11,11.548662
-2.0,11,11.549877
-2.0,11,11.551445
-2.0,11,11.553054
-1.0,11,11.554667
-1.0,11,11.555915
-1.0,11,11.557487
-2.0,11,11.559052
-3.0,11,11.560583
-5.0,11,11.561794
-1.0,11,11.563453
-2.0,11,11.565045
-2.0,11,11.566649
-2.0,11,11.567761
-2.0,11,11.569418
-2.0,11,11.57097
-5.0,11,11.572488
-2.0,11,11.573768
-2.0,11,11.575417
-3.0,11,11.577036
-2.0,11,11.57865
-2.0,11,11.579895
-1.0,11,11.581513
-4.0,11,11.583047
-3.0,11,11.584598
-3.0,11,11.585718
-2.0,11,11.587292
-1.0,11,11.588971
-2.0,11,11.590621
-1.0,11,11.591834
-3.0,11,11.59344
-3.0,11,11.594975
-1.0,11,11.596501
-1.0,11,11.597784
-2.0,11,11.599415
-3.0,11,11.600978
-1.0,11,11.602529
-2.0,11,11.603706
-3.0,11,11.605309
-3.0,11,11.606949
-3.0,11,11.608549
-2.0,11,11.609794
-1.0,11,11.611452
-3.0,11,11.613007
-3.0,11,11.614566
-1.0,11,11.615814
-2.0,11,11.617495
-2.0,11,11.619195
-2.0,11,11.620718
-4.0,11,11.621917
-3.0,11,11.623441
-2.0,11,11.625023
-1.0,11,11.626577
-2.0,11,11.627869
-3.0,11,11.62952
-3.0,11,11.631157
-3.0,11,11.63275
-2.0,11,11.633858
-1.0,11,11.635549
-5.0,11,11.637075
-3.0,11,11.63876
-2.0,11,11.640011
-2.0,11,11.641564
-1.0,11,11.643258
-3.0,11,11.644861
-4.0,11,11.646019
-2.0,11,11.647631
-3.0,11,11.649143
-2.0,11,11.650894
-3.0,11,11.652077
-2.0,11,11.653832
-3.0,11,11.655447
-3.0,11,11.657135
-4.0,11,11.658302
-3.0,11,11.659889
-4.0,11,11.66145
-3.0,11,11.663062
0.0,11,11.664312
-5.0,11,11.665897
-4.0,11,11.667616
-1.0,11,11.66935
-2.0,11,11.670537
-2.0,11,11.672171
-3.0,11,11.673753
-3.0,11,11.675447
-4.0,11,11.676577
-3.0,11,11.678113
-2.0,11,11.679734
-2.0,11,11.681251
-2.0,11,11.68246
-4.0,11,11.683943
-4.0,11,11.68551
-3.0,11,11.687071
-3.0,11,11.688133
-2.0,11,11.689879
-1.0,11,11.691413
-2.0,11,11.692979
-3.0,11,11.694218
-4.0,11,11.695746
-3.0,11,11.69735
-3.0,11,11.699002
-2.0,11,11.70024
-3.0,11,11.701751
-2.0,11,11.703496
-3.0,11,11.705204
-4.0,11,11.706311
-3.0,11,11.707994
-4.0,11,11.70972
-3.0,11,11.711362
-3.0,11,11.712551
-4.0,11,11.714078
-1.0,11,11.71576
-2.0,11,11.717486
-2.0,11,11.718715
-3.0,11,11.720335
-3.0,11,11.721908
-3.0,11,11.723598
-2.0,11,11.72471
-1.0,11,11.726315
-3.0,11,11.727956
-4.0,11,11.729592
-2.0,11,11.730799
-2.0,11,11.732368
-1.0,11,11.734045
-5.0,11,11.735545
-3.0,11,11.736704
-2.0,11,11.73831
-3.0,11,11.739867
-3.0,11,11.741463
-3.0,11,11.742666
-4.0,11,11.744218
-3.0,11,11.745747
-1.0,11,11.747253
-4.0,11,11.748469
-4.0,11,11.750061
-2.0,11,11.751639
0.0,11,11.753353
-1.0,11,11.754586
-3.0,11,11.75622
-3.0,11,11.757837
-4.0,11,11.759398
-3.0,11,11.760543
-1.0,11,11.762376
-4.0,11,11.763896
-2.0,11,11.765419
-2.0,11,11.766613
-2.0,11,11.76822
-3.0,11,11.769811
-2.0,11,11.771491
-3.0,11,11.772698
-4.0,11,11.774352
-3.0,11,11.776034
-2.0,11,11.777592
-3.0,11,11.778751
-4.0,11,11.780345
-1.0,11,11.781961
-3.0,11,11.783633
-4.0,11,11.784849
-4.0,11,11.786359
-3.0,11,11.787951
-2.0,11,11.789504
-3.0,11,11.790714
-3.0,11,11.79228
-3.0,11,11.793915
-3.0,11,11.795476
-2.0,11,11.796637
-3.0,11,11.798227
-1.0,11,11.799861
-2.0,11,11.801568
-4.0,11,11.802738
-4.0,11,11.80437
-3.0,11,11.805975
-2.0,11,11.80748
-4.0,11,11.808596
-2.0,11,11.810361
0.0,11,11.812165
-2.0,11,11.813838
-5.0,11,11.814975
-2.0,11,11.81655
-5.0,11,11.818071
-3.0,11,11.819729
-2.0,11,11.821089
-3.0,11,11.82263
-3.0,11,11.824079
-1.0,11,11.825751
-3.0,11,11.827082
-3.0,11,11.828741
-3.0,11,11.83034
-1.0,11,11.83203
-3.0,11,11.833185
-3.0,11,11.834721
-4.0,11,11.836283
-3.0,11,11.837823
-1.0,11,11.838961
-3.0,11,11.840612
-5.0,11,11.842133
-2.0,11,11.843737
-1.0,11,11.844943
-3.0,11,11.846534
-3.0,11,11.848094
-2.0,11,11.849675
-2.0,11,11.850915
-3.0,11,11.852459
-3.0,11,11.854071
-1.0,11,11.85552
-4.0,11,11.856718
-3.0,11,11.858279
-2.0,11,11.859822
-2.0,11,11.861446
-2.0,11,11.862658
-4.0,11,11.864221
-3.0,11,11.865755
-3.0,11,11.867382
-2.0,11,11.868528
-1.0,11,11.870158
-2.0,11,11.871796
-2.0,11,11.873493
-2.0,11,11.874686
-5.0,11,11.876166
-3.0,11,11.877783
-5.0,11,11.879323
-3.0,11,11.880489
-3.0,11,11.882087
-3.0,11,11.883666
-2.0,11,11.885304
-1.0,11,11.886603
-3.0,11,11.888203
-1.0,11,11.889902
-2.0,11,11.891505
0.0,11,11.892795
-3.0,11,11.894455
-3.0,11,11.896126
-2.0,11,11.897736
-2.0,11,11.898895
-3.0,11,11.900524
-2.0,11,11.902104
-3.0,11,11.903697
-2.0,11,11.904918
-3.0,11,11.906566
-2.0,11,11.908116
-4.0,11,11.909642
-3.0,11,11.910841
-3.0,11,11.912371
0.0,11,11.914092
-1.0,11,11.915723
-1.0,11,11.91688
-4.0,11,11.918388
-1.0,11,11.919989
-3.0,11,11.921536
-2.0,11,11.922788
-2.0,11,11.924381
-3.0,11,11.925936
-2.0,11,11.927614
-4.0,11,11.928787
-2.0,11,11.930378
-3.0,11,11.931942
-3.0,11,11.933465
-3.0,11,11.934655
-3.0,11,11.936298
-3.0,11,11.937925
-1.0,11,11.939638
0.0,11,11.940874
-4.0,11,11.942527
-2.0,11,11.944133
-3.0,11,11.945762
-3.0,11,11.947014
-3.0,11,11.9486
-2.0,11,11.950166
-3.0,11,11.951712
-2.0,11,11.952955
-2.0,11,11.954622
-2.0,11,11.956273
-1.0,11,11.957919
-2.0,11,11.959212
-4.0,11,11.960845
-5.0,11,11.962557
-2.0,11,11.964307
-1.0,11,11.965672
-4.0,11,11.967209
-2.0,11,11.968887
-3.0,11,11.970522
-2.0,11,11.971703
-1.0,11,11.973374
-3.0,11,11.974959
-3.0,11,11.976508
-3.0,11,11.977739
-4.0,11,11.979261
-3.0,11,11.980847
-3.0,11,11.982468
-3.0,11,11.983605
-2.0,11,11.985221
-3.0,11,11.986824
-2.0,11,11.988409
-3.0,11,11.989522
-4.0,11,11.991147
-4.0,11,11.992754
-5.0,11,11.994388
-3.0,11,11.99564
-3.0,11,11.99714
-4.0,11,11.998598
-2.0,11,12.000277
-3.0,11,12.001413
-3.0,11,12.003015
-1.0,11,12.004655
-2.0,11,12.006241
-1.0,11,12.007456
-3.0,11,12.008971
-3.0,11,12.010527
-2.0,11,12.012014
-2.0,11,12.013232
-1.0,11,12.014913
-1.0,11,12.016712
-2.0,11,12.018281
-1.0,11,12.019585
-3.0,11,12.021178
-4.0,11,12.022658
-3.0,11,12.024135
-1.0,11,12.02549
-3.0,11,12.027143
-3.0,11,12.028647
-3.0,11,12.030167
-2.0,11,12.031379
-3.0,11,12.033107
-3.0,11,12.034707
-3.0,11,12.036252
-4.0,11,12.037459
-2.0,11,12.039088
-3.0,11,12.040921
-2.0,11,12.042558
-3.0,11,12.043865
-4.0,11,12.04538
-3.0,11,12.047052
-2.0,11,12.048601
-2.0,11,12.049782
-2.0,11,12.051421
0.0,11,12.053255
-1.0,11,12.054919
-3.0,11,12.056147
-3.0,11,12.057686
-4.0,11,12.059252
-3.0,11,12.060861
-2.0,11,12.06199
-3.0,11,12.063593
-4.0,11,12.065066
-2.0,11,12.066635
-3.0,11,12.06776
-3.0,11,12.069338
-3.0,11,12.070842
-3.0,11,12.072429
-3.0,11,12.073594
-5.0,11,12.075107
-3.0,11,12.076615
-3.0,11,12.078109
-4.0,11,12.079278
-3.0,11,12.080804
-3.0,11,12.082441
-3.0,11,12.084072
-4.0,11,12.085175
-2.0,11,12.086786
-1.0,11,12.088333
-3.0,11,12.089883
-2.0,11,12.091166
-2.0,11,12.092858
-2.0,11,12.094502
-1.0,11,12.096156
-4.0,11,12.097325
-2.0,11,12.098898
-3.0,11,12.100521
-4.0,11,12.102062
-3.0,11,12.103289
-3.0,11,12.10506
-3.0,11,12.106726
-2.0,11,12.108226
-3.0,11,12.109444
-2.0,11,12.11114
-2.0,11,12.113101
-2.0,11,12.114839
-2.0,11,12.116046
-1.0,11,12.117764
-2.0,11,12.11943
-3.0,11,12.121069
-4.0,11,12.122232
-4.0,11,12.123842
-5.0,11,12.125359
-4.0,11,12.126913
-4.0,11,12.12809
-2.0,11,12.129677
-2.0,11,12.13123
-3.0,11,12.13281
-3.0,11,12.134002
-3.0,11,12.135637
-4.0,11,12.137217
-2.0,11,12.138774
-3.0,11,12.139887
-3.0,11,12.14154
-2.0,11,12.143098
-2.0,11,12.144709
-2.0,11,12.1459
-3.0,11,12.147402
-1.0,11,12.149027
-3.0,11,12.150626
-4.0,11,12.15179
-3.0,11,12.153448
-1.0,11,12.155205
-3.0,11,12.156778
-3.0,11,12.157946
-2.0,11,12.159498
-1.0,11,12.161152
-3.0,11,12.162718
-4.0,11,12.163948
-3.0,11,12.165502
-2.0,11,12.16709
-4.0,11,12.16864
-1.0,11,12.169931
-2.0,11,12.171672
-3.0,11,12.173386
-3.0,11,12.174984
-2.0,11,12.176245
-1.0,11,12.177884
-3.0,11,12.179416
-3.0,11,12.180988
-2.0,11,12.182288
-3.0,11,12.183903
-3.0,11,12.185441
-2.0,11,12.187178
-2.0,11,12.188351
-2.0,11,12.189811
-2.0,11,12.191375
-3.0,11,12.192934
-2.0,11,12.194083
-3.0,11,12.195617
-2.0,11,12.197254
-3.0,11,12.19886
-2.0,11,12.200104
-2.0,11,12.201701
-4.0,11,12.203217
-3.0,11,12.204721
-2.0,11,12.20589
-4.0,11,12.207531
-3.0,11,12.20916
-2.0,11,12.210794
-3.0,11,12.212005
-1.0,11,12.213621
-3.0,11,12.215287
-3.0,11,12.216835
-3.0,11,12.217955
-1.0,11,12.219525
-2.0,11,12.221151
-3.0,11,12.222831
-5.0,11,12.223939
-3.0,11,12.225587
-2.0,11,12.22724
-2.0,11,12.228826
-3.0,11,12.229951
-3.0,11,12.231416
-2.0,11,12.233088
-3.0,11,12.23463
-2.0,11,12.235819
-2.0,11,12.237391
-5.0,11,12.238877
-3.0,11,12.240324
-3.0,11,12.241483
-1.0,11,12.243027
-1.0,11,12.24472
-2.0,11,12.246321
-3.0,11,12.247484
-1.0,11,12.249088
-2.0,11,12.250693
-1.0,11,12.252259
-3.0,11,12.2535
-1.0,11,12.25516
-3.0,11,12.256672
-4.0,11,12.258405
-1.0,11,12.259638
-3.0,11,12.261442
-2.0,11,12.263185
-3.0,11,12.26477
-2.0,11,12.265975
-1.0,11,12.267686
-3.0,11,12.26929
-1.0,11,12.270901
-2.0,11,12.272169
-4.0,11,12.273695
-2.0,11,12.275244
-3.0,11,12.276828
-2.0,11,12.277997
-1.0,11,12.279631
-2.0,11,12.28119
-1.0,11,12.28271
-3.0,11,12.28388
-3.0,11,12.285445
-3.0,11,12.287002
-3.0,11,12.288506
-1.0,11,12.289726
-3.0,11,12.291293
-3.0,11,12.292926
-2.0,11,12.29452
-4.0,11,12.295677
-1.0,11,12.297292
-3.0,11,12.298936
-2.0,11,12.300509
-4.0,11,12.301728
-2.0,11,12.30322
-3.0,11,12.30475
-1.0,11,12.306382
-2.0,11,12.307642
-1.0,11,12.309243
-2.0,11,12.310864
-2.0,11,12.312411
-2.0,11,12.31361
-3.0,11,12.315171
-2.0,11,12.316731
-2.0,11,12.318314
-3.0,11,12.319532
-4.0,11,12.321039
-2.0,11,12.322623
-3.0,11,12.324203
-3.0,11,12.32532
-3.0,11,12.326961
-2.0,11,12.328672
-1.0,11,12.330278
-3.0,11,12.331431
-1.0,11,12.332933
-3.0,11,12.334446
-2.0,11,12.336063
-2.0,11,12.337261
-4.0,11,12.33881
-3.0,11,12.340412
-4.0,11,12.342056
-3.0,11,12.343243
-2.0,11,12.344833
-2.0,11,12.346357
-3.0,11,12.347955
-3.0,11,12.349109
-2.0,11,12.350648
-4.0,11,12.352267
-4.0,11,12.353822
-4.0,11,12.35506
-1.0,11,12.356751
-2.0,11,12.358374
-3.0,11,12.359876
-3.0,11,12.361081
-1.0,11,12.362769
-2.0,11,12.364404
-3.0,11,12.365973
-4.0,11,12.367184
-1.0,11,12.368691
-1.0,11,12.370241
-2.0,11,12.371894
-4.0,11,12.37314
-2.0,11,12.374787
-3.0,11,12.376327
-4.0,11,12.3778
-2.0,11,12.379131
-1.0,11,12.380776
-3.0,11,12.382511
-1.0,11,12.384133
-3.0,11,12.385329
-2.0,11,12.386892
-1.0,11,12.388619
-2.0,11,12.390199
-4.0,11,12.391369
-3.0,11,12.392888
-4.0,11,12.394396
-3.0,11,12.395962
-3.0,11,12.397214
-2.0,11,12.398759
-1.0,11,12.400332
-2.0,11,12.401923
-1.0,11,12.403169
-2.0,11,12.404913
-2.0,11,12.406633
-5.0,11,12.408197
-4.0,11,12.409269
-2.0,11,12.41094
-3.0,11,12.41272
-3.0,11,12.414351
-2.0,11,12.415621
-3.0,11,12.41733
-2.0,11,12.419008
-3.0,11,12.420632
-4.0,11,12.421845
-3.0,11,12.423513
-2.0,11,12.425204
-2.0,11,12.426854
-3.0,11,12.428061
-2.0,11,12.429748
-3.0,11,12.431343
-3.0,11,12.432971
-3.0,11,12.434179
-3.0,11,12.435899
-3.0,11,12.437462
-2.0,11,12.439148
-4.0,11,12.440315
-3.0,11,12.441879
-4.0,11,12.44353
-3.0,11,12.445174
-3.0,11,12.446398
-2.0,11,12.447975
-2.0,11,12.449533
-3.0,11,12.451222
-3.0,11,12.45246
-3.0,11,12.454124
-2.0,11,12.45569
-1.0,11,12.457363
-2.0,11,12.458555
-3.0,11,12.46019
-2.0,11,12.461684
-1.0,11,12.463322
-2.0,11,12.464527
-1.0,11,12.466164
-3.0,11,12.467762
-4.0,11,12.469333
-4.0,11,12.470518
-3.0,11,12.472057
-3.0,11,12.473755
0.0,11,12.475426
-3.0,11,12.476555
-2.0,11,12.478142
-3.0,11,12.479696
-2.0,11,12.481327
-2.0,11,12.482451
-2.0,11,12.484044
-3.0,11,12.485663
-2.0,11,12.4873
-2.0,11,12.488539
-3.0,11,12.490094
-2.0,11,12.491696
-3.0,11,12.493299
-2.0,11,12.494463
-3.0,11,12.496081
-1.0,11,12.497714
-2.0,11,12.499278
-2.0,11,12.500516
-3.0,11,12.502067
-1.0,11,12.503666
-3.0,11,12.505219
-1.0,11,12.506493
-5.0,11,12.508056
-2.0,11,12.509613
0.0,11,12.511336
-4.0,11,12.512455
-1.0,11,12.514115
-3.0,11,12.515712
-3.0,11,12.517215
-2.0,11,12.518371
-3.0,11,12.519965
-4.0,11,12.521512
-3.0,11,12.523115
-2.0,11,12.524368
-3.0,11,12.525952
-3.0,11,12.527554
-3.0,11,12.529194
-2.0,11,12.530321
-2.0,11,12.531889
-1.0,11,12.533522
-2.0,11,12.535127
-2.0,11,12.536363
-1.0,11,12.538035
-1.0,11,12.539745
-2.0,11,12.5415
-2.0,11,12.542726
-4.0,11,12.544289
-3.0,11,12.545875
-4.0,11,12.547438
-3.0,11,12.548694
-3.0,11,12.550232
-3.0,11,12.551863
-2.0,11,12.553434
-2.0,11,12.554768
-1.0,11,12.556582
-3.0,11,12.558294
-3.0,11,12.559862
-3.0,11,12.56099
-3.0,11,12.562671
-2.0,11,12.564337
-4.0,11,12.565913
-3.0,11,12.567395
-3.0,11,12.569063
-5.0,11,12.570606
-2.0,11,12.572281
-2.0,11,12.57349
-2.0,11,12.575131
-4.0,11,12.576816
-3.0,11,12.578434
-2.0,11,12.579591
-3.0,11,12.58114
-2.0,11,12.582744
-2.0,11,12.584371
-2.0,11,12.585727
-3.0,11,12.587298
-1.0,11,12.588874
-3.0,11,12.590452
-3.0,11,12.591731
0.0,11,12.593493
-1.0,11,12.595188
-3.0,11,12.596816
-1.0,11,12.598031
-3.0,11,12.599619
-4.0,11,12.601229
-3.0,11,12.602872
-1.0,11,12.604028
-2.0,11,12.605687
-2.0,11,12.607352
-3.0,11,12.608998
-2.0,11,12.610217
-2.0,11,12.6118
-2.0,11,12.613422
-4.0,11,12.614953
-3.0,11,12.616201
-2.0,11,12.617807
-2.0,11,12.61943
-3.0,11,12.620905
-2.0,11,12.622203
-3.0,11,12.623786
-2.0,11,12.625375
-3.0,11,12.62691
-2.0,11,12.628145
-2.0,11,12.629826
-1.0,11,12.631391
-3.0,11,12.633004
-3.0,11,12.634128
-2.0,11,12.635694
-3.0,11,12.637369
-1.0,11,12.639112
-2.0,11,12.640244
-2.0,11,12.641848
-1.0,11,12.643492
-3.0,11,12.645127
-1.0,11,12.646421
-4.0,11,12.648003
-2.0,11,12.64956
-2.0,11,12.651096
-2.0,11,12.652391
-2.0,11,12.654148
-3.0,11,12.655792
-3.0,11,12.657369
-3.0,11,12.658561
-2.0,11,12.660209
-3.0,11,12.661901
-2.0,11,12.663542
-2.0,11,12.664789
-3.0,11,12.666422
-1.0,11,12.667991
-3.0,11,12.669527
-2.0,11,12.670803
-3.0,11,12.672323
-3.0,11,12.674011
-2.0,11,12.675564
-3.0,11,12.676815
-4.0,11,12.678407
-2.0,11,12.680026
-3.0,11,12.681482
-3.0,11,12.682658
-3.0,11,12.684285
-3.0,11,12.685879
-2.0,11,12.687418
-3.0,11,12.688523
-2.0,11,12.690204
-1.0,11,12.69188
-3.0,11,12.693411
-3.0,11,12.694608
-3.0,11,12.696166
-4.0,11,12.697761
-1.0,11,12.69932
-2.0,11,12.700601
-3.0,11,12.702246
-1.0,11,12.70396
-3.0,11,12.705606
-2.0,11,12.706807
-4.0,11,12.708384
-3.0,11,12.710045
-2.0,11,12.711729
-2.0,11,12.713023
-2.0,11,12.714775
-2.0,11,12.716562
-2.0,11,12.718263
-3.0,11,12.7195
-3.0,11,12.721096
-3.0,11,12.722686
-3.0,11,12.724387
-3.0,11,12.725592
-2.0,11,12.727156
-3.0,11,12.728712
-3.0,11,12.730264
-1.0,11,12.731487
-1.0,11,12.733189
-1.0,11,12.734854
-3.0,11,12.736461
-3.0,11,12.737732
-2.0,11,12.739403
-2.0,11,12.74096
-2.0,11,12.742521
-2.0,11,12.743699
-4.0,11,12.745293
-2.0,11,12.746888
-2.0,11,12.748389
-3.0,11,12.749514
0.0,11,12.751209
-2.0,11,12.752857
-1.0,11,12.754565
-3.0,11,12.755794
-3.0,11,12.757265
-1.0,11,12.759002
-4.0,11,12.760487
-2.0,11,12.761678
-3.0,11,12.763258
-1.0,11,12.764859
-2.0,11,12.766605
-2.0,11,12.767854
-4.0,11,12.769485
-3.0,11,12.770945
-3.0,11,12.77258
-3.0,11,12.773889
-2.0,11,12.775471
-2.0,11,12.776993
-3.0,11,12.77855
-4.0,11,12.779713
-2.0,11,12.781459
-2.0,11,12.783059
-3.0,11,12.784668
-3.0,11,12.785865
-4.0,11,12.787463
-2.0,11,12.789152
-4.0,11,12.790751
-1.0,11,12.791945
-2.0,11,12.793549
-2.0,11,12.795183
-3.0,11,12.796823
-4.0,11,12.798008
-3.0,11,12.799518
-4.0,11,12.801063
-1.0,11,12.802613
-3.0,11,12.803955
-1.0,11,12.805673
-3.0,11,12.807308
-3.0,11,12.808885
-4.0,11,12.809996
-4.0,11,12.811604
-3.0,11,12.813304
-1.0,11,12.815009
-4.0,11,12.816211
-1.0,11,12.817767
-2.0,11,12.819412
-3.0,11,12.821074
-5.0,11,12.822152
-2.0,11,12.823777
-2.0,11,12.825417
-4.0,11,12.827074
-3.0,11,12.828346
-2.0,11,12.829885
-2.0,11,12.831429
-3.0,11,12.832991
-3.0,11,12.834182
-1.0,11,12.835739
-2.0,11,12.837385
-2.0,11,12.838983
-3.0,11,12.840224
-1.0,11,12.841905
-4.0,11,12.843485
-2.0,11,12.84517
-1.0,11,12.846443
-3.0,11,12.848035
-3.0,11,12.849717
-2.0,11,12.851215
-4.0,11,12.852465
-2.0,11,12.854097
-3.0,11,12.855632
-3.0,11,12.857235
-3.0,11,12.858392
-2.0,11,12.860114
-2.0,11,12.861701
-3.0,11,12.863261
-2.0,11,12.864454
-2.0,11,12.8663
-3.0,11,12.868125
-3.0,11,12.86977
-4.0,11,12.870918
-1.0,11,12.872568
-2.0,11,12.874236
-2.0,11,12.875885
-3.0,11,12.877043
-1.0,11,12.878664
-1.0,11,12.880276
-1.0,11,12.881963
-3.0,11,12.883134
-2.0,11,12.884778
-3.0,11,12.886351
-4.0,11,12.88795
-2.0,11,12.889244
-1.0,11,12.890829
-4.0,11,12.892353
-3.0,11,12.893965
-1.0,11,12.895249
-3.0,11,12.896955
-2.0,11,12.898635
-3.0,11,12.900247
-1.0,11,12.901615
-2.0,11,12.903201
-2.0,11,12.904783
-1.0,11,12.906389
-3.0,11,12.907695
-2.0,11,12.909283
-3.0,11,12.910886
-2.0,11,12.912514
-1.0,11,12.913674
-2.0,11,12.915341
-4.0,11,12.916904
-3.0,11,12.918534
-4.0,11,12.919656
-2.0,11,12.921265
-3.0,11,12.922895
-3.0,11,12.924506
-2.0,11,12.925789
-3.0,11,12.927258
-4.0,11,12.928724
-1.0,11,12.930459
-3.0,11,12.931697
-1.0,11,12.93327
-3.0,11,12.934769
-2.0,11,12.936371
-2.0,11,12.937493
-2.0,11,12.939141
-3.0,11,12.940772
-3.0,11,12.942341
-2.0,11,12.943653
-3.0,11,12.945442
-2.0,11,12.94709
-2.0,11,12.948684
-1.0,11,12.949886
-4.0,11,12.951446
-1.0,11,12.953087
-2.0,11,12.954644
-3.0,11,12.955743
-2.0,11,12.957492
-3.0,11,12.959082
-2.0,11,12.960761
-4.0,11,12.961893
-3.0,11,12.963355
-2.0,11,12.965023
-1.0,11,12.966703
-2.0,11,12.967852
-3.0,11,12.969507
-1.0,11,12.971246
-2.0,11,12.972836
-1.0,11,12.974077
-3.0,11,12.975634
-3.0,11,12.977267
-2.0,11,12.978902
-2.0,11,12.980051
-2.0,11,12.981545
-1.0,11,12.983137
-2.0,11,12.984738
-2.0,11,12.985903
-2.0,11,12.987442
-3.0,11,12.989
-2.0,11,12.990597
-3.0,11,12.991887
-3.0,11,12.993478
-3.0,11,12.995033
-2.0,11,12.996677
-2.0,11,12.997887
-2.0,11,12.999567
-3.0,11,13.001114
-3.0,11,13.002682
-2.0,11,13.00395
-2.0,11,13.005584
-3.0,11,13.007097
-3.0,11,13.008761
-3.0,11,13.010096
-3.0,11,13.011759
-3.0,11,13.013309
-3.0,11,13.01484
-3.0,11,13.015975
0.0,11,13.01785
-4.0,11,13.019754
-3.0,11,13.021383
-1.0,11,13.022626
-3.0,11,13.024312
-2.0,11,13.026003
-2.0,11,13.027592
-2.0,11,13.028809
-2.0,11,13.030521
-4.0,11,13.032167
-4.0,11,13.033938
-2.0,11,13.03542
-3.0,11,13.037411
-1.0,11,13.039152
-2.0,11,13.040854
-3.0,11,13.041947
-3.0,11,13.043554
-4.0,11,13.045171
-2.0,11,13.047072
-1.0,11,13.048633
-2.0,11,13.050576
-4.0,11,13.052466
-4.0,11,13.054463
-2.0,11,13.0559
-3.0,11,13.057843
-2.0,11,13.059667
-1.0,11,13.061469
-3.0,11,13.062728
-3.0,11,13.064459
-1.0,11,13.066312
-3.0,11,13.067913
-5.0,11,13.069226
-2.0,11,13.070994
-3.0,11,13.072684
-2.0,11,13.074262
-2.0,11,13.075439
-2.0,11,13.077063
-3.0,11,13.078653
-2.0,11,13.080287
-3.0,11,13.081549
-3.0,11,13.083171
-2.0,11,13.084896
-2.0,11,13.086551
-4.0,11,13.087684
-4.0,11,13.089254
-4.0,11,13.090812
-3.0,11,13.092524
-3.0,11,13.093741
-2.0,11,13.095306
-1.0,11,13.096834
-1.0,11,13.098486
-2.0,11,13.099692
-3.0,11,13.101283
-1.0,11,13.102947
-3.0,11,13.104507
-3.0,11,13.105664
-2.0,11,13.10739
-1.0,11,13.109094
-2.0,11,13.11073
-2.0,11,13.112077
-3.0,11,13.113778
-4.0,11,13.115395
-3.0,11,13.116911
-3.0,11,13.118081
-1.0,11,13.11974
-3.0,11,13.121364
-1.0,11,13.123121
-3.0,11,13.124345
-1.0,11,13.126019
-2.0,11,13.127537
-1.0,11,13.129212
-3.0,11,13.130531
-2.0,11,13.132141
-2.0,11,13.133853
-4.0,11,13.135349
-2.0,11,13.136486
-2.0,11,13.138064
-4.0,11,13.14004
-4.0,11,13.141708
-2.0,11,13.142955
-3.0,11,13.144623
-2.0,11,13.146196
-1.0,11,13.147888
-3.0,11,13.149004
-3.0,11,13.150583
-2.0,11,13.152197
-2.0,11,13.153703
-2.0,11,13.154938
-2.0,11,13.156518
-2.0,11,13.158091
-5.0,11,13.159648
-2.0,11,13.160914
-3.0,11,13.162555
-3.0,11,13.164178
-1.0,11,13.16588
-1.0,11,13.167195
-3.0,11,13.168958
-1.0,11,13.170555
-1.0,11,13.172261
-3.0,11,13.173469
-2.0,11,13.175158
-3.0,11,13.176717
-4.0,11,13.178325
-4.0,11,13.179631
-2.0,11,13.181297
-1.0,11,13.182928
-2.0,11,13.184536
-3.0,11,13.185666
-3.0,11,13.187266
-2.0,11,13.188799
-3.0,11,13.190451
-2.0,11,13.191782
-2.0,11,13.193464
-3.0,11,13.195134
-4.0,11,13.196725
-2.0,11,13.197811
-3.0,11,13.199415
-2.0,11,13.201086
-3.0,11,13.202702
-4.0,11,13.203826
-2.0,11,13.205474
-4.0,11,13.207018
-3.0,11,13.208596
-2.0,11,13.20982
-2.0,11,13.211478
-2.0,11,13.213048
-4.0,11,13.214602
-3.0,11,13.215765
-3.0,11,13.217232
-1.0,11,13.218784
-3.0,11,13.220286
-2.0,11,13.221445
-1.0,11,13.223272
-2.0,11,13.224895
-3.0,11,13.226581
-2.0,11,13.227794
-2.0,11,13.229444
-3.0,11,13.231066
-3.0,11,13.232707
-1.0,11,13.233931
-2.0,11,13.235659
-3.0,11,13.237249
-2.0,11,13.238902
-1.0,11,13.240247
-3.0,11,13.242005
-3.0,11,13.243577
-2.0,11,13.245266
-2.0,11,13.246606
-3.0,11,13.248229
-4.0,11,13.249794
-3.0,11,13.251391
-4.0,11,13.252548
-2.0,11,13.254183
-1.0,11,13.2558
-2.0,11,13.257445
-4.0,11,13.258731
-3.0,11,13.260301
-2.0,11,13.261948
-3.0,11,13.263589
-3.0,11,13.264793
-4.0,11,13.266304
-1.0,11,13.267952
-2.0,11,13.269455
-3.0,11,13.270739
-1.0,11,13.272426
-2.0,11,13.274051
-4.0,11,13.275577
-1.0,11,13.276821
-3.0,11,13.278338
-3.0,11,13.279951
-4.0,11,13.281601
-1.0,11,13.282758
-3.0,11,13.284218
-2.0,11,13.285857
-3.0,11,13.287426
-1.0,11,13.288719
-3.0,11,13.290235
-2.0,11,13.291918
-3.0,11,13.293419
-2.0,11,13.294672
-3.0,11,13.29627
-3.0,11,13.297872
-4.0,11,13.299489
-3.0,11,13.300717
-3.0,11,13.302297
-1.0,11,13.303953
-1.0,11,13.305678
-4.0,11,13.306905
-4.0,11,13.308447
-1.0,11,13.310015
-3.0,11,13.311561
-2.0,11,13.312868
-1.0,11,13.314449
-3.0,11,13.316082
-4.0,11,13.317639
-2.0,11,13.3188
-3.0,11,13.320443
-2.0,11,13.322013
-2.0,11,13.323615
-3.0,11,13.324821
-3.0,11,13.326536
-1.0,11,13.328344
-2.0,11,13.329968
-2.0,11,13.331203
-2.0,11,13.332835
-2.0,11,13.334477
-1.0,11,13.336093
-2.0,11,13.337206
-2.0,11,13.338766
-3.0,11,13.340399
-2.0,11,13.342132
-2.0,11,13.343422
-4.0,11,13.345083
-2.0,11,13.346718
-5.0,11,13.34828
-2.0,11,13.349486
-3.0,11,13.351085
-3.0,11,13.352648
-3.0,11,13.354325
-2.0,11,13.355667
-2.0,11,13.357217
-2.0,11,13.35877
-3.0,11,13.360316
-3.0,11,13.361528
-3.0,11,13.36312
-2.0,11,13.364754
-3.0,11,13.366354
-4.0,11,13.367605
-3.0,11,13.369206
-3.0,11,13.370669
-2.0,11,13.372346
-3.0,11,13.373601
-3.0,11,13.375172
-2.0,11,13.376734
-1.0,11,13.378355
-2.0,11,13.379658
-5.0,11,13.381187
-2.0,11,13.38292
-2.0,11,13.384518
-2.0,11,13.385787
-3.0,11,13.387349
-3.0,11,13.38903
-4.0,11,13.390686
-1.0,11,13.391974
-3.0,11,13.393491
-1.0,11,13.395056
-1.0,11,13.396696
-2.0,11,13.397815
-4.0,11,13.399496
-2.0,11,13.401236
-3.0,11,13.402821
-2.0,11,13.404145
-2.0,11,13.405736
-2.0,11,13.407347
-3.0,11,13.408843
-2.0,11,13.410153
-1.0,11,13.411796
-2.0,11,13.41335
-2.0,11,13.414944
-2.0,11,13.416152
-3.0,11,13.417772
-1.0,11,13.419416
-2.0,11,13.421016
-2.0,11,13.422262
-2.0,11,13.423845
-4.0,11,13.42541
-2.0,11,13.426963
-2.0,11,13.428171
-2.0,11,13.429832
-2.0,11,13.431389
-2.0,11,13.432952
-3.0,11,13.434207
-3.0,11,13.435967
-2.0,11,13.437658
-2.0,11,13.439254
-3.0,11,13.440585
-2.0,11,13.442229
0.0,11,13.443916
-4.0,11,13.445458
-3.0,11,13.446654
-2.0,11,13.448168
-3.0,11,13.449734
-1.0,11,13.45136
-1.0,11,13.452563
-2.0,11,13.454137
0.0,11,13.455766
-1.0,11,13.457387
-2.0,11,13.458541
-2.0,11,13.460133
-1.0,11,13.461758
-3.0,11,13.463348
-5.0,11,13.464457
-3.0,11,13.466178
-4.0,11,13.467752
-3.0,11,13.469363
-3.0,11,13.47064
-2.0,11,13.472364
-2.0,11,13.473989
-3.0,11,13.475523
-3.0,11,13.476805
-3.0,11,13.478471
-4.0,11,13.480311
-1.0,11,13.481977
-2.0,11,13.483091
-3.0,11,13.484843
-3.0,11,13.486454
-2.0,11,13.488025
-3.0,11,13.48923
-2.0,11,13.490883
-2.0,11,13.49252
-3.0,11,13.493988
-2.0,11,13.495113
-2.0,11,13.496808
-3.0,11,13.498478
-2.0,11,13.500132
-2.0,11,13.501371
-3.0,11,13.503115
-3.0,11,13.50476
-2.0,11,13.50631
-1.0,11,13.507473
-2.0,11,13.50901
-2.0,11,13.510723
-2.0,11,13.512369
-2.0,11,13.513605
-3.0,11,13.515216
-2.0,11,13.516843
-2.0,11,13.518405
-2.0,11,13.519608
-1.0,11,13.521284
-3.0,11,13.52293
-4.0,11,13.524488
-3.0,11,13.525789
-3.0,11,13.527419
-1.0,11,13.528981
-4.0,11,13.530574
-1.0,11,13.531758
-3.0,11,13.533334
-2.0,11,13.534801
-3.0,11,13.536514
-2.0,11,13.537728
-3.0,11,13.539483
-2.0,11,13.541375
-4.0,11,13.542978
-2.0,11,13.544292
-1.0,11,13.5459
-1.0,11,13.547542
-2.0,11,13.549236
-2.0,11,13.550478
-1.0,11,13.552201
-2.0,11,13.553837
-3.0,11,13.555421
-2.0,11,13.556612
-3.0,11,13.558142
-3.0,11,13.559847
-3.0,11,13.561329
-4.0,11,13.562443
-3.0,11,13.564098
-3.0,11,13.565751
-2.0,11,13.567297
-3.0,11,13.568544
-4.0,11,13.570051
-2.0,11,13.571651
-2.0,11,13.573213
-1.0,11,13.574571
-1.0,11,13.576121
-3.0,11,13.577844
-2.0,11,13.579475
-3.0,11,13.580682
-2.0,11,13.582291
-2.0,11,13.584003
-2.0,11,13.585671
-2.0,11,13.586955
-3.0,11,13.588547
-2.0,11,13.590087
-1.0,11,13.591764
-4.0,11,13.592923
-3.0,11,13.594604
-2.0,11,13.59632
-4.0,11,13.597899
-3.0,11,13.599235
-1.0,11,13.600953
-3.0,11,13.60258
-1.0,11,13.604297
-3.0,11,13.605522
-3.0,11,13.607161
-2.0,11,13.608719
-2.0,11,13.610284
-4.0,11,13.611443
-2.0,11,13.61307
-2.0,11,13.614591
-3.0,11,13.616272
-4.0,11,13.617416
-3.0,11,13.61901
-2.0,11,13.620528
-4.0,11,13.622143
-2.0,11,13.62347
-4.0,11,13.62511
-2.0,11,13.626697
-1.0,11,13.628251
-3.0,11,13.629439
-2.0,11,13.631131
-3.0,11,13.632921
-1.0,11,13.634526
-4.0,11,13.635721
-2.0,11,13.637307
-2.0,11,13.638914
-4.0,11,13.640526
-3.0,11,13.641648
-3.0,11,13.643232
-3.0,11,13.644888
-2.0,11,13.646539
-4.0,11,13.647781
-3.0,11,13.649508
-4.0,11,13.651071
-4.0,11,13.652639
-2.0,11,13.653839
-4.0,11,13.65544
-4.0,11,13.65711
-4.0,11,13.658733
-2.0,11,13.659894
-2.0,11,13.6615
-3.0,11,13.663214
-2.0,11,13.664847
-3.0,11,13.666058
-3.0,11,13.667626
-3.0,11,13.669303
-3.0,11,13.670943
-3.0,11,13.672264
-4.0,11,13.673926
-2.0,11,13.675441
-2.0,11,13.677132
-2.0,11,13.678372
-2.0,11,13.680036
-3.0,11,13.681671
-3.0,11,13.683297
-1.0,11,13.684455
0.0,11,13.686156
-4.0,11,13.687716
-3.0,11,13.689302
0.0,11,13.690699
-2.0,11,13.692276
-3.0,11,13.69393
-3.0,11,13.695485
-1.0,11,13.696751
-2.0,11,13.698418
-2.0,11,13.700011
-3.0,11,13.701619
-2.0,11,13.702843
-4.0,11,13.704455
-2.0,11,13.706022
-2.0,11,13.7076
-1.0,11,13.708811
-4.0,11,13.710451
-4.0,11,13.712
-3.0,11,13.713605
-2.0,11,13.714786
-4.0,11,13.716423
-3.0,11,13.718021
-3.0,11,13.719672
-2.0,11,13.720912
-4.0,11,13.722432
-2.0,11,13.723978
-2.0,11,13.725722
-4.0,11,13.72686
-2.0,11,13.728505
-1.0,11,13.730221
-1.0,11,13.731947
-3.0,11,13.733256
-3.0,11,13.734883
-3.0,11,13.736445
-2.0,11,13.738151
-4.0,11,13.73932
-4.0,11,13.74084
-4.0,11,13.742425
-1.0,11,13.744075
-3.0,11,13.745333
-3.0,11,13.747059
-3.0,11,13.748779
-2.0,11,13.750639
-3.0,11,13.751978
-3.0,11,13.75357
-2.0,11,13.75525
-1.0,11,13.757022
-3.0,11,13.758404
-2.0,11,13.760163
-3.0,11,13.761687
-3.0,11,13.763384
-3.0,11,13.764629
-1.0,11,13.766325
-2.0,11,13.767974
-1.0,11,13.769592
-3.0,11,13.770911
-2.0,11,13.772616
-3.0,11,13.774342
-3.0,11,13.775946
-4.0,11,13.777068
-4.0,11,13.778829
-1.0,11,13.780481
-3.0,11,13.782117
-3.0,11,13.783378
-3.0,11,13.785014
-2.0,11,13.786825
0.0,11,13.788722
-4.0,11,13.789981
-4.0,11,13.791629
-3.0,11,13.793178
-2.0,11,13.794921
-2.0,11,13.796363
-1.0,11,13.798037
-3.0,11,13.799579
-2.0,11,13.80113
-3.0,11,13.802304
-4.0,11,13.803981
-1.0,11,13.805629
-4.0,11,13.8072
-3.0,11,13.808476
-3.0,11,13.810053
-4.0,11,13.811782
-3.0,11,13.813515
-1.0,11,13.814826
-1.0,11,13.816572
-2.0,11,13.818151
-2.0,11,13.819732
-3.0,11,13.820976
-2.0,11,13.822662
-2.0,11,13.82436
-2.0,11,13.826059
-3.0,11,13.827366
-2.0,11,13.829016
-5.0,11,13.830575
-4.0,11,13.832078
-3.0,11,13.83318
-2.0,11,13.834767
-2.0,11,13.83651
-3.0,11,13.838207
-3.0,11,13.839355
-2.0,11,13.84113
0.0,11,13.842974
-3.0,11,13.844536
-2.0,11,13.845794
-1.0,11,13.84735
-3.0,11,13.848947
-3.0,11,13.850643
-1.0,11,13.851926
-2.0,11,13.853575
-1.0,11,13.855204
-2.0,11,13.856814
-3.0,11,13.8581
-4.0,11,13.859843
-2.0,11,13.861585
-2.0,11,13.863233
-2.0,11,13.864361
-3.0,11,13.866014
-3.0,11,13.867784
-4.0,11,13.869367
-1.0,11,13.87055
-3.0,11,13.872215
-4.0,11,13.873823
-3.0,11,13.875421
-3.0,11,13.876557
-2.0,11,13.878218
-2.0,11,13.879819
-2.0,11,13.881399
-2.0,11,13.882546
-1.0,11,13.884436
-3.0,11,13.886016
-2.0,11,13.887579
-3.0,11,13.888751
-3.0,11,13.890397
-3.0,11,13.892066
-1.0,11,13.893822
-3.0,11,13.895032
-3.0,11,13.896539
-4.0,11,13.898106
-5.0,11,13.899619
-1.0,11,13.900864
-2.0,11,13.902538
-2.0,11,13.904225
-1.0,11,13.906015
-4.0,11,13.907223
-4.0,11,13.908756
-2.0,11,13.91039
-2.0,11,13.912074
-2.0,11,13.913276
-2.0,11,13.91483
-2.0,11,13.916433
-3.0,11,13.918074
-3.0,11,13.919344
-1.0,11,13.921095
-3.0,11,13.922629
-1.0,11,13.924318
-1.0,11,13.925636
-2.0,11,13.927488
-2.0,11,13.929138
-3.0,11,13.930706
-3.0,11,13.931928
-1.0,11,13.93363
-3.0,11,13.935105
-2.0,11,13.936743
-3.0,11,13.937942
-4.0,11,13.939668
-4.0,11,13.941478
-2.0,11,13.943199
-3.0,11,13.944363
-2.0,11,13.945987
-2.0,11,13.947661
-2.0,11,13.949364
-2.0,11,13.950659
-2.0,11,13.952411
-2.0,11,13.954101
-2.0,11,13.955784
-2.0,11,13.957148
-3.0,11,13.958825
-2.0,11,13.960541
-3.0,11,13.962147
-1.0,11,13.96342
-4.0,11,13.964986
-3.0,11,13.966582
0.0,11,13.968382
-4.0,11,13.969647
-1.0,11,13.971394
-1.0,11,13.973155
-1.0,11,13.975052
-2.0,11,13.976357
-3.0,11,13.977898
-3.0,11,13.979622
-3.0,11,13.981276
-3.0,11,13.982681
-2.0,11,13.984387
-4.0,11,13.985986
-2.0,11,13.987822
-4.0,11,13.989095
-3.0,11,13.990744
-3.0,11,13.992499
-3.0,11,13.994027
-2.0,11,13.995372
-2.0,11,13.996982
-3.0,11,13.998577
-2.0,11,14.000277
-3.0,11,14.001545
-2.0,11,14.00326
-3.0,11,14.004932
-3.0,11,14.006642
-1.0,11,14.007902
-2.0,11,14.009691
-2.0,11,14.011388
-4.0,11,14.013165
-3.0,11,14.014512
-4.0,11,14.016183
-3.0,11,14.017809
-4.0,11,14.019475
-3.0,11,14.020824
-3.0,11,14.022348
-3.0,11,14.024131
-2.0,11,14.025736
-2.0,11,14.027093
-3.0,11,14.028849
-1.0,11,14.030561
-4.0,11,14.032214
-2.0,11,14.033426
-3.0,11,14.035021
-3.0,11,14.036699
-1.0,11,14.038555
-3.0,11,14.039868
-2.0,11,14.041622
-4.0,11,14.043282
-3.0,11,14.044809
-3.0,11,14.046162
-3.0,11,14.047963
-2.0,11,14.049775
-3.0,11,14.051432
-3.0,11,14.052692
-3.0,11,14.054272
-1.0,11,14.056125
-3.0,11,14.057844
-2.0,11,14.05912
-3.0,11,14.060802
-3.0,11,14.062555
-4.0,11,14.064126
-2.0,11,14.065345
-3.0,11,14.066876
-3.0,11,14.068471
-3.0,11,14.070065
-4.0,11,14.071238
-2.0,11,14.072894
-1.0,11,14.07463
-3.0,11,14.076238
-2.0,11,14.077484
-2.0,11,14.079157
-1.0,11,14.080767
-1.0,11,14.082379
-4.0,11,14.083691
-2.0,11,14.085329
-3.0,11,14.086998
-2.0,11,14.088675
-2.0,11,14.08993
-4.0,11,14.09166
-2.0,11,14.093279
-1.0,11,14.095065
-2.0,11,14.096309
-3.0,11,14.098192
-2.0,11,14.104569
-3.0,11,14.110518
-2.0,11,14.115024
-3.0,11,14.122617
-3.0,11,14.12473
-2.0,11,14.128384
-2.0,11,14.132586
-2.0,11,14.134696
-2.0,11,14.136806
-3.0,11,14.138718
-3.0,11,14.140132
-4.0,11,14.141907
-2.0,11,14.143707
-2.0,11,14.14567
-3.0,11,14.147065
-4.0,11,14.148887
-2.0,11,14.150663
-2.0,11,14.152421
-3.0,11,14.153952
-3.0,11,14.155554
-2.0,11,14.157311
-1.0,11,14.158915
-3.0,11,14.160185
-3.0,11,14.16203
-2.0,11,14.163637
-2.0,11,14.165283
-2.0,11,14.166412
-2.0,11,14.168109
-3.0,11,14.169854
-3.0,11,14.171619
-2.0,11,14.172908
-4.0,11,14.174487
-2.0,11,14.17608
-2.0,11,14.177785
-4.0,11,14.179013
-2.0,11,14.180668
0.0,11,14.182305
-2.0,11,14.184015
-4.0,11,14.185236
-3.0,11,14.187018
-5.0,11,14.188709
-2.0,11,14.190354
-3.0,11,14.191567
-4.0,11,14.193167
-1.0,11,14.194979
0.0,11,14.196855
-3.0,11,14.19812
-2.0,11,14.199736
-2.0,11,14.20138
-3.0,11,14.203126
-3.0,11,14.204363
-3.0,11,14.205994
-2.0,11,14.207722
-2.0,11,14.209393
-2.0,11,14.210704
-1.0,11,14.21251
-3.0,11,14.214213
-1.0,11,14.215887
-2.0,11,14.217007
-3.0,11,14.218677
-2.0,11,14.220501
-4.0,11,14.222234
-3.0,11,14.223527
-4.0,11,14.225184
-4.0,11,14.226799
-3.0,11,14.228681
-2.0,11,14.229988
-2.0,11,14.23162
-1.0,11,14.233424
-2.0,11,14.23507
-2.0,11,14.236465
-3.0,11,14.238198
-3.0,11,14.239833
-2.0,11,14.24151
-2.0,11,14.242722
-3.0,11,14.244527
-2.0,11,14.246317
-4.0,11,14.247964
-2.0,11,14.249234
-1.0,11,14.250893
-1.0,11,14.252864
-1.0,11,14.254663
-2.0,11,14.255924
-1.0,11,14.257527
-3.0,11,14.259279
-3.0,11,14.260919
-1.0,11,14.262625
-1.0,11,14.264437
-3.0,11,14.266207
-2.0,11,14.267891
-4.0,11,14.269176
-2.0,11,14.271173
-2.0,11,14.272828
-4.0,11,14.274536
-2.0,11,14.275847
-2.0,11,14.277861
-3.0,11,14.279625
-2.0,11,14.281379
-2.0,11,14.282814
-2.0,11,14.284546
-3.0,11,14.28639
-4.0,11,14.28841
-1.0,11,14.289726
-2.0,11,14.291586
-2.0,11,14.293307
-2.0,11,14.294986
-3.0,11,14.296269
-4.0,11,14.297915
-2.0,11,14.299613
-4.0,11,14.30121
-3.0,11,14.302428
-3.0,11,14.304409
-2.0,11,14.306098
-2.0,11,14.307736
-1.0,11,14.309006
-2.0,11,14.310673
-3.0,11,14.312323
-3.0,11,14.313933
-3.0,11,14.315253
-1.0,11,14.316884
-1.0,11,14.318619
-3.0,11,14.320341
-2.0,11,14.321561
-4.0,11,14.323228
-3.0,11,14.324933
-4.0,11,14.326597
-3.0,11,14.327988
-2.0,11,14.329651
-3.0,11,14.331355
-3.0,11,14.332929
-3.0,11,14.334285
-1.0,11,14.336087
-2.0,11,14.337831
-2.0,11,14.339508
-4.0,11,14.340745
-3.0,11,14.342368
-2.0,11,14.344019
-3.0,11,14.345867
-1.0,11,14.347216
-3.0,11,14.348857
-4.0,11,14.350468
-3.0,11,14.352049
-4.0,11,14.353336
-4.0,11,14.354898
-4.0,11,14.356501
-4.0,11,14.358117
-2.0,11,14.359386
-4.0,11,14.361319
-1.0,11,14.363134
-2.0,11,14.364774
-3.0,11,14.365898
-2.0,11,14.367636
-3.0,11,14.36944
-4.0,11,14.371111
-1.0,11,14.372445
-4.0,11,14.374003
-1.0,11,14.37562
-1.0,11,14.377323
-3.0,11,14.378527
-3.0,11,14.380307
-2.0,11,14.38199
-2.0,11,14.383601
-1.0,11,14.384778
-2.0,11,14.386523
-1.0,11,14.388302
-3.0,11,14.390013
-3.0,11,14.391198
-4.0,11,14.392715
-3.0,11,14.394445
0.0,11,14.396214
-4.0,11,14.397503
-4.0,11,14.399161
-4.0,11,14.400693
-3.0,11,14.402238
-3.0,11,14.403608
-3.0,11,14.405422
-3.0,11,14.407033
-2.0,11,14.408675
-4.0,11,14.409897
-3.0,11,14.411703
-2.0,11,14.413409
-2.0,11,14.415033
-1.0,11,14.416325
-3.0,11,14.417976
-3.0,11,14.419714
-3.0,11,14.421325
-1.0,11,14.422616
-1.0,11,14.424406
-2.0,11,14.425938
-3.0,11,14.427598
-3.0,11,14.428814
-3.0,11,14.43056
-2.0,11,14.43227
-3.0,11,14.433889
-2.0,11,14.435132
-1.0,11,14.436972
-2.0,11,14.438755
-2.0,11,14.440418
-2.0,11,14.441698
-3.0,11,14.443373
-3.0,11,14.445188
-4.0,11,14.446732
-2.0,11,14.448103
-2.0,11,14.449811
-3.0,11,14.451391
-3.0,11,14.453134
-3.0,11,14.454449
-4.0,11,14.456101
-3.0,11,14.45785
-4.0,11,14.459346
-1.0,11,14.460756
-4.0,11,14.462436
-3.0,11,14.463986
-2.0,11,14.465603
-2.0,11,14.466807
-2.0,11,14.468485
-3.0,11,14.470101
-2.0,11,14.471851
-2.0,11,14.473188
-1.0,11,14.474845
-3.0,11,14.476569
-4.0,11,14.478096
-2.0,11,14.479439
-1.0,11,14.481279
-2.0,11,14.483053
-1.0,11,14.484659
-4.0,11,14.48581
-3.0,11,14.487327
-2.0,11,14.488935
-2.0,11,14.490728
-2.0,11,14.492064
-3.0,11,14.493699
-2.0,11,14.495406
-4.0,11,14.497
-3.0,11,14.498271
-2.0,11,14.499948
-3.0,11,14.501631
-2.0,11,14.50328
-3.0,11,14.504534
-3.0,11,14.506196
-2.0,11,14.507934
-1.0,11,14.509568
-2.0,11,14.510875
-4.0,11,14.51251
-3.0,11,14.514162
-3.0,11,14.515931
-2.0,11,14.51729
-2.0,11,14.51895
-4.0,11,14.520653
-1.0,11,14.52231
-1.0,11,14.523745
-2.0,11,14.525414
-2.0,11,14.527137
-4.0,11,14.5287
-2.0,11,14.529933
-2.0,11,14.531676
-2.0,11,14.533336
-2.0,11,14.535024
-3.0,11,14.536308
-4.0,11,14.537883
-3.0,11,14.539619
-3.0,11,14.541324
-2.0,11,14.542566
-1.0,11,14.544383
-3.0,11,14.546118
-3.0,11,14.547774
-4.0,11,14.549135
-3.0,11,14.550817
-2.0,11,14.552567
-2.0,11,14.554311
-2.0,11,14.555543
-2.0,11,14.557369
-5.0,11,14.558947
-4.0,11,14.560523
0.0,11,14.561824
-1.0,11,14.563561
-2.0,11,14.565236
-3.0,11,14.566878
-4.0,11,14.568138
-2.0,11,14.569802
-2.0,11,14.571496
-2.0,11,14.573165
-2.0,11,14.574411
-3.0,11,14.576054
-3.0,11,14.577726
-2.0,11,14.579524
-4.0,11,14.580734
-2.0,11,14.582381
-3.0,11,14.584075
-2.0,11,14.585814
-1.0,11,14.587072
-1.0,11,14.588785
-3.0,11,14.590469
-3.0,11,14.592013
-3.0,11,14.593352
-2.0,11,14.595215
-4.0,11,14.59687
-3.0,11,14.598576
-2.0,11,14.599747
-3.0,11,14.601378
-2.0,11,14.603293
0.0,11,14.605156
-1.0,11,14.606556
-3.0,11,14.608164
-6.0,11,14.609634
-4.0,11,14.611307
-2.0,11,14.612597
-3.0,11,14.614217
-1.0,11,14.616045
-2.0,11,14.617567
-4.0,11,14.618949
-1.0,11,14.620779
-4.0,11,14.62244
-3.0,11,14.624043
-2.0,11,14.625326
-4.0,11,14.62691
-4.0,11,14.628605
-3.0,11,14.630343
-3.0,11,14.631658
-1.0,11,14.63336
-3.0,11,14.634941
-2.0,11,14.63659
-3.0,11,14.637821
-2.0,11,14.639425
-1.0,11,14.641172
-2.0,11,14.642841
-2.0,11,14.643995
-2.0,11,14.645631
-3.0,11,14.647342
-2.0,11,14.649131
-3.0,11,14.650312
-5.0,11,14.651868
-2.0,11,14.653593
-3.0,11,14.655394
-1.0,11,14.656787
-3.0,11,14.658478
-2.0,11,14.660145
-4.0,11,14.661814
-2.0,11,14.663114
-1.0,11,14.664904
-3.0,11,14.666536
-1.0,11,14.668135
-3.0,11,14.669342
-3.0,11,14.670977
-3.0,11,14.672612
-2.0,11,14.674267
-3.0,11,14.675464
-3.0,11,14.677044
-3.0,11,14.67865
-4.0,11,14.680166
-3.0,11,14.681413
-1.0,11,14.683015
-4.0,11,14.684699
-1.0,11,14.686441
-1.0,11,14.687729
-4.0,11,14.689381
-3.0,11,14.691109
-2.0,11,14.692769
-1.0,11,14.694027
-4.0,11,14.695625
-4.0,11,14.697414
-4.0,11,14.699067
-2.0,11,14.700253
-3.0,11,14.701907
-2.0,11,14.703568
-3.0,11,14.705207
-3.0,11,14.706336
-3.0,11,14.707971
-2.0,11,14.709565
-1.0,11,14.711202
-2.0,11,14.71245
-2.0,11,14.714105
-3.0,11,14.715807
-4.0,11,14.717429
0.0,11,14.718793
-2.0,11,14.720469
-3.0,11,14.722155
-2.0,11,14.72389
-1.0,11,14.725167
-2.0,11,14.726813
-3.0,11,14.728419
-2.0,11,14.730145
-2.0,11,14.731312
-1.0,11,14.733112
-3.0,11,14.734655
-2.0,11,14.736334
-2.0,11,14.737544
-4.0,11,14.739218
-2.0,11,14.740827
-4.0,11,14.742379
-4.0,11,14.74355
-2.0,11,14.745202
-3.0,11,14.746803
-3.0,11,14.748511
-3.0,11,14.74971
-3.0,11,14.751398
-3.0,11,14.753012
-3.0,11,14.754621
-2.0,11,14.755894
-3.0,11,14.757527
-2.0,11,14.759415
-3.0,11,14.76106
-2.0,11,14.762343
-2.0,11,14.764094
-2.0,11,14.765711
-2.0,11,14.76729
-3.0,11,14.768469
-3.0,11,14.769978
-4.0,11,14.771596
-2.0,11,14.773369
-2.0,11,14.774705
-3.0,11,14.776362
-3.0,11,14.777959
-1.0,11,14.779638
-4.0,11,14.78087
-2.0,11,14.782659
-1.0,11,14.784379
-2.0,11,14.785931
-3.0,11,14.787217
-4.0,11,14.788697
-3.0,11,14.790304
-4.0,11,14.791983
-1.0,11,14.793235
0.0,11,14.794951
-3.0,11,14.79653
-3.0,11,14.798108
-4.0,11,14.799283
-4.0,11,14.800762
-3.0,11,14.802378
-3.0,11,14.803883
-2.0,11,14.80499
-2.0,11,14.806697
-2.0,11,14.808308
-3.0,11,14.809876
-4.0,11,14.811072
-3.0,11,14.812717
-4.0,11,14.814383
-3.0,11,14.815984
-4.0,11,14.817188
-1.0,11,14.818949
-3.0,11,14.820501
-1.0,11,14.822148
-2.0,11,14.823447
-3.0,11,14.825141
-3.0,11,14.826915
0.0,11,14.828638
-2.0,11,14.829963
-3.0,11,14.83164
-3.0,11,14.833243
-4.0,11,14.834821
-3.0,11,14.836033
-3.0,11,14.837642
-2.0,11,14.839405
-3.0,11,14.841075
-1.0,11,14.842323
0.0,11,14.843889
-4.0,11,14.845539
-2.0,11,14.847169
-3.0,11,14.848604
-2.0,11,14.850378
-1.0,11,14.852064
-2.0,11,14.853891
-2.0,11,14.855158
-2.0,11,14.856875
-4.0,11,14.858568
-1.0,11,14.860224
-2.0,11,14.861443
-2.0,11,14.863172
-3.0,11,14.864792
-2.0,11,14.866506
-3.0,11,14.86779
-2.0,11,14.869535
-2.0,11,14.871169
-3.0,11,14.872778
-3.0,11,14.873983
-2.0,11,14.875621
-2.0,11,14.877308
-2.0,11,14.878886
-2.0,11,14.880059
-4.0,11,14.881569
-2.0,11,14.883179
-1.0,11,14.884804
-4.0,11,14.88597
-2.0,11,14.887574
-2.0,11,14.889207
-2.0,11,14.890897
-1.0,11,14.892123
-2.0,11,14.89373
-3.0,11,14.895264
-2.0,11,14.89688
-1.0,11,14.898124
-2.0,11,14.899681
-3.0,11,14.901292
-3.0,11,14.902825
-3.0,11,14.904029
-2.0,11,14.905826
-2.0,11,14.907489
-2.0,11,14.909054
-1.0,11,14.910413
-4.0,11,14.912049
-2.0,11,14.913778
-3.0,11,14.915609
-1.0,11,14.916854
-2.0,11,14.918517
-2.0,11,14.920442
-2.0,11,14.922134
-2.0,11,14.923476
-3.0,11,14.925063
-4.0,11,14.926661
-3.0,11,14.928326
-2.0,11,14.929556
-2.0,11,14.931151
-3.0,11,14.932773
-3.0,11,14.934434
-5.0,11,14.935613
-1.0,11,14.937267
-2.0,11,14.938775
-2.0,11,14.940449
-2.0,11,14.941768
-2.0,11,14.943591
-2.0,11,14.945202
-3.0,11,14.946805
-2.0,11,14.947973
-2.0,11,14.949685
-2.0,11,14.951247
-1.0,11,14.952879
-4.0,11,14.954203
-3.0,11,14.955839
-3.0,11,14.957484
-4.0,11,14.95903
-4.0,11,14.960205
-4.0,11,14.96179
-5.0,11,14.963466
-2.0,11,14.965058
-2.0,11,14.966304
-4.0,11,14.967968
-1.0,11,14.96964
-3.0,11,14.971345
-1.0,11,14.972538
-3.0,11,14.974113
-2.0,11,14.975755
-2.0,11,14.977483
-2.0,11,14.978759
-2.0,11,14.980486
-2.0,11,14.982227
-2.0,11,14.983914
-1.0,11,14.985184
-3.0,11,14.986689
-2.0,11,14.988265
0.0,11,14.989976
-2.0,11,14.99119
-1.0,11,14.992907
-1.0,11,14.994602
-3.0,11,14.996159
-3.0,11,14.997484
-2.0,11,14.999125
-2.0,11,15.000761
-3.0,11,15.002426
-1.0,11,15.00365
-3.0,11,15.005279
-2.0,11,15.006872
-3.0,11,15.008591
-3.0,11,15.009863
-1.0,11,15.011503
-1.0,11,15.013168
-2.0,11,15.014773
-3.0,11,15.016064
-4.0,11,15.017664
-2.0,11,15.0193
-2.0,11,15.020962
-4.0,11,15.022075
-4.0,11,15.023674
-1.0,11,15.025332
-2.0,11,15.026906
-2.0,11,15.028251
-2.0,11,15.029803
-3.0,11,15.031479
-3.0,11,15.033121
-2.0,11,15.034339
-4.0,11,15.035945
-1.0,11,15.037626
0.0,11,15.039373
-1.0,11,15.040805
-4.0,11,15.042474
-4.0,11,15.044099
-2.0,11,15.045725
-3.0,11,15.046802
-2.0,11,15.048503
-2.0,11,15.050127
-1.0,11,15.051801
-2.0,11,15.053051
-4.0,11,15.054645
-1.0,11,15.056298
-2.0,11,15.057863
-3.0,11,15.059069
-3.0,11,15.060805
-2.0,11,15.062454
-2.0,11,15.064054
-2.0,11,15.06534
-3.0,11,15.067106
-3.0,11,15.068825
-3.0,11,15.070531
-2.0,11,15.071706
-2.0,11,15.073312
-2.0,11,15.074986
-3.0,11,15.076507
-2.0,11,15.077843
-2.0,11,15.079442
0.0,11,15.081083
-3.0,11,15.082656
-3.0,11,15.083781
-2.0,11,15.085408
-4.0,11,15.086914
-5.0,11,15.088484
-3.0,11,15.08964
-2.0,11,15.091296
-1.0,11,15.092977
-2.0,11,15.094581
-3.0,11,15.095916
-2.0,11,15.097531
-3.0,11,15.099128
-1.0,11,15.100756
-2.0,11,15.101977
-3.0,11,15.103558
-3.0,11,15.105275
-3.0,11,15.106969
-1.0,11,15.108367
-1.0,11,15.110022
-5.0,11,15.111648
-1.0,11,15.113367
-3.0,11,15.114558
-5.0,11,15.116065
-1.0,11,15.117755
0.0,11,15.119507
-2.0,11,15.120709
-2.0,11,15.122461
-3.0,11,15.124092
-5.0,11,15.125594
-2.0,11,15.126783
-1.0,11,15.128414
-3.0,11,15.129972
-3.0,11,15.13165
-2.0,11,15.132932
0.0,11,15.134679
-3.0,11,15.136174
-3.0,11,15.137958
-3.0,11,15.139225
-2.0,11,15.140803
-4.0,11,15.142383
-4.0,11,15.143999
-2.0,11,15.145179
-2.0,11,15.1471
-3.0,11,15.148775
0.0,11,15.150535
-2.0,11,15.151826
-1.0,11,15.153567
-2.0,11,15.155358
-3.0,11,15.156972
-2.0,11,15.158287
-3.0,11,15.160027
-2.0,11,15.161971
-3.0,11,15.16389
-3.0,11,15.165236
-2.0,11,15.166998
-2.0,11,15.168714
-2.0,11,15.170387
-2.0,11,15.171688
-2.0,11,15.17341
-2.0,11,15.175174
-2.0,11,15.176793
-3.0,11,15.178241
-2.0,11,15.180151
-2.0,11,15.182144
-3.0,11,15.183889
-2.0,11,15.185177
-2.0,11,15.186919
-2.0,11,15.188624
-3.0,11,15.190393
-2.0,11,15.19168
-1.0,11,15.193456
-3.0,11,15.195082
-4.0,11,15.196641
-2.0,11,15.197854
-4.0,11,15.199469
-1.0,11,15.201344
-3.0,11,15.203023
-4.0,11,15.204204
-1.0,11,15.20587
-4.0,11,15.207426
-3.0,11,15.20893
-1.0,11,15.210231
-4.0,11,15.211756
-3.0,11,15.21332
-3.0,11,15.214967
-1.0,11,15.216274
-5.0,11,15.217987
-2.0,11,15.219582
-2.0,11,15.221221
-2.0,11,15.222418
-3.0,11,15.224167
-3.0,11,15.226048
-3.0,11,15.227799
-4.0,11,15.229065
-1.0,11,15.230768
-2.0,11,15.232376
-4.0,11,15.23397
-2.0,11,15.235294
-3.0,11,15.237008
-2.0,11,15.238663
-1.0,11,15.240336
-2.0,11,15.241595
-1.0,11,15.243312
-2.0,11,15.245062
-4.0,11,15.246682
-1.0,11,15.247898
-3.0,11,15.249525
-2.0,11,15.251244
-4.0,11,15.252916
-4.0,11,15.25406
-3.0,11,15.255622
-3.0,11,15.257302
-2.0,11,15.258851
-3.0,11,15.26004
-1.0,11,15.261673
-2.0,11,15.263301
-2.0,11,15.265015
-3.0,11,15.266213
-4.0,11,15.267957
-1.0,11,15.269716
-3.0,11,15.271245
-2.0,11,15.27251
-2.0,11,15.274128
-2.0,11,15.275725
-5.0,11,15.277272
-1.0,11,15.278517
-4.0,11,15.280217
-2.0,11,15.28188
-1.0,11,15.283553
-3.0,11,15.284817
-1.0,11,15.286564
-4.0,11,15.288181
-3.0,11,15.289818
-3.0,11,15.291055
-3.0,11,15.292631
-3.0,11,15.294291
-1.0,11,15.295933
-2.0,11,15.297169
-3.0,11,15.298852
-3.0,11,15.300434
-2.0,11,15.302162
-1.0,11,15.303416
-3.0,11,15.304958
-3.0,11,15.306607
-1.0,11,15.308232
-4.0,11,15.309421
-2.0,11,15.311056
-2.0,11,15.312665
-5.0,11,15.314166
-2.0,11,15.3154
-2.0,11,15.317001
-2.0,11,15.318578
-4.0,11,15.32024
-2.0,11,15.321311
-3.0,11,15.32288
-1.0,11,15.32463
-2.0,11,15.326334
-1.0,11,15.327647
-3.0,11,15.329165
-3.0,11,15.330814
-3.0,11,15.33248
-4.0,11,15.333688
-3.0,11,15.335246
-2.0,11,15.336793
-3.0,11,15.338377
-2.0,11,15.339604
-2.0,11,15.341277
-2.0,11,15.342954
-2.0,11,15.344544
-2.0,11,15.345828
-2.0,11,15.347494
-2.0,11,15.349205
-2.0,11,15.350965
-3.0,11,15.352239
-3.0,11,15.353828
-3.0,11,15.355521
-2.0,11,15.357102
-3.0,11,15.358301
-1.0,11,15.359994
-2.0,11,15.361627
-2.0,11,15.363229
-1.0,11,15.364507
-3.0,11,15.366093
-3.0,11,15.367756
-1.0,11,15.369425
-2.0,11,15.370587
-3.0,11,15.37237
-2.0,11,15.373968
-5.0,11,15.375539
-2.0,11,15.376877
-3.0,11,15.378563
-2.0,11,15.380373
-2.0,11,15.382131
-2.0,11,15.383581
-3.0,11,15.38517
0.0,11,15.386861
-2.0,11,15.388456
-3.0,11,15.38958
-2.0,11,15.391234
0.0,11,15.392903
-1.0,11,15.394604
-3.0,11,15.39593
-2.0,11,15.397648
-3.0,11,15.399251
-2.0,11,15.400803
-2.0,11,15.402106
-3.0,11,15.403641
-3.0,11,15.405213
-4.0,11,15.406817
-1.0,11,15.408212
-4.0,11,15.40977
-2.0,11,15.411383
-2.0,11,15.413036
-3.0,11,15.41424
-1.0,11,15.415834
-3.0,11,15.417443
-3.0,11,15.41903
-3.0,11,15.420191
-3.0,11,15.42183
-4.0,11,15.423456
-1.0,11,15.4251
0.0,11,15.426407
-3.0,11,15.427948
-3.0,11,15.429527
-3.0,11,15.431083
-3.0,11,15.432243
-3.0,11,15.433807
-1.0,11,15.435482
-2.0,11,15.437155
-2.0,11,15.43844
-2.0,11,15.43998
-4.0,11,15.441477
-1.0,11,15.443092
-2.0,11,15.444215
-3.0,11,15.445813
-1.0,11,15.44756
-2.0,11,15.449173
-3.0,11,15.450346
-1.0,11,15.451902
-3.0,11,15.453594
-4.0,11,15.455159
-2.0,11,15.456483
-3.0,11,15.458213
-3.0,11,15.459813
-3.0,11,15.46146
-1.0,11,15.462757
-3.0,11,15.464206
-3.0,11,15.465907
-2.0,11,15.467526
-2.0,11,15.468714
-3.0,11,15.470311
-2.0,11,15.471997
-1.0,11,15.47367
-3.0,11,15.474854
-2.0,11,15.476491
-3.0,11,15.478208
-2.0,11,15.479721
-1.0,11,15.481021
-4.0,11,15.48262
-4.0,11,15.484219
-1.0,11,15.48596
-3.0,11,15.4872
-3.0,11,15.488728
-3.0,11,15.490357
-4.0,11,15.492011
-3.0,11,15.493275
-4.0,11,15.494797
-2.0,11,15.496498
-3.0,11,15.49796
-1.0,11,15.499159
-3.0,11,15.500755
-1.0,11,15.502382
-3.0,11,15.504035
-1.0,11,15.505367
-3.0,11,15.507029
-3.0,11,15.508565
-2.0,11,15.510212
-2.0,11,15.511328
-1.0,11,15.512967
-3.0,11,15.514507
-1.0,11,15.516152
0.0,11,15.51741
-1.0,11,15.51896
-1.0,11,15.520677
-3.0,11,15.522199
-4.0,11,15.523455
-4.0,11,15.525162
-1.0,11,15.526809
-2.0,11,15.528315
-2.0,11,15.529613
-3.0,11,15.531386
-3.0,11,15.533204
-1.0,11,15.53482
-2.0,11,15.536055
-2.0,11,15.537689
-2.0,11,15.539427
-1.0,11,15.541389
-2.0,11,15.542694
-1.0,11,15.544427
-3.0,11,15.546038
-1.0,11,15.547653
-3.0,11,15.54885
-2.0,11,15.550496
-3.0,11,15.552138
-2.0,11,15.553819
-2.0,11,15.554986
-2.0,11,15.556781
-3.0,11,15.558569
-2.0,11,15.560264
-3.0,11,15.561439
0.0,11,15.56328
-2.0,11,15.565001
-3.0,11,15.566684
-3.0,11,15.567938
-1.0,11,15.569678
-1.0,11,15.57141
-2.0,11,15.573015
-2.0,11,15.57432
-3.0,11,15.575977
-5.0,11,15.577483
-2.0,11,15.579104
-2.0,11,15.580324
-2.0,11,15.582079
-1.0,11,15.58378
-2.0,11,15.585391
-3.0,11,15.586645
-3.0,11,15.588269
-3.0,11,15.589874
-2.0,11,15.59151
-2.0,11,15.592772
-3.0,11,15.594374
-2.0,11,15.59616
-3.0,11,15.597744
-2.0,11,15.598939
-3.0,11,15.600545
0.0,11,15.602316
-3.0,11,15.603972
-2.0,11,15.605182
-2.0,11,15.606836
-3.0,11,15.608438
-4.0,11,15.610129
-2.0,11,15.61134
-2.0,11,15.612955
-1.0,11,15.614615
-1.0,11,15.616292
-2.0,11,15.617621
-4.0,11,15.619266
-2.0,11,15.620914
-3.0,11,15.622538
-2.0,11,15.62383
-2.0,11,15.625581
-2.0,11,15.627204
-3.0,11,15.628865
-1.0,11,15.630031
-2.0,11,15.63167
-2.0,11,15.633272
-1.0,11,15.634991
-2.0,11,15.636243
-4.0,11,15.637825
-1.0,11,15.639471
-1.0,11,15.64117
-2.0,11,15.642467
-3.0,11,15.644141
-4.0,11,15.645758
-3.0,11,15.647318
-3.0,11,15.648473
-2.0,11,15.650139
-2.0,11,15.651716
-3.0,11,15.653294
-2.0,11,15.6547
-3.0,11,15.656509
-2.0,11,15.658117
-1.0,11,15.659854
-3.0,11,15.661247
-2.0,11,15.662932
-3.0,11,15.664608
-3.0,11,15.666193
-2.0,11,15.667456
-3.0,11,15.669135
-1.0,11,15.670889
-2.0,11,15.672595
-2.0,11,15.673883
-5.0,11,15.675481
-1.0,11,15.67713
-2.0,11,15.678795
-2.0,11,15.679924
-3.0,11,15.681773
-4.0,11,15.683457
-3.0,11,15.685077
-1.0,11,15.686424
-2.0,11,15.688102
-1.0,11,15.689683
-2.0,11,15.691355
-1.0,11,15.692643
-2.0,11,15.694316
-2.0,11,15.696223
-2.0,11,15.697949
-2.0,11,15.699268
-1.0,11,15.701053
-3.0,11,15.702813
-2.0,11,15.704545
-2.0,11,15.705816
-2.0,11,15.707376
-4.0,11,15.709009
-2.0,11,15.710669
-3.0,11,15.712139
-2.0,11,15.713862
-4.0,11,15.715536
-1.0,11,15.717329
-4.0,11,15.718504
-2.0,11,15.720165
-3.0,11,15.721747
-2.0,11,15.723504
-1.0,11,15.724876
-4.0,11,15.726582
-3.0,11,15.728239
-3.0,11,15.72993
-3.0,11,15.731224
-2.0,11,15.733127
-2.0,11,15.734935
-2.0,11,15.736698
-3.0,11,15.7379
-2.0,11,15.739575
-3.0,11,15.741324
-1.0,11,15.743135
-4.0,11,15.744341
-4.0,11,15.745951
-1.0,11,15.747706
-2.0,11,15.749381
-2.0,11,15.750673
-2.0,11,15.752398
-3.0,11,15.75404
-2.0,11,15.755672
-4.0,11,15.756806
-3.0,11,15.758604
-3.0,11,15.760288
-1.0,11,15.762152
-1.0,11,15.763371
-2.0,11,15.765095
-3.0,11,15.766835
-2.0,11,15.768473
-2.0,11,15.769701
-3.0,11,15.771342
-1.0,11,15.772905
-2.0,11,15.774625
-3.0,11,15.775965
-3.0,11,15.777604
-2.0,11,15.779257
-2.0,11,15.781072
-2.0,11,15.782289
-2.0,11,15.784142
-1.0,11,15.785928
-2.0,11,15.787669
-2.0,11,15.78895
-3.0,11,15.790565
-2.0,11,15.792223
-3.0,11,15.793871
-4.0,11,15.795139
-3.0,11,15.796904
-2.0,11,15.79869
-2.0,11,15.800296
-2.0,11,15.80156
-2.0,11,15.803263
-4.0,11,15.804831
-2.0,11,15.806445
-3.0,11,15.807744
-3.0,11,15.809441
-4.0,11,15.811067
-3.0,11,15.812735
-3.0,11,15.813907
-2.0,11,15.815589
0.0,11,15.817209
-4.0,11,15.81885
-2.0,11,15.820067
-1.0,11,15.821849
-2.0,11,15.823411
0.0,11,15.825181
-3.0,11,15.826567
-3.0,11,15.828372
-3.0,11,15.830027
-1.0,11,15.831742
-4.0,11,15.83296
-3.0,11,15.834569
-3.0,11,15.836224
-6.0,11,15.837885
-3.0,11,15.839084
-3.0,11,15.840847
-4.0,11,15.842411
-3.0,11,15.843976
-3.0,11,15.845189
-2.0,11,15.84703
-2.0,11,15.848836
-2.0,11,15.850517
-4.0,11,15.851769
-1.0,11,15.853545
-3.0,11,15.855249
-2.0,11,15.856877
-3.0,11,15.858076
-2.0,11,15.859781
-2.0,11,15.861537
-1.0,11,15.863297
-2.0,11,15.864541
-1.0,11,15.866279
-3.0,11,15.867835
-3.0,11,15.869559
-2.0,11,15.870728
-1.0,11,15.87243
-3.0,11,15.874025
-2.0,11,15.875706
-2.0,11,15.876959
-2.0,11,15.878506
-3.0,11,15.880293
-4.0,11,15.881867
-2.0,11,15.883094
-2.0,11,15.884799
-2.0,11,15.886642
-3.0,11,15.888295
-3.0,11,15.889507
-3.0,11,15.891179
-1.0,11,15.892969
-4.0,11,15.894634
-2.0,11,15.895916
-2.0,11,15.897636
-3.0,11,15.899115
-2.0,11,15.900716
-2.0,11,15.90202
-2.0,11,15.903658
-2.0,11,15.905359
-4.0,11,15.906989
-1.0,11,15.908267
-2.0,11,15.909855
0.0,11,15.911545
-5.0,11,15.913137
-2.0,11,15.91441
-4.0,11,15.915945
-3.0,11,15.917572
-2.0,11,15.919182
-1.0,11,15.920473
-3.0,11,15.922056
-3.0,11,15.923673
-2.0,11,15.92543
-1.0,11,15.926676
-1.0,11,15.928325
-2.0,11,15.93009
-2.0,11,15.931817
-1.0,11,15.933274
-3.0,11,15.934966
-2.0,11,15.936633
-1.0,11,15.938194
-1.0,11,15.939454
-2.0,11,15.941082
-2.0,11,15.942815
-2.0,11,15.944447
-3.0,11,15.945725
-4.0,11,15.947406
-2.0,11,15.949028
-2.0,11,15.950617
-1.0,11,15.951861
-2.0,11,15.953454
-2.0,11,15.955142
-3.0,11,15.956776
-4.0,11,15.957923
-3.0,11,15.959428
-4.0,11,15.961059
-1.0,11,15.962804
-3.0,11,15.964046
-4.0,11,15.965684
-3.0,11,15.96727
-3.0,11,15.968914
-2.0,11,15.970183
-3.0,11,15.971752
-3.0,11,15.973329
-4.0,11,15.974926
-1.0,11,15.976163
-2.0,11,15.977766
-3.0,11,15.979289
-3.0,11,15.980937
-2.0,11,15.982182
-3.0,11,15.983747
-3.0,11,15.98533
-3.0,11,15.98689
-1.0,11,15.988127
-3.0,11,15.989732
-2.0,11,15.991358
-2.0,11,15.993077
-4.0,11,15.994272
-1.0,11,15.996345
-2.0,11,15.998032
-3.0,11,15.999545
-2.0,11,16.000857
-2.0,11,16.002544
-3.0,11,16.004364
-1.0,11,16.006164
-3.0,11,16.00761
-3.0,11,16.009191
-2.0,11,16.010879
-3.0,11,16.012433
-3.0,11,16.013756
-1.0,11,16.015537
-3.0,11,16.017271
0.0,11,16.018875
-3.0,11,16.020084
-2.0,11,16.02183
-1.0,11,16.023509
-2.0,11,16.025109
-2.0,11,16.026333
-1.0,11,16.027846
-3.0,11,16.029527
-2.0,11,16.031305
-2.0,11,16.032562
-2.0,11,16.034246
-1.0,11,16.035977
-1.0,11,16.037606
-3.0,11,16.038832
-3.0,11,16.040669
-1.0,11,16.04233
-1.0,11,16.043979
-2.0,11,16.045276
-3.0,11,16.046918
-1.0,11,16.048616
-3.0,11,16.050241
-2.0,11,16.0514
-3.0,11,16.053002
-3.0,11,16.054619
-4.0,11,16.056158
-1.0,11,16.057403
-2.0,11,16.059138
-1.0,11,16.060901
-4.0,11,16.062532
-1.0,11,16.063811
-1.0,11,16.065521
-3.0,11,16.067226
-3.0,11,16.068785
-2.0,11,16.069964
-2.0,11,16.071572
-3.0,11,16.073221
0.0,11,16.074971
-2.0,11,16.076165
-3.0,11,16.077778
-3.0,11,16.0794
-2.0,11,16.080941
-3.0,11,16.082218
-2.0,11,16.083897
-5.0,11,16.085644
-2.0,11,16.087241
-4.0,11,16.088525
-2.0,11,16.090153
-2.0,11,16.091827
-2.0,11,16.093503
-3.0,11,16.094686
-1.0,11,16.096226
-4.0,11,16.097874
-1.0,11,16.09951
-2.0,11,16.100752
-2.0,11,16.102531
-4.0,11,16.10411
-2.0,11,16.105777
-2.0,11,16.107065
-3.0,11,16.108702
-1.0,11,16.110342
-4.0,11,16.111881
-1.0,11,16.113206
-1.0,11,16.114859
-3.0,11,16.116454
-2.0,11,16.118093
0.0,11,16.119323
-1.0,11,16.121006
-1.0,11,16.122705
-2.0,11,16.124408
-3.0,11,16.125605
-3.0,11,16.127228
-1.0,11,16.129078
-4.0,11,16.130623
-3.0,11,16.13174
-3.0,11,16.133385
-2.0,11,16.135119
-2.0,11,16.136771
-4.0,11,16.138059
-1.0,11,16.139824
-3.0,11,16.141474
-2.0,11,16.143111
-3.0,11,16.144403
-3.0,11,16.146074
-3.0,11,16.147728
-3.0,11,16.14943
-1.0,11,16.150783
-3.0,11,16.15256
-2.0,11,16.154225
-1.0,11,16.156009
-1.0,11,16.157395
-3.0,11,16.159057
-3.0,11,16.16065
-1.0,11,16.162578
-1.0,11,16.163887
-3.0,11,16.165549
-3.0,11,16.167189
-1.0,11,16.168935
-3.0,11,16.170188
-3.0,11,16.171983
-1.0,11,16.173622
-2.0,11,16.17535
-1.0,11,16.176679
-4.0,11,16.178325
-2.0,11,16.17997
-3.0,11,16.181545
-3.0,11,16.182815
-4.0,11,16.184427
-3.0,11,16.186127
-1.0,11,16.187772
-1.0,11,16.189015
-1.0,11,16.190609
-3.0,11,16.192291
-1.0,11,16.194081
-1.0,11,16.195387
-2.0,11,16.197116
-4.0,11,16.198643
-3.0,11,16.200329
-3.0,11,16.201548
-2.0,11,16.203286
-2.0,11,16.204982
-1.0,11,16.206719
-4.0,11,16.207977
-3.0,11,16.209681
-1.0,11,16.211312
-2.0,11,16.213003
-1.0,11,16.214125
-2.0,11,16.215682
-3.0,11,16.217334
-4.0,11,16.218941
-2.0,11,16.220252
-2.0,11,16.221973
-4.0,11,16.223533
-2.0,11,16.225168
0.0,11,16.226352
-2.0,11,16.228054
-2.0,11,16.229609
-1.0,11,16.231296
-2.0,11,16.232472
-3.0,11,16.234081
-2.0,11,16.235633
-2.0,11,16.237238
-1.0,11,16.238605
-2.0,11,16.240227
-4.0,11,16.241744
0.0,11,16.243475
-3.0,11,16.244602
-2.0,11,16.246294
-4.0,11,16.247884
-3.0,11,16.249523
-3.0,11,16.250668
-4.0,11,16.252309
-3.0,11,16.253908
-2.0,11,16.25553
-5.0,11,16.256593
-2.0,11,16.258317
-1.0,11,16.26001
-1.0,11,16.261699
-3.0,11,16.262984
-1.0,11,16.264646
-2.0,11,16.26634
-3.0,11,16.268027
-1.0,11,16.26932
-2.0,11,16.270982
-4.0,11,16.272589
-3.0,11,16.274223
-2.0,11,16.27544
-3.0,11,16.277038
-2.0,11,16.278704
-3.0,11,16.28038
0.0,11,16.281655
-3.0,11,16.283271
-2.0,11,16.284917
-1.0,11,16.286466
-2.0,11,16.28771
-1.0,11,16.289352
-4.0,11,16.290984
-1.0,11,16.292762
-3.0,11,16.294081
-3.0,11,16.295598
-2.0,11,16.297329
-4.0,11,16.299071
-3.0,11,16.300331
-1.0,11,16.302011
-2.0,11,16.303726
-2.0,11,16.305453
-2.0,11,16.3067
-1.0,11,16.308527
-3.0,11,16.310055
-3.0,11,16.311766
-2.0,11,16.313016
-2.0,11,16.314735
-2.0,11,16.316531
-3.0,11,16.318217
-3.0,11,16.319561
-3.0,11,16.321178
-3.0,11,16.322814
-3.0,11,16.324461
-3.0,11,16.325771
-1.0,11,16.327389
-2.0,11,16.329079
-3.0,11,16.330697
-3.0,11,16.33198
-2.0,11,16.333647
-3.0,11,16.335287
-3.0,11,16.336883
-3.0,11,16.33813
-2.0,11,16.339748
-3.0,11,16.341406
-2.0,11,16.343052
-1.0,11,16.344385
-2.0,11,16.346007
-2.0,11,16.347602
0.0,11,16.349299
-1.0,11,16.35058
-3.0,11,16.352166
-3.0,11,16.353679
-3.0,11,16.355184
-1.0,11,16.356525
-1.0,11,16.358261
-1.0,11,16.359926
-2.0,11,16.361542
-2.0,11,16.362881
-1.0,11,16.364539
-4.0,11,16.366136
-1.0,11,16.367853
-1.0,11,16.369132
-2.0,11,16.370824
-1.0,11,16.372446
-4.0,11,16.373965
-3.0,11,16.375194
-1.0,11,16.376822
-3.0,11,16.378366
-1.0,11,16.379897
-1.0,11,16.381149
-2.0,11,16.382792
-2.0,11,16.384266
-1.0,11,16.385864
-2.0,11,16.387192
-1.0,11,16.38884
-3.0,11,16.390571
-1.0,11,16.392248
-3.0,11,16.393465
-2.0,11,16.395172
-1.0,11,16.39677
-2.0,11,16.398366
-2.0,11,16.399559
-3.0,11,16.401287
-2.0,11,16.402871
-4.0,11,16.404498
-2.0,11,16.405817
-4.0,11,16.407375
-3.0,11,16.408969
-1.0,11,16.410587
0.0,11,16.411858
-1.0,11,16.413511
-1.0,11,16.415188
-4.0,11,16.416693
-3.0,11,16.417947
-3.0,11,16.419561
-2.0,11,16.421289
-2.0,11,16.422898
-2.0,11,16.424135
-4.0,11,16.42568
-2.0,11,16.427415
-1.0,11,16.429133
-2.0,11,16.430404
-2.0,11,16.432055
-4.0,11,16.433599
-2.0,11,16.435274
-3.0,11,16.436676
-2.0,11,16.438467
-1.0,11,16.440156
-2.0,11,16.441816
-2.0,11,16.443045
-3.0,11,16.44473
-2.0,11,16.44637
-2.0,11,16.447941
-5.0,11,16.449083
-3.0,11,16.450669
-1.0,11,16.452299
-2.0,11,16.453888
-2.0,11,16.455103
-3.0,11,16.456787
-2.0,11,16.458341
-2.0,11,16.45994
-2.0,11,16.461295
-3.0,11,16.463151
-3.0,11,16.46473
-1.0,11,16.46641
-4.0,11,16.467585
-2.0,11,16.469286
-2.0,11,16.471264
-1.0,11,16.472927
-2.0,11,16.474318
-4.0,11,16.475864
-2.0,11,16.477515
-3.0,11,16.479165
-2.0,11,16.480482
-4.0,11,16.482079
-3.0,11,16.483744
-3.0,11,16.485525
-4.0,11,16.486839
-2.0,11,16.488461
-1.0,11,16.490111
-3.0,11,16.491876
-2.0,11,16.493119
-3.0,11,16.494698
-3.0,11,16.496374
-2.0,11,16.498015
-2.0,11,16.499269
-2.0,11,16.500909
-1.0,11,16.502637
-4.0,11,16.504283
-3.0,11,16.505551
-4.0,11,16.507106
-4.0,11,16.508748
-3.0,11,16.510344
-2.0,11,16.511537
-2.0,11,16.513216
-3.0,11,16.514854
-3.0,11,16.516562
-2.0,11,16.517795
-3.0,11,16.519397
-5.0,11,16.52091
-3.0,11,16.522547
-2.0,11,16.523869
-3.0,11,16.525414
-2.0,11,16.527065
-2.0,11,16.528661
-2.0,11,16.529897
-3.0,11,16.531492
-3.0,11,16.533162
-2.0,11,16.534893
-2.0,11,16.536179
-2.0,11,16.537903
-1.0,11,16.539692
-3.0,11,16.541487
-2.0,11,16.542956
-2.0,11,16.544678
-3.0,11,16.546337
-2.0,11,16.548047
-2.0,11,16.549255
-2.0,11,16.551012
-4.0,11,16.552615
-3.0,11,16.554291
-2.0,11,16.555574
-2.0,11,16.557229
-3.0,11,16.558838
-2.0,11,16.56048
-3.0,11,16.561716
-2.0,11,16.563502
-2.0,11,16.565194
-3.0,11,16.56688
-2.0,11,16.56803
-2.0,11,16.569766
-3.0,11,16.571427
-2.0,11,16.573119
-1.0,11,16.574253
-2.0,11,16.575802
-4.0,11,16.577425
-4.0,11,16.578968
-2.0,11,16.580287
-2.0,11,16.581896
-2.0,11,16.583418
-2.0,11,16.584959
-4.0,11,16.586256
-2.0,11,16.587973
-1.0,11,16.589702
-3.0,11,16.591258
-2.0,11,16.592531
-4.0,11,16.59425
-2.0,11,16.595943
-3.0,11,16.597561
-1.0,11,16.598801
-2.0,11,16.600393
-2.0,11,16.602034
-3.0,11,16.603667
-1.0,11,16.604858
-4.0,11,16.606498
-2.0,11,16.608189
-4.0,11,16.609792
-2.0,11,16.611034
-2.0,11,16.612687
-3.0,11,16.614284
-3.0,11,16.615895
-2.0,11,16.617177
-3.0,11,16.618982
-3.0,11,16.620554
-2.0,11,16.622146
-3.0,11,16.623398
-2.0,11,16.625092
-4.0,11,16.626953
-3.0,11,16.628659
-4.0,11,16.629787
-3.0,11,16.631565
-2.0,11,16.633199
-3.0,11,16.634946
-3.0,11,16.636118
0.0,11,16.637896
-2.0,11,16.639545
-3.0,11,16.6412
-1.0,11,16.642483
-2.0,11,16.644128
-1.0,11,16.645943
-1.0,11,16.647654
-4.0,11,16.648841
-3.0,11,16.650392
-3.0,11,16.65204
-3.0,11,16.653679
-1.0,11,16.654909
-2.0,11,16.65668
-2.0,11,16.658333
-2.0,11,16.659943
-3.0,11,16.661278
-3.0,11,16.662955
-3.0,11,16.664466
-2.0,11,16.666063
-2.0,11,16.66732
-1.0,11,16.669097
-2.0,11,16.67079
-3.0,11,16.672447
-3.0,11,16.673512
-2.0,11,16.67512
-2.0,11,16.67676
-1.0,11,16.678453
-1.0,11,16.679765
-2.0,11,16.681425
-2.0,11,16.683075
-3.0,11,16.684676
-2.0,11,16.685862
-3.0,11,16.687448
-1.0,11,16.689124
-2.0,11,16.690759
-3.0,11,16.691916
-1.0,11,16.693654
-1.0,11,16.695342
-4.0,11,16.696906
-2.0,11,16.698231
-2.0,11,16.699883
-3.0,11,16.70145
-2.0,11,16.703214
-3.0,11,16.704456
-2.0,11,16.706079
-3.0,11,16.707589
-2.0,11,16.709131
-2.0,11,16.710432
-2.0,11,16.711968
-3.0,11,16.713555
-2.0,11,16.715238
-2.0,11,16.716451
-3.0,11,16.718163
-2.0,11,16.719919
-3.0,11,16.721631
0.0,11,16.722951
-1.0,11,16.724667
-1.0,11,16.726428
-3.0,11,16.728048
-2.0,11,16.729171
-1.0,11,16.730779
-2.0,11,16.732431
-2.0,11,16.734079
-4.0,11,16.735274
-1.0,11,16.736964
-3.0,11,16.73863
-2.0,11,16.740252
-1.0,11,16.74152
-1.0,11,16.743184
-2.0,11,16.744937
-2.0,11,16.746481
-3.0,11,16.747733
-1.0,11,16.749326
-2.0,11,16.750957
-3.0,11,16.752485
-3.0,11,16.753632
-2.0,11,16.755303
-3.0,11,16.756992
-2.0,11,16.758496
-4.0,11,16.759861
-1.0,11,16.761532
-2.0,11,16.763127
-2.0,11,16.764846
-1.0,11,16.766139
-3.0,11,16.767831
-2.0,11,16.769466
-2.0,11,16.771148
-3.0,11,16.772258
-4.0,11,16.773896
-3.0,11,16.775523
-2.0,11,16.777225
-2.0,11,16.778762
-4.0,11,16.780701
-2.0,11,16.782515
-4.0,11,16.784249
-2.0,11,16.78547
-2.0,11,16.787196
-2.0,11,16.788928
-2.0,11,16.790624
-2.0,11,16.791846
-2.0,11,16.793547
-3.0,11,16.795129
-2.0,11,16.79678
-2.0,11,16.797934
-2.0,11,16.799617
-3.0,11,16.801225
-3.0,11,16.802829
-2.0,11,16.804158
-2.0,11,16.805819
-1.0,11,16.807574
-2.0,11,16.8093
-3.0,11,16.810624
-2.0,11,16.812402
-2.0,11,16.814009
-2.0,11,16.815628
-2.0,11,16.816876
0.0,11,16.818684
-1.0,11,16.820273
-3.0,11,16.821904
-1.0,11,16.823265
-2.0,11,16.824882
-1.0,11,16.82657
-1.0,11,16.828223
-3.0,11,16.829446
-1.0,11,16.831141
-1.0,11,16.832874
-1.0,11,16.834471
-2.0,11,16.83572
-2.0,11,16.83742
-2.0,11,16.839139
-2.0,11,16.8408
-4.0,11,16.841956
-2.0,11,16.843599
0.0,11,16.845353
-2.0,11,16.846932
-3.0,11,16.848174
-2.0,11,16.849847
-3.0,11,16.851421
-1.0,11,16.853093
-1.0,11,16.854339
-1.0,11,16.855922
-2.0,11,16.85753
-4.0,11,16.859171
-2.0,11,16.860374
-2.0,11,16.862103
-4.0,11,16.863673
-4.0,11,16.865262
-4.0,11,16.866414
-2.0,11,16.868063
-2.0,11,16.869737
-4.0,11,16.871354
-2.0,11,16.872638
-3.0,11,16.874319
-2.0,11,16.875976
-1.0,11,16.877693
-4.0,11,16.878865
-2.0,11,16.88053
-3.0,11,16.882135
-2.0,11,16.883825
-3.0,11,16.885059
-3.0,11,16.886652
-3.0,11,16.888232
-1.0,11,16.889813
-1.0,11,16.891181
-3.0,11,16.892742
-2.0,11,16.894339
-4.0,11,16.895929
-2.0,11,16.897132
-2.0,11,16.898837
-3.0,11,16.900377
-2.0,11,16.902081
-2.0,11,16.903374
-2.0,11,16.904973
-2.0,11,16.906624
-2.0,11,16.908133
-2.0,11,16.909402
-3.0,11,16.911143
-2.0,11,16.912781
-2.0,11,16.914498
-2.0,11,16.915658
-4.0,11,16.917333
-4.0,11,16.91888
-3.0,11,16.920549
-2.0,11,16.921747
-3.0,11,16.923491
-1.0,11,16.925111
-3.0,11,16.926822
-1.0,11,16.928028
-1.0,11,16.929822
-3.0,11,16.931379
-2.0,11,16.933014
-2.0,11,16.934311
-2.0,11,16.936067
-2.0,11,16.937785
-1.0,11,16.939437
-3.0,11,16.940669
-2.0,11,16.94242
-4.0,11,16.943996
-1.0,11,16.945634
0.0,11,16.946874
-2.0,11,16.948509
-2.0,11,16.950332
-1.0,11,16.951929
-3.0,11,16.953177
-2.0,11,16.954825
-2.0,11,16.956604
-2.0,11,16.958192
-2.0,11,16.959409
-3.0,11,16.960991
-4.0,11,16.962553
-2.0,11,16.964279
-4.0,11,16.965564
-1.0,11,16.96723
-3.0,11,16.96883
-1.0,11,16.970367
-4.0,11,16.971598
-1.0,11,16.973227
-1.0,11,16.97496
-4.0,11,16.976559
-2.0,11,16.977792
-2.0,11,16.979396
-4.0,11,16.980945
-3.0,11,16.982604
-1.0,11,16.983867
-3.0,11,16.985457
-3.0,11,16.987076
-3.0,11,16.98863
-3.0,11,16.989839
-2.0,11,16.991526
-2.0,11,16.993155
-3.0,11,16.99469
-1.0,11,16.995918
-1.0,11,16.997621
-3.0,11,16.999369
-4.0,11,17.000913
-2.0,11,17.002201
-4.0,11,17.003913
-2.0,11,17.00559
-2.0,11,17.007274
-2.0,11,17.00852
-3.0,11,17.010287
-2.0,11,17.012009
-1.0,11,17.013683
-3.0,11,17.014904
-1.0,11,17.01655
-3.0,11,17.018184
-1.0,11,17.019821
-3.0,11,17.020994
-2.0,11,17.022763
-3.0,11,17.024423
-4.0,11,17.026037
-1.0,11,17.027138
-3.0,11,17.028749
-2.0,11,17.030341
-2.0,11,17.032113
-4.0,11,17.033369
-3.0,11,17.035006
-3.0,11,17.036559
-3.0,11,17.038189
-1.0,11,17.039435
-1.0,11,17.041173
-2.0,11,17.042868
-1.0,11,17.044689
-4.0,11,17.045809
-2.0,11,17.047568
-1.0,11,17.049326
-2.0,11,17.050962
-3.0,11,17.052231
-1.0,11,17.053988
-1.0,11,17.055653
-2.0,11,17.057256
-1.0,11,17.058585
-3.0,11,17.060179
-2.0,11,17.061765
-3.0,11,17.063531
-1.0,11,17.064902
-3.0,11,17.066602
-3.0,11,17.0683
-2.0,11,17.070001
-3.0,11,17.071268
-1.0,11,17.073053
-2.0,11,17.074771
-3.0,11,17.076337
-1.0,11,17.077617
-2.0,11,17.079347
-3.0,11,17.080987
-3.0,11,17.082557
-3.0,11,17.083873
-2.0,11,17.085605
-3.0,11,17.087152
-4.0,11,17.08869
-3.0,11,17.089995
-3.0,11,17.091801
-2.0,11,17.093537
-2.0,11,17.095192
-2.0,11,17.096383
-3.0,11,17.098016
-2.0,11,17.099751
-2.0,11,17.101345
-4.0,11,17.102509
-2.0,11,17.104156
-1.0,11,17.105842
-2.0,11,17.107581
-2.0,11,17.108873
-1.0,11,17.110513
-1.0,11,17.112178
-5.0,11,17.113735
-2.0,11,17.115051
-3.0,11,17.116655
-1.0,11,17.118405
-1.0,11,17.12012
-2.0,11,17.121431
-2.0,11,17.122977
-5.0,11,17.124578
-4.0,11,17.126211
-2.0,11,17.127494
0.0,11,17.129323
-1.0,11,17.131098
-3.0,11,17.132759
-3.0,11,17.134047
-5.0,11,17.135649
-3.0,11,17.137281
-3.0,11,17.138892
-4.0,11,17.140102
-2.0,11,17.141756
-2.0,11,17.143525
-2.0,11,17.145245
-2.0,11,17.146446
-1.0,11,17.148128
-2.0,11,17.149749
-1.0,11,17.151349
0.0,11,17.152642
-2.0,11,17.154278
-2.0,11,17.156012
-3.0,11,17.157641
-3.0,11,17.159028
-1.0,11,17.160581
-3.0,11,17.16226
-2.0,11,17.163896
-3.0,11,17.165163
-3.0,11,17.166709
-3.0,11,17.168389
-1.0,11,17.170026
-2.0,11,17.171435
-3.0,11,17.173074
0.0,11,17.174791
-1.0,11,17.176409
-2.0,11,17.177655
-3.0,11,17.179365
0.0,11,17.181044
-3.0,11,17.182674
-2.0,11,17.183877
-3.0,11,17.185374
-1.0,11,17.186996
0.0,11,17.188668
-2.0,11,17.189981
0.0,11,17.191719
-2.0,11,17.193443
-2.0,11,17.195118
-3.0,11,17.19644
-3.0,11,17.19807
-2.0,11,17.199745
-3.0,11,17.201456
-3.0,11,17.202664
-4.0,11,17.204309
-3.0,11,17.205899
-2.0,11,17.207515
-3.0,11,17.208722
-3.0,11,17.210324
-2.0,11,17.212101
-1.0,11,17.213733
-2.0,11,17.214829
-2.0,11,17.216468
-2.0,11,17.218196
-2.0,11,17.219764
-3.0,11,17.221019
-2.0,11,17.222704
-4.0,11,17.224272
0.0,11,17.225962
-2.0,11,17.227242
-2.0,11,17.228783
-3.0,11,17.230489
-4.0,11,17.232125
-2.0,11,17.233276
-1.0,11,17.234921
-3.0,11,17.236634
-2.0,11,17.238258
-2.0,11,17.239365
-2.0,11,17.241242
-3.0,11,17.242894
-2.0,11,17.244526
-3.0,11,17.245799
-2.0,11,17.247687
-1.0,11,17.249362
-2.0,11,17.251028
-2.0,11,17.252283
-2.0,11,17.253864
-1.0,11,17.255464
0.0,11,17.257305
-3.0,11,17.258602
-3.0,11,17.260169
-4.0,11,17.261747
-3.0,11,17.263338
-2.0,11,17.264758
-3.0,11,17.26645
-1.0,11,17.268108
-1.0,11,17.269758
-3.0,11,17.271112
-2.0,11,17.272864
-2.0,11,17.274528
-3.0,11,17.27623
-1.0,11,17.277527
-1.0,11,17.279421
-3.0,11,17.28108
-4.0,11,17.282859
-2.0,11,17.284396
-3.0,11,17.286339
-2.0,11,17.288093
-3.0,11,17.289812
-2.0,11,17.291078
-2.0,11,17.292858
-3.0,11,17.294428
-1.0,11,17.296154
-3.0,11,17.297403
-1.0,11,17.299141
-5.0,11,17.300839
-3.0,11,17.30273
-4.0,11,17.304043
-3.0,11,17.305836
-1.0,11,17.307547
-1.0,11,17.309156
-1.0,11,17.310425
-3.0,11,17.312176
-3.0,11,17.313809
-2.0,11,17.31542
-1.0,11,17.316784
-2.0,11,17.318523
-2.0,11,17.320228
-2.0,11,17.321932
-2.0,11,17.323231
-2.0,11,17.324964
-3.0,11,17.326524
-2.0,11,17.328134
-3.0,11,17.329372
-2.0,11,17.331085
-3.0,11,17.33264
-3.0,11,17.334285
-2.0,11,17.335598
-2.0,11,17.337236
-2.0,11,17.338892
-2.0,11,17.340555
-2.0,11,17.341763
-4.0,11,17.343321
-4.0,11,17.344924
-3.0,11,17.346493
-2.0,11,17.347783
-1.0,11,17.349505
-1.0,11,17.351151
-1.0,11,17.352879
-1.0,11,17.354125
-1.0,11,17.355868
-3.0,11,17.357531
-4.0,11,17.359165
-1.0,11,17.360399
-1.0,11,17.362086
-3.0,11,17.363698
-2.0,11,17.365409
-2.0,11,17.366693
-4.0,11,17.368287
-2.0,11,17.369883
-1.0,11,17.371531
-3.0,11,17.372747
-3.0,11,17.374406
-4.0,11,17.375955
-1.0,11,17.377699
-4.0,11,17.379037
-2.0,11,17.380534
-2.0,11,17.382248
-3.0,11,17.3839
-3.0,11,17.385123
-3.0,11,17.386714
-5.0,11,17.388474
-2.0,11,17.390165
-1.0,11,17.39143
-4.0,11,17.393047
-2.0,11,17.394735
-1.0,11,17.396458
-1.0,11,17.397742
-1.0,11,17.399663
-3.0,11,17.401266
-4.0,11,17.402933
-1.0,11,17.404089
-2.0,11,17.405783
-1.0,11,17.407773
-3.0,11,17.409422
-4.0,11,17.410605
-2.0,11,17.412294
-3.0,11,17.414182
-4.0,11,17.415716
-2.0,11,17.417035
-2.0,11,17.418648
-1.0,11,17.420282
-1.0,11,17.421951
-4.0,11,17.423028
-2.0,11,17.424797
-3.0,11,17.426475
-2.0,11,17.428314
-3.0,11,17.429564
-2.0,11,17.431359
-3.0,11,17.433122
-3.0,11,17.434943
-3.0,11,17.436354
-2.0,11,17.438438
-3.0,11,17.440276
-2.0,11,17.441992
-3.0,11,17.443397
-1.0,11,17.445116
-3.0,11,17.446873
-1.0,11,17.44874
-1.0,11,17.450116
-3.0,11,17.451964
-3.0,11,17.453649
-3.0,11,17.455235
-3.0,11,17.456418
-3.0,11,17.458069
-3.0,11,17.459693
-1.0,11,17.461428
-2.0,11,17.462655
-2.0,11,17.464396
-3.0,11,17.466025
-2.0,11,17.467834
-1.0,11,17.469127
-3.0,11,17.470806
-3.0,11,17.472626
-2.0,11,17.474271
-2.0,11,17.475508
-1.0,11,17.477294
-2.0,11,17.479004
-1.0,11,17.480758
-4.0,11,17.48197
-5.0,11,17.483597
-2.0,11,17.485306
-3.0,11,17.486915
-2.0,11,17.48813
-3.0,11,17.489783
-2.0,11,17.491505
-3.0,11,17.493012
-1.0,11,17.494345
-2.0,11,17.495919
0.0,11,17.49751
-1.0,11,17.499193
-1.0,11,17.500511
-2.0,11,17.502163
-2.0,11,17.50372
-2.0,11,17.505338
-2.0,11,17.50661
-2.0,11,17.508393
-2.0,11,17.510068
-2.0,11,17.511755
-2.0,11,17.513078
-3.0,11,17.51485
-4.0,11,17.516559
-2.0,11,17.518328
-1.0,11,17.519575
-1.0,11,17.52126
-4.0,11,17.522849
-4.0,11,17.524579
-2.0,11,17.525904
-3.0,11,17.527547
-2.0,11,17.529264
-3.0,11,17.530928
-2.0,11,17.532312
-2.0,11,17.534083
-2.0,11,17.535765
-1.0,11,17.537519
-2.0,11,17.538791
-1.0,11,17.540723
-3.0,11,17.542425
-2.0,11,17.54416
0.0,11,17.545472
-3.0,11,17.547098
-3.0,11,17.548871
-4.0,11,17.550436
-3.0,11,17.551562
-1.0,11,17.553376
-1.0,11,17.55527
-3.0,11,17.556907
-1.0,11,17.55826
-3.0,11,17.560101
-3.0,11,17.561785
-3.0,11,17.563603
-3.0,11,17.56497
-2.0,11,17.567076
-2.0,11,17.568892
-2.0,11,17.570657
-2.0,11,17.572027
-3.0,11,17.573763
-3.0,11,17.575475
-2.0,11,17.57735
-3.0,11,17.578664
-1.0,11,17.580461
-2.0,11,17.582142
-4.0,11,17.5838
-2.0,11,17.585264
-2.0,11,17.587255
-2.0,11,17.589112
-3.0,11,17.590749
-2.0,11,17.591986
-3.0,11,17.593648
-1.0,11,17.595629
0.0,11,17.597494
-1.0,11,17.598707
-2.0,11,17.600421
-3.0,11,17.602257
-2.0,11,17.604037
-2.0,11,17.605274
-2.0,11,17.606931
-2.0,11,17.608651
-3.0,11,17.610254
-2.0,11,17.61162
-3.0,11,17.613494
-2.0,11,17.615349
-2.0,11,17.61707
-3.0,11,17.618303
-2.0,11,17.620118
-2.0,11,17.621822
-2.0,11,17.623581
-2.0,11,17.624719
-3.0,11,17.626399
-1.0,11,17.628254
-2.0,11,17.630239
-2.0,11,17.63161
-2.0,11,17.633239
-3.0,11,17.634964
-3.0,11,17.636733
-3.0,11,17.638127
-3.0,11,17.639814
-3.0,11,17.641551
-1.0,11,17.643272
-3.0,11,17.644629
0.0,11,17.646587
-2.0,11,17.648393
-2.0,11,17.650039
-3.0,11,17.651252
0.0,11,17.653038
-5.0,11,17.654859
-2.0,11,17.656646
-2.0,11,17.657998
-3.0,11,17.659785
-3.0,11,17.661503
-2.0,11,17.663411
0.0,11,17.664792
-3.0,11,17.666438
-3.0,11,17.668107
-2.0,11,17.669868
-2.0,11,17.671293
-2.0,11,17.672978
-2.0,11,17.674688
0.0,11,17.676489
-3.0,11,17.677781
-4.0,11,17.679485
-2.0,11,17.681265
-1.0,11,17.683024
-2.0,11,17.6843
-2.0,11,17.686042
-2.0,11,17.68788
-2.0,11,17.689766
-3.0,11,17.690975
-1.0,11,17.692587
-4.0,11,17.694281
-3.0,11,17.696243
-1.0,11,17.697637
-3.0,11,17.699475
-2.0,11,17.701122
-2.0,11,17.702824
-3.0,11,17.704056
-3.0,11,17.705927
-2.0,11,17.707795
-3.0,11,17.709455
-2.0,11,17.710846
-3.0,11,17.712628
-2.0,11,17.71437
-2.0,11,17.715912
-2.0,11,17.71717
-2.0,11,17.718831
-2.0,11,17.720646
-2.0,11,17.722497
0.0,11,17.723938
-2.0,11,17.725733
-2.0,11,17.727556
-4.0,11,17.729416
-4.0,11,17.730759
-2.0,11,17.732506
-4.0,11,17.734185
-3.0,11,17.735869
-2.0,11,17.737303
-3.0,11,17.739202
-1.0,11,17.740872
-2.0,11,17.742577
-2.0,11,17.743971
-1.0,11,17.745863
-2.0,11,17.747671
-2.0,11,17.749265
-2.0,11,17.750457
-2.0,11,17.752164
-4.0,11,17.753926
-3.0,11,17.755697
-2.0,11,17.756902
-2.0,11,17.758649
-2.0,11,17.760459
-3.0,11,17.762239
-1.0,11,17.763697
-1.0,11,17.765464
-3.0,11,17.767195
-2.0,11,17.768913
-2.0,11,17.770304
-1.0,11,17.772047
-2.0,11,17.773769
-2.0,11,17.775402
-2.0,11,17.776633
-4.0,11,17.778318
-2.0,11,17.780235
-1.0,11,17.781982
-2.0,11,17.783371
-4.0,11,17.785005
-4.0,11,17.786752
-3.0,11,17.788486
-2.0,11,17.789927
-2.0,11,17.791552
-3.0,11,17.793171
-3.0,11,17.794802
-3.0,11,17.796331
-3.0,11,17.798037
-1.0,11,17.799771
-2.0,11,17.801428
-2.0,11,17.802882
-2.0,11,17.804788
-1.0,11,17.806566
-1.0,11,17.808276
-1.0,11,17.809505
-3.0,11,17.811261
-3.0,11,17.813162
-2.0,11,17.814984
-2.0,11,17.816278
-3.0,11,17.81795
-3.0,11,17.81979
-2.0,11,17.821619
-3.0,11,17.823022
-1.0,11,17.824697
-2.0,11,17.826359
-4.0,11,17.827964
-1.0,11,17.829533
-2.0,11,17.831286
-1.0,11,17.833037
-1.0,11,17.834845
-1.0,11,17.836246
-1.0,11,17.838109
-1.0,11,17.839864
-3.0,11,17.841612
-2.0,11,17.842934
-3.0,11,17.844675
-3.0,11,17.846415
-1.0,11,17.848242
-4.0,11,17.849566
-4.0,11,17.851174
-2.0,11,17.853015
-1.0,11,17.855051
-3.0,11,17.85636
-2.0,11,17.858068
-1.0,11,17.859702
-3.0,11,17.861486
-2.0,11,17.862891
-1.0,11,17.864806
-2.0,11,17.866487
-3.0,11,17.868143
-1.0,11,17.869396
-2.0,11,17.871332
-2.0,11,17.873064
-2.0,11,17.874694
-4.0,11,17.8759
-3.0,11,17.877553
-3.0,11,17.879411
-1.0,11,17.881045
-2.0,11,17.882264
-2.0,11,17.883916
-1.0,11,17.885595
-2.0,11,17.887516
-3.0,11,17.888938
-2.0,11,17.890852
-3.0,11,17.892467
-1.0,11,17.894316
-1.0,11,17.896021
-3.0,11,17.897816
-3.0,11,17.899427
-3.0,11,17.901207
-1.0,11,17.902573
0.0,11,17.904536
-1.0,11,17.906421
-2.0,11,17.908144
-2.0,11,17.909417
-2.0,11,17.911147
0.0,11,17.91304
-2.0,11,17.914736
-1.0,11,17.916083
-2.0,11,17.91776
-1.0,11,17.919452
-4.0,11,17.921367
-2.0,11,17.922732
-4.0,11,17.924453
-1.0,11,17.926126
-3.0,11,17.92791
-2.0,11,17.929198
-2.0,11,17.930921
-2.0,11,17.932584
-1.0,11,17.934276
-3.0,11,17.935598
-1.0,11,17.937465
0.0,11,17.939251
-2.0,11,17.941058
-2.0,11,17.942319
-2.0,11,17.943933
-2.0,11,17.945758
-3.0,11,17.947628
-1.0,11,17.948996
-2.0,11,17.950632
-4.0,11,17.95225
-2.0,11,17.954169
-3.0,11,17.955411
-3.0,11,17.956989
-1.0,11,17.958712
-3.0,11,17.960396
-1.0,11,17.961774
-2.0,11,17.963507
-1.0,11,17.965185
-2.0,11,17.96686
-1.0,11,17.968157
-2.0,11,17.969799
-2.0,11,17.971663
-1.0,11,17.973508
-2.0,11,17.974921
-3.0,11,17.976556
-2.0,11,17.978253
-3.0,11,17.980025
-6.0,11,17.98128
-3.0,11,17.983036
-2.0,11,17.984782
-4.0,11,17.986607
-4.0,11,17.987835
-2.0,11,17.989598
-3.0,11,17.991327
-2.0,11,17.993041
0.0,11,17.994452
-1.0,11,17.996315
-4.0,11,17.997975
-2.0,11,17.999753
-3.0,11,18.001005
-3.0,11,18.002697
-2.0,11,18.004489
-3.0,11,18.005997
-3.0,11,18.007297
-3.0,11,18.008923
-1.0,11,18.010642
-3.0,11,18.012503
-3.0,11,18.013715
-2.0,11,18.01546
-2.0,11,18.017222
-3.0,11,18.018911
-2.0,11,18.020281
-1.0,11,18.021986
-3.0,11,18.023578
-3.0,11,18.025269
-4.0,11,18.026479
-3.0,11,18.028153
-2.0,11,18.030047
-2.0,11,18.031811
-1.0,11,18.033235
-2.0,11,18.034887
-5.0,11,18.036637
-4.0,11,18.038411
-3.0,11,18.039785
0.0,11,18.04158
-4.0,11,18.043125
-2.0,11,18.044822
-2.0,11,18.046274
-2.0,11,18.048003
-2.0,11,18.049715
-1.0,11,18.051448
-2.0,11,18.052789
-2.0,11,18.054691
-4.0,11,18.056403
-3.0,11,18.058058
-2.0,11,18.059454
-2.0,11,18.061225
-1.0,11,18.063273
-2.0,11,18.065087
-1.0,11,18.066429
-4.0,11,18.068028
-4.0,11,18.069849
-3.0,11,18.071589
-2.0,11,18.072987
-2.0,11,18.074696
-3.0,11,18.076287
-1.0,11,18.078251
-2.0,11,18.079477
-3.0,11,18.081074
-1.0,11,18.08288
-2.0,11,18.084522
-3.0,11,18.08568
-4.0,11,18.087481
-2.0,11,18.08924
-1.0,11,18.090997
-3.0,11,18.09231
-2.0,11,18.094113
-2.0,11,18.095916
-3.0,11,18.09767
-3.0,11,18.098951
-2.0,11,18.100673
-4.0,11,18.102301
-1.0,11,18.104207
-3.0,11,18.105527
-1.0,11,18.107201
-3.0,11,18.108779
-1.0,11,18.110395
-2.0,11,18.111918
-3.0,11,18.113658
-1.0,11,18.115423
-4.0,11,18.117004
-2.0,11,18.118174
-4.0,11,18.120035
-2.0,11,18.121755
-2.0,11,18.123462
-1.0,11,18.124777
-2.0,11,18.126482
-1.0,11,18.128321
-4.0,11,18.129917
-3.0,11,18.131239
-2.0,11,18.132901
-3.0,11,18.134562
-4.0,11,18.136414
-1.0,11,18.137863
-3.0,11,18.139494
-1.0,11,18.141232
-2.0,11,18.142864
-2.0,11,18.14422
-2.0,11,18.145914
-1.0,11,18.14767
-1.0,11,18.149489
0.0,11,18.150784
-4.0,11,18.152436
-2.0,11,18.154438
-3.0,11,18.156154
-3.0,11,18.1575
-2.0,11,18.159157
-3.0,11,18.160834
-2.0,11,18.162733
-2.0,11,18.163983
-1.0,11,18.165726
-4.0,11,18.167458
-2.0,11,18.169079
-3.0,11,18.170448
-1.0,11,18.172141
-3.0,11,18.173772
-2.0,11,18.175427
-2.0,11,18.17676
-2.0,11,18.178715
-3.0,11,18.180472
-3.0,11,18.182089
-3.0,11,18.183392
-3.0,11,18.185134
-4.0,11,18.187014
-3.0,11,18.188785
-2.0,11,18.190143
-1.0,11,18.191822
-1.0,11,18.193546
-2.0,11,18.195237
-2.0,11,18.19661
-3.0,11,18.19831
-3.0,11,18.200051
-2.0,11,18.201711
-1.0,11,18.202991
-1.0,11,18.204607
-1.0,11,18.206291
-1.0,11,18.208012
-3.0,11,18.209227
-3.0,11,18.210885
-1.0,11,18.212482
-2.0,11,18.214121
-2.0,11,18.215333
-1.0,11,18.217187
-1.0,11,18.218941
-4.0,11,18.220698
-3.0,11,18.222136
-1.0,11,18.2239
-3.0,11,18.22564
-1.0,11,18.227309
-3.0,11,18.228739
-4.0,11,18.230582
-2.0,11,18.232283
-1.0,11,18.234033
-2.0,11,18.235291
-4.0,11,18.23704
-3.0,11,18.238766
-3.0,11,18.240415
-2.0,11,18.241657
-3.0,11,18.243358
-3.0,11,18.245278
-2.0,11,18.247069
-3.0,11,18.248418
-2.0,11,18.250165
-3.0,11,18.251874
-4.0,11,18.253621
-1.0,11,18.255008
-2.0,11,18.256701
-1.0,11,18.258309
-1.0,11,18.260073
-1.0,11,18.261407
-2.0,11,18.263069
-1.0,11,18.265034
0.0,11,18.266816
-2.0,11,18.26808
-2.0,11,18.269781
-4.0,11,18.27137
0.0,11,18.273211
-3.0,11,18.274619
-3.0,11,18.276364
-2.0,11,18.278063
-3.0,11,18.279761
-2.0,11,18.281087
-2.0,11,18.282948
-1.0,11,18.284775
-3.0,11,18.286455
0.0,11,18.287848
-4.0,11,18.289473
-2.0,11,18.291451
-3.0,11,18.293282
-2.0,11,18.294624
-5.0,11,18.296309
-3.0,11,18.298017
-2.0,11,18.299988
-2.0,11,18.301321
-2.0,11,18.303017
-1.0,11,18.304753
-4.0,11,18.306421
-4.0,11,18.307966
-1.0,11,18.30979
-2.0,11,18.311574
-1.0,11,18.313203
-1.0,11,18.314671
-2.0,11,18.316383
0.0,11,18.318266
-3.0,11,18.320102
-3.0,11,18.321325
-2.0,11,18.323098
-3.0,11,18.324833
0.0,11,18.32659
-1.0,11,18.328003
-3.0,11,18.329698
-4.0,11,18.331367
-2.0,11,18.333118
-2.0,11,18.334573
-3.0,11,18.336315
-2.0,11,18.338024
-3.0,11,18.339555
-2.0,11,18.340893
-3.0,11,18.342758
-1.0,11,18.344459
-2.0,11,18.346114
-2.0,11,18.347289
-2.0,11,18.349058
-3.0,11,18.350947
-3.0,11,18.352775
-3.0,11,18.354005
-1.0,11,18.35585
-1.0,11,18.35775
-4.0,11,18.359551
-4.0,11,18.360828
-1.0,11,18.362645
-2.0,11,18.36433
-3.0,11,18.366026
-2.0,11,18.367558
0.0,11,18.369293
0.0,11,18.371003
-1.0,11,18.372628
-2.0,11,18.374012
-4.0,11,18.375799
-3.0,11,18.377633
-1.0,11,18.379374
-1.0,11,18.380765
-3.0,11,18.382574
-2.0,11,18.384401
-3.0,11,18.386013
-2.0,11,18.387329
-2.0,11,18.389072
-2.0,11,18.390856
0.0,11,18.392875
-2.0,11,18.394281
0.0,11,18.395976
-3.0,11,18.397684
-2.0,11,18.399504
-2.0,11,18.400838
-3.0,11,18.402592
-1.0,11,18.404301
-2.0,11,18.405964
-2.0,11,18.407496
-2.0,11,18.40941
-2.0,11,18.411186
-3.0,11,18.412759
-3.0,11,18.414076
-2.0,11,18.415711
-2.0,11,18.417694
-1.0,11,18.419418
-1.0,11,18.42078
-2.0,11,18.422531
-5.0,11,18.424228
-3.0,11,18.426106
-5.0,11,18.427321
-3.0,11,18.42903
-5.0,11,18.43073
-3.0,11,18.43252
-3.0,11,18.433742
-2.0,11,18.435504
-2.0,11,18.437141
-4.0,11,18.438791
-1.0,11,18.440284
-2.0,11,18.442213
-2.0,11,18.444009
-3.0,11,18.445739
-1.0,11,18.447111
-2.0,11,18.448765
-1.0,11,18.450651
-2.0,11,18.452447
-3.0,11,18.453794
-1.0,11,18.455513
-4.0,11,18.457153
-1.0,11,18.459132
-1.0,11,18.460503
-4.0,11,18.462064
-2.0,11,18.463721
-2.0,11,18.465475
-3.0,11,18.466981
-2.0,11,18.468654
-2.0,11,18.470402
-3.0,11,18.472051
-2.0,11,18.473382
-3.0,11,18.475287
-1.0,11,18.477127
-3.0,11,18.478887
-3.0,11,18.480243
-3.0,11,18.482086
-1.0,11,18.484078
-1.0,11,18.485792
-1.0,11,18.48706
-3.0,11,18.488776
-3.0,11,18.49045
-2.0,11,18.492373
-3.0,11,18.493628
-2.0,11,18.495402
-1.0,11,18.497205
-3.0,11,18.499072
-2.0,11,18.500495
-1.0,11,18.50229
-3.0,11,18.503806
-3.0,11,18.505506
-4.0,11,18.506869
-1.0,11,18.508747
-1.0,11,18.510483
-1.0,11,18.512271
-3.0,11,18.513567
-3.0,11,18.51524
0.0,11,18.517124
-2.0,11,18.51892
-3.0,11,18.520089
-1.0,11,18.521787
-3.0,11,18.52349
-1.0,11,18.525454
-2.0,11,18.526958
0.0,11,18.528797
-2.0,11,18.530392
-2.0,11,18.532055
-1.0,11,18.533664
-1.0,11,18.535434
-1.0,11,18.537029
-3.0,11,18.538622
-1.0,11,18.539806
-3.0,11,18.54167
-3.0,11,18.543469
-2.0,11,18.545263
-2.0,11,18.54642
-2.0,11,18.548352
-3.0,11,18.550138
-1.0,11,18.551998
-3.0,11,18.553394
-1.0,11,18.555175
-2.0,11,18.556933
-4.0,11,18.558863
-1.0,11,18.56015
-1.0,11,18.562023
-2.0,11,18.563711
-1.0,11,18.565677
-4.0,11,18.566903
-2.0,11,18.56858
-2.0,11,18.570352
-2.0,11,18.572112
0.0,11,18.573587
-3.0,11,18.57544
-2.0,11,18.577291
-1.0,11,18.579081
-4.0,11,18.580457
-2.0,11,18.58226
-1.0,11,18.584129
-2.0,11,18.585808
-1.0,11,18.587072
-2.0,11,18.588706
-1.0,11,18.59061
-1.0,11,18.592556
-1.0,11,18.594029
-2.0,11,18.595602
-2.0,11,18.597207
-3.0,11,18.599116
-1.0,11,18.600496
-2.0,11,18.602232
-2.0,11,18.603917
-3.0,11,18.60563
-2.0,11,18.606931
-3.0,11,18.608742
-2.0,11,18.610593
-2.0,11,18.61217
-2.0,11,18.613492
-1.0,11,18.615271
-3.0,11,18.617174
-2.0,11,18.618957
-2.0,11,18.620279
-2.0,11,18.621924
-2.0,11,18.623661
-2.0,11,18.62545
-1.0,11,18.626877
-2.0,11,18.628552
-3.0,11,18.630306
-2.0,11,18.632053
-2.0,11,18.633368
-2.0,11,18.635167
-2.0,11,18.636792
-2.0,11,18.638446
-3.0,11,18.63976
-2.0,11,18.641456
-3.0,11,18.643121
-3.0,11,18.644783
-3.0,11,18.646074
-1.0,11,18.647789
-2.0,11,18.649535
-2.0,11,18.65119
-1.0,11,18.652407
-3.0,11,18.654081
-1.0,11,18.655898
-2.0,11,18.657576
-3.0,11,18.658757
-1.0,11,18.660492
-1.0,11,18.662186
-1.0,11,18.663943
-2.0,11,18.665341
-2.0,11,18.667188
-1.0,11,18.668951
-2.0,11,18.670711
-2.0,11,18.67193
-3.0,11,18.67373
-2.0,11,18.675611
-2.0,11,18.677231
-2.0,11,18.678531
-2.0,11,18.680314
-1.0,11,18.682286
-4.0,11,18.684221
-3.0,11,18.685562
-2.0,11,18.687253
-3.0,11,18.688921
-3.0,11,18.690887
-4.0,11,18.692323
-4.0,11,18.693886
-2.0,11,18.695587
-3.0,11,18.697348
-1.0,11,18.698563
-3.0,11,18.700385
-1.0,11,18.7024
-2.0,11,18.704176
-2.0,11,18.705308
-3.0,11,18.707059
-3.0,11,18.708693
-3.0,11,18.710411
-2.0,11,18.711861
-3.0,11,18.713839
-3.0,11,18.715526
-3.0,11,18.717154
-2.0,11,18.718227
-2.0,11,18.71997
-2.0,11,18.721869
-2.0,11,18.723613
-2.0,11,18.724849
-3.0,11,18.726647
-1.0,11,18.728557
-3.0,11,18.730519
-2.0,11,18.731764
-2.0,11,18.733439
-3.0,11,18.73504
-3.0,11,18.736785
-2.0,11,18.738327
-1.0,11,18.739982
0.0,11,18.741735
-1.0,11,18.743495
-2.0,11,18.744831
0.0,11,18.746784
-1.0,11,18.748363
-3.0,11,18.750082
-2.0,11,18.751338
-2.0,11,18.753166
-2.0,11,18.755072
-2.0,11,18.756828
-3.0,11,18.758229
-4.0,11,18.759933
-1.0,11,18.761817
-4.0,11,18.763581
-1.0,11,18.764898
-3.0,11,18.766628
-3.0,11,18.768259
-1.0,11,18.770085
-3.0,11,18.771513
-2.0,11,18.773366
0.0,11,18.775237
-1.0,11,18.776913
-2.0,11,18.778474
-3.0,11,18.780373
-4.0,11,18.782156
-1.0,11,18.783968
-5.0,11,18.785223
-1.0,11,18.787026
-1.0,11,18.788884
-2.0,11,18.790594
-2.0,11,18.791885
-1.0,11,18.793585
-2.0,11,18.795334
-3.0,11,18.79722
-2.0,11,18.798614
-2.0,11,18.800291
-3.0,11,18.802051
-2.0,11,18.803804
-3.0,11,18.805194
-1.0,11,18.806921
-2.0,11,18.808627
-2.0,11,18.810388
-3.0,11,18.81187
-2.0,11,18.813843
-2.0,11,18.815572
-3.0,11,18.817234
-1.0,11,18.818592
-3.0,11,18.820523
-3.0,11,18.822297
-3.0,11,18.823914
-1.0,11,18.825403
-3.0,11,18.82698
-2.0,11,18.8287
-3.0,11,18.83045
-3.0,11,18.831683
-3.0,11,18.833425
-3.0,11,18.835196
-4.0,11,18.836839
-2.0,11,18.838328
-2.0,11,18.840187
-3.0,11,18.841948
-1.0,11,18.84356
0.0,11,18.844976
-1.0,11,18.846824
-2.0,11,18.848638
-3.0,11,18.850264
-1.0,11,18.851704
-2.0,11,18.853501
-1.0,11,18.85548
-1.0,11,18.857296
-3.0,11,18.858513
-4.0,11,18.860196
-1.0,11,18.862086
-1.0,11,18.864011
-2.0,11,18.86543
-4.0,11,18.867156
-1.0,11,18.868899
-1.0,11,18.870661
-2.0,11,18.872113
-1.0,11,18.873797
-3.0,11,18.87547
-2.0,11,18.877139
-1.0,11,18.8787
-4.0,11,18.880568
-2.0,11,18.882227
-1.0,11,18.884022
-3.0,11,18.88526
-1.0,11,18.887115
-3.0,11,18.888893
-1.0,11,18.890606
-1.0,11,18.89193
-1.0,11,18.893747
-3.0,11,18.895558
-2.0,11,18.897577
0.0,11,18.89895
-2.0,11,18.900705
-4.0,11,18.902318
-2.0,11,18.904142
-3.0,11,18.905451
-3.0,11,18.907161
-2.0,11,18.908806
-3.0,11,18.910873
-1.0,11,18.912459
-2.0,11,18.914184
-2.0,11,18.915855
-3.0,11,18.917487
-2.0,11,18.918712
-1.0,11,18.920542
-2.0,11,18.922458
-2.0,11,18.924164
-5.0,11,18.925349
-2.0,11,18.926936
-2.0,11,18.928684
-3.0,11,18.930488
-2.0,11,18.931875
-2.0,11,18.933656
-2.0,11,18.935324
-3.0,11,18.937091
-4.0,11,18.938575
-1.0,11,18.940394
-4.0,11,18.941996
-3.0,11,18.943596
-2.0,11,18.945145
0.0,11,18.946956
-2.0,11,18.948598
-2.0,11,18.950164
-1.0,11,18.951567
-3.0,11,18.953174
-3.0,11,18.955121
-3.0,11,18.956849
-3.0,11,18.958136
-1.0,11,18.959911
-4.0,11,18.961576
-2.0,11,18.963426
-2.0,11,18.964829
-3.0,11,18.966527
-2.0,11,18.968331
-2.0,11,18.969984
-2.0,11,18.971362
-1.0,11,18.973125
-2.0,11,18.97479
-1.0,11,18.976535
-1.0,11,18.977855
-3.0,11,18.979772
-2.0,11,18.981486
-3.0,11,18.983161
-1.0,11,18.984524
-3.0,11,18.986212
-2.0,11,18.988105
-4.0,11,18.989892
-3.0,11,18.991209
-2.0,11,18.992812
-1.0,11,18.994446
-2.0,11,18.996281
-2.0,11,18.997621
-3.0,11,18.999321
-2.0,11,19.001139
-2.0,11,19.002941
-1.0,11,19.004474
-2.0,11,19.006144
0.0,11,19.007833
-2.0,11,19.009522
-2.0,11,19.010745
-3.0,11,19.012533
-1.0,11,19.014241
-1.0,11,19.016032
-2.0,11,19.017362
-2.0,11,19.019061
-2.0,11,19.021085
-2.0,11,19.022834
-1.0,11,19.024169
-3.0,11,19.02594
-3.0,11,19.027626
-2.0,11,19.029504
0.0,11,19.03091
-1.0,11,19.032584
0.0,11,19.034434
-3.0,11,19.036208
-1.0,11,19.037559
-1.0,11,19.039399
-3.0,11,19.041035
-2.0,11,19.042799
-1.0,11,19.044148
-1.0,11,19.046161
-2.0,11,19.04796
-2.0,11,19.049651
-2.0,11,19.051044
-2.0,11,19.052859
-2.0,11,19.054719
-1.0,11,19.056588
-2.0,11,19.057921
-2.0,11,19.05962
-3.0,11,19.061377
-2.0,11,19.063082
-1.0,11,19.064375
-1.0,11,19.066127
-2.0,11,19.067805
-1.0,11,19.069486
-3.0,11,19.07081
-1.0,11,19.072553
-3.0,11,19.074205
-3.0,11,19.075852
-2.0,11,19.077126
-2.0,11,19.078843
-2.0,11,19.080645
-2.0,11,19.082398
-2.0,11,19.083753
-2.0,11,19.085326
-4.0,11,19.087036
-1.0,11,19.0889
-2.0,11,19.09016
-1.0,11,19.091982
-2.0,11,19.093726
-3.0,11,19.095466
-3.0,11,19.096812
-1.0,11,19.098624
-1.0,11,19.100413
-3.0,11,19.102122
-2.0,11,19.10342
-3.0,11,19.10541
-1.0,11,19.107168
-2.0,11,19.108822
-4.0,11,19.110104
-3.0,11,19.111601
-2.0,11,19.11329
-3.0,11,19.115018
-3.0,11,19.116415
-1.0,11,19.118255
-3.0,11,19.119961
-4.0,11,19.121733
-1.0,11,19.123081
-2.0,11,19.125025
-3.0,11,19.126676
-3.0,11,19.12839
-2.0,11,19.129733
-1.0,11,19.131428
-2.0,11,19.13316
-3.0,11,19.13481
-4.0,11,19.136046
-2.0,11,19.13779
-4.0,11,19.139518
-3.0,11,19.141313
-3.0,11,19.14268
-1.0,11,19.144388
-2.0,11,19.146188
-1.0,11,19.147936
-2.0,11,19.149375
-2.0,11,19.151147
-2.0,11,19.152926
-3.0,11,19.154496
-2.0,11,19.15584
-3.0,11,19.15761
-3.0,11,19.159497
-2.0,11,19.161193
-2.0,11,19.162585
-4.0,11,19.164217
-3.0,11,19.165974
0.0,11,19.167784
-3.0,11,19.169141
-2.0,11,19.170886
-2.0,11,19.172578
-1.0,11,19.174451
-2.0,11,19.175848
-2.0,11,19.177573
-3.0,11,19.179201
-2.0,11,19.1809
-1.0,11,19.182404
-1.0,11,19.184365
-4.0,11,19.186064
-3.0,11,19.187837
-2.0,11,19.189093
-2.0,11,19.190879
-3.0,11,19.192709
-1.0,11,19.194411
-1.0,11,19.195677
-2.0,11,19.197342
-2.0,11,19.199103
-3.0,11,19.20092
-3.0,11,19.20222
-1.0,11,19.204063
-2.0,11,19.20578
-2.0,11,19.207464
-1.0,11,19.208887
-2.0,11,19.210832
-1.0,11,19.212616
-2.0,11,19.214264
-2.0,11,19.215848
-3.0,11,19.217701
-1.0,11,19.219567
-5.0,11,19.221227
-1.0,11,19.222637
-3.0,11,19.224542
-2.0,11,19.226512
-3.0,11,19.228233
-2.0,11,19.229497
-1.0,11,19.231156
-2.0,11,19.232902
-2.0,11,19.234908
-1.0,11,19.236225
-3.0,11,19.237895
-3.0,11,19.23961
-3.0,11,19.241448
-3.0,11,19.24289
0.0,11,19.244758
-1.0,11,19.246647
-5.0,11,19.248297
-2.0,11,19.249705
-1.0,11,19.251484
-3.0,11,19.253081
-2.0,11,19.25479
-1.0,11,19.256098
-1.0,11,19.257959
-3.0,11,19.259905
-3.0,11,19.261653
-2.0,11,19.262932
-2.0,11,19.264735
-2.0,11,19.26678
-2.0,11,19.268875
-1.0,11,19.27028
-2.0,11,19.272035
-2.0,11,19.273957
-2.0,11,19.276029
-3.0,11,19.27749
-1.0,11,19.279343
-2.0,11,19.281146
-2.0,11,19.283018
-1.0,11,19.284688
-4.0,11,19.286464
-2.0,11,19.288408
-2.0,11,19.290281
-3.0,11,19.291875
-2.0,11,19.293885
-2.0,11,19.295899
-2.0,11,19.297761
-1.0,11,19.299209
-3.0,11,19.301064
-2.0,11,19.302903
-5.0,11,19.304509
-2.0,11,19.305792
-1.0,11,19.307717
-1.0,11,19.309732
-4.0,11,19.311414
-2.0,11,19.31281
-2.0,11,19.314589
-2.0,11,19.316461
-3.0,11,19.318341
-1.0,11,19.319767
-1.0,11,19.321545
-2.0,11,19.323272
-2.0,11,19.325252
-3.0,11,19.326481
-2.0,11,19.328217
-2.0,11,19.330002
-3.0,11,19.331667
-3.0,11,19.332954
-3.0,11,19.33468
-2.0,11,19.336475
-1.0,11,19.338095
-1.0,11,19.339467
-1.0,11,19.341379
-3.0,11,19.343252
-1.0,11,19.345
-4.0,11,19.346339
-1.0,11,19.348113
-4.0,11,19.349904
-2.0,11,19.351748
-3.0,11,19.352975
-2.0,11,19.354673
-5.0,11,19.356393
-3.0,11,19.358226
-1.0,11,19.359571
-3.0,11,19.361394
-1.0,11,19.363097
-2.0,11,19.364829
-2.0,11,19.366267
-2.0,11,19.368237
-3.0,11,19.369957
-1.0,11,19.371596
-1.0,11,19.373014
-1.0,11,19.375012
-3.0,11,19.376761
-2.0,11,19.378532
-1.0,11,19.379834
0.0,11,19.381777
-1.0,11,19.383582
-4.0,11,19.385308
-3.0,11,19.386664
-2.0,11,19.388444
-1.0,11,19.390239
-2.0,11,19.391994
-2.0,11,19.393204
-2.0,11,19.394959
-2.0,11,19.396703
-1.0,11,19.398331
0.0,11,19.399765
-2.0,11,19.401613
-2.0,11,19.403319
-2.0,11,19.404952
-1.0,11,19.406279
-3.0,11,19.407931
-3.0,11,19.409758
-1.0,11,19.411509
-1.0,11,19.413054
-1.0,11,19.415004
-4.0,11,19.416904
-1.0,11,19.418636
-1.0,11,19.41997
-1.0,11,19.421748
-3.0,11,19.423586
0.0,11,19.425693
-2.0,11,19.427254
-3.0,11,19.429551
-5.0,11,19.431658
0.0,11,19.433855
-2.0,11,19.435362
-3.0,11,19.437254
-3.0,11,19.438939
-3.0,11,19.440796
-1.0,11,19.442271
-1.0,11,19.443981
-2.0,11,19.445736
0.0,11,19.447562
-2.0,11,19.448984
-3.0,11,19.45073
-2.0,11,19.452422
-4.0,11,19.454105
-2.0,11,19.455411
-2.0,11,19.457041
-2.0,11,19.459023
0.0,11,19.460757
-1.0,11,19.462206
-3.0,11,19.464017
-3.0,11,19.465814
-3.0,11,19.467828
-3.0,11,19.469177
-2.0,11,19.471007
-1.0,11,19.472735
-2.0,11,19.474631
-1.0,11,19.476035
-2.0,11,19.47772
-2.0,11,19.47959
-2.0,11,19.481309
-1.0,11,19.482631
-3.0,11,19.484406
-1.0,11,19.486236
-2.0,11,19.487917
-2.0,11,19.489305
-2.0,11,19.490937
-1.0,11,19.492793
-2.0,11,19.494637
-1.0,11,19.495979
-3.0,11,19.497658
-1.0,11,19.499484
-3.0,11,19.501194
-1.0,11,19.502577
-3.0,11,19.504527
-4.0,11,19.506175
-3.0,11,19.507801
-3.0,11,19.509198
-2.0,11,19.51099
-2.0,11,19.512893
-2.0,11,19.514766
-3.0,11,19.516101
-2.0,11,19.517723
-2.0,11,19.519548
-2.0,11,19.52145
-2.0,11,19.52284
-2.0,11,19.524605
-2.0,11,19.526404
-2.0,11,19.528152
-3.0,11,19.529591
-2.0,11,19.531364
-3.0,11,19.533053
-1.0,11,19.534698
-2.0,11,19.536133
-2.0,11,19.538053
-2.0,11,19.539797
0.0,11,19.541537
-3.0,11,19.542752
-3.0,11,19.544473
-2.0,11,19.546605
-2.0,11,19.548338
-4.0,11,19.549608
-3.0,11,19.551451
-1.0,11,19.553218
-3.0,11,19.554969
-2.0,11,19.556385
-1.0,11,19.55814
-2.0,11,19.559895
-2.0,11,19.561519
-3.0,11,19.563068
-1.0,11,19.564762
-1.0,11,19.566571
-2.0,11,19.568337
-3.0,11,19.569655
-2.0,11,19.571552
-1.0,11,19.573384
-1.0,11,19.575169
-3.0,11,19.576492
-2.0,11,19.578339
-1.0,11,19.580164
-2.0,11,19.581776
-1.0,11,19.583237
-3.0,11,19.584916
-2.0,11,19.58692
-3.0,11,19.588668
-2.0,11,19.589944
-3.0,11,19.591577
-1.0,11,19.593296
-4.0,11,19.595028
-2.0,11,19.596552
-2.0,11,19.598317
-3.0,11,19.599968
-2.0,11,19.601605
-2.0,11,19.602887
-1.0,11,19.604802
-3.0,11,19.60656
-3.0,11,19.608267
-1.0,11,19.609639
-2.0,11,19.611317
-2.0,11,19.613197
-3.0,11,19.614815
-2.0,11,19.616205
-2.0,11,19.618028
-3.0,11,19.619753
-2.0,11,19.621481
-2.0,11,19.62273
-4.0,11,19.624487
-2.0,11,19.626287
-2.0,11,19.628102
-2.0,11,19.629517
-2.0,11,19.631275
-3.0,11,19.632969
0.0,11,19.634704
-1.0,11,19.636101
-2.0,11,19.63811
0.0,11,19.64001
-2.0,11,19.64168
-1.0,11,19.642997
-2.0,11,19.644674
-2.0,11,19.646624
-2.0,11,19.648427
-1.0,11,19.649829
-1.0,11,19.651566
-2.0,11,19.65322
-2.0,11,19.655178
-2.0,11,19.656532
-2.0,11,19.658369
-2.0,11,19.660148
-1.0,11,19.662063
-1.0,11,19.663639
-2.0,11,19.66542
-3.0,11,19.667102
-3.0,11,19.668907
-5.0,11,19.670288
-3.0,11,19.672045
-2.0,11,19.67383
-1.0,11,19.675584
-2.0,11,19.676874
-2.0,11,19.678587
-2.0,11,19.680525
-2.0,11,19.682251
-1.0,11,19.683653
0.0,11,19.685345
-2.0,11,19.687152
-1.0,11,19.688994
-2.0,11,19.690325
-2.0,11,19.692027
-1.0,11,19.693821
-1.0,11,19.695599
-3.0,11,19.697004
-1.0,11,19.698832
-2.0,11,19.700509
-3.0,11,19.702198
-1.0,11,19.703637
-1.0,11,19.705575
-2.0,11,19.70727
0.0,11,19.708994
-1.0,11,19.710259
-2.0,11,19.712132
-1.0,11,19.713985
-2.0,11,19.715673
-3.0,11,19.717051
-3.0,11,19.718845
-2.0,11,19.720668
-2.0,11,19.722492
-2.0,11,19.723732
-2.0,11,19.725524
-2.0,11,19.727168
-1.0,11,19.729177
-1.0,11,19.730779
-2.0,11,19.732503
-3.0,11,19.7343
-1.0,11,19.736092
-3.0,11,19.737511
-1.0,11,19.739412
-1.0,11,19.741111
-1.0,11,19.742948
-3.0,11,19.744265
-1.0,11,19.746181
-2.0,11,19.747924
-2.0,11,19.749664
-2.0,11,19.751024
-3.0,11,19.752768
-3.0,11,19.754596
-3.0,11,19.756295
0.0,11,19.757685
-3.0,11,19.759442
-2.0,11,19.761265
-2.0,11,19.763151
-3.0,11,19.764331
-3.0,11,19.766009
-3.0,11,19.767741
-1.0,11,19.769368
-2.0,11,19.770698
-2.0,11,19.772521
-1.0,11,19.774318
-1.0,11,19.776071
-3.0,11,19.777308
-1.0,11,19.779346
-2.0,11,19.781064
0.0,11,19.783004
-1.0,11,19.784337
-2.0,11,19.786113
-2.0,11,19.78804
-2.0,11,19.789865
-3.0,11,19.791217
-1.0,11,19.793129
-2.0,11,19.79502
-2.0,11,19.79685
-2.0,11,19.798292
-2.0,11,19.799947
0.0,11,19.801805
-2.0,11,19.803845
-1.0,11,19.80517
-3.0,11,19.806839
-1.0,11,19.808529
-2.0,11,19.810191
-1.0,11,19.81168
0.0,11,19.813669
-2.0,11,19.815434
-2.0,11,19.817035
-1.0,11,19.818385
-3.0,11,19.820227
-1.0,11,19.822085
-3.0,11,19.823794
-1.0,11,19.82502
-2.0,11,19.826824
-2.0,11,19.828691
-1.0,11,19.830601
-4.0,11,19.831874
-3.0,11,19.833598
-3.0,11,19.835284
-1.0,11,19.837166
-3.0,11,19.838476
-3.0,11,19.840055
-2.0,11,19.841772
-2.0,11,19.843358
-2.0,11,19.844772
-2.0,11,19.846623
-1.0,11,19.848304
-3.0,11,19.850047
-1.0,11,19.851373
-2.0,11,19.853221
0.0,11,19.855152
-1.0,11,19.856983
-3.0,11,19.858282
-3.0,11,19.85996
-2.0,11,19.861783
-3.0,11,19.863494
-2.0,11,19.864759
-1.0,11,19.866456
-1.0,11,19.868232
-1.0,11,19.870088
-2.0,11,19.871411
-1.0,11,19.873159
-3.0,11,19.874763
-2.0,11,19.876527
-4.0,11,19.877786
-2.0,11,19.879706
-3.0,11,19.881491
-2.0,11,19.883147
-3.0,11,19.884462
-1.0,11,19.886443
-2.0,11,19.888322
-3.0,11,19.890002
-1.0,11,19.891389
-3.0,11,19.893094
-2.0,11,19.894826
-3.0,11,19.896761
-3.0,11,19.898121
-3.0,11,19.899709
-1.0,11,19.901468
-4.0,11,19.903322
-3.0,11,19.904709
-3.0,11,19.906388
-1.0,11,19.908257
-1.0,11,19.909832
-3.0,11,19.911179
-4.0,11,19.913041
-1.0,11,19.914912
-3.0,11,19.916562
-3.0,11,19.917948
-2.0,11,19.919686
-1.0,11,19.92167
-3.0,11,19.923405
-2.0,11,19.924716
-2.0,11,19.926559
-1.0,11,19.928302
-2.0,11,19.93017
-3.0,11,19.931622
-2.0,11,19.933315
0.0,11,19.935022
-2.0,11,19.936866
-4.0,11,19.938196
-2.0,11,19.939953
-4.0,11,19.941593
-2.0,11,19.943343
-1.0,11,19.944906
-2.0,11,19.946742
-3.0,11,19.94839
-2.0,11,19.950212
-1.0,11,19.951648
-1.0,11,19.953498
0.0,11,19.955203
-2.0,11,19.956843
-3.0,11,19.958123
-3.0,11,19.959774
-2.0,11,19.961633
-1.0,11,19.963387
-3.0,11,19.964578
-2.0,11,19.966337
-3.0,11,19.968112
-2.0,11,19.969859
-2.0,11,19.971615
-2.0,11,19.973545
-1.0,11,19.975222
-4.0,11,19.976861
-2.0,11,19.978323
-2.0,11,19.980107
-3.0,11,19.981853
-2.0,11,19.983567
-4.0,11,19.984852
-3.0,11,19.986736
-4.0,11,19.988471
0.0,11,19.99014
-2.0,11,19.991499
-3.0,11,19.993097
0.0,11,19.995032
-2.0,11,19.9969
-1.0,11,19.998171
-1.0,11,19.999808
-2.0,11,20.00141
-2.0,11,20.003158
-2.0,11,20.004628
-2.0,11,20.006338
-2.0,11,20.008084
-1.0,11,20.009811
-2.0,11,20.011226
-2.0,11,20.013023
-2.0,11,20.014841
-3.0,11,20.016546
-2.0,11,20.017929
-2.0,11,20.019791
-2.0,11,20.021554
-3.0,11,20.023253
-2.0,11,20.024597
-2.0,11,20.026236
-3.0,11,20.02789
-3.0,11,20.0296
-2.0,11,20.030951
-2.0,11,20.032627
-3.0,11,20.034362
-3.0,11,20.035988
-3.0,11,20.037294
-2.0,11,20.039145
-2.0,11,20.040845
-3.0,11,20.042492
-2.0,11,20.043821
-2.0,11,20.045695
-2.0,11,20.047506
-1.0,11,20.049246
-2.0,11,20.050543
-1.0,11,20.052384
-3.0,11,20.054151
-1.0,11,20.055975
-3.0,11,20.057315
-1.0,11,20.059194
-2.0,11,20.061142
0.0,11,20.063193
-1.0,11,20.064616
-4.0,11,20.066294
-4.0,11,20.067827
-3.0,11,20.069564
-3.0,11,20.070845
-1.0,11,20.072823
-2.0,11,20.074505
-3.0,11,20.076158
-2.0,11,20.077471
-3.0,11,20.079176
-2.0,11,20.080927
-3.0,11,20.082812
-2.0,11,20.084207
-2.0,11,20.085942
-2.0,11,20.087723
0.0,11,20.089511
-5.0,11,20.090974
-1.0,11,20.092827
-3.0,11,20.094434
-3.0,11,20.096141
-1.0,11,20.097412
-3.0,11,20.099068
-3.0,11,20.100927
-3.0,11,20.102669
-1.0,11,20.103999
-3.0,11,20.105674
-3.0,11,20.107505
-1.0,11,20.109315
-4.0,11,20.110626
0.0,11,20.112395
-2.0,11,20.113954
-1.0,11,20.115837
-2.0,11,20.117234
-2.0,11,20.118893
-1.0,11,20.120659
-2.0,11,20.122298
-2.0,11,20.1235
-2.0,11,20.125459
-4.0,11,20.127226
-1.0,11,20.129016
-1.0,11,20.130407
-2.0,11,20.132201
-2.0,11,20.134077
-3.0,11,20.135846
-4.0,11,20.137015
-2.0,11,20.138818
-2.0,11,20.140592
-2.0,11,20.142459
-4.0,11,20.143712
-2.0,11,20.145405
-1.0,11,20.147078
0.0,11,20.148947
-2.0,11,20.150345
-2.0,11,20.152235
-3.0,11,20.153947
-2.0,11,20.155702
-1.0,11,20.157224
-3.0,11,20.159184
-3.0,11,20.160905
-2.0,11,20.162602
-2.0,11,20.163885
-2.0,11,20.165645
-3.0,11,20.16755
-1.0,11,20.169445
-1.0,11,20.170838
-1.0,11,20.172722
-1.0,11,20.174624
-1.0,11,20.17652
-3.0,11,20.177811
-3.0,11,20.179495
-3.0,11,20.181232
-2.0,11,20.183328
-1.0,11,20.184825
-1.0,11,20.186718
-2.0,11,20.188376
-1.0,11,20.190136
-1.0,11,20.191648
-3.0,11,20.193393
0.0,11,20.19514
-2.0,11,20.19691
-2.0,11,20.198258
-3.0,11,20.200098
-2.0,11,20.201841
-1.0,11,20.203648
-2.0,11,20.205049
-4.0,11,20.206748
-2.0,11,20.208687
-3.0,11,20.210449
-2.0,11,20.211752
-2.0,11,20.213514
0.0,11,20.2153
-3.0,11,20.217091
-2.0,11,20.218476
-2.0,11,20.220319
-1.0,11,20.222092
-2.0,11,20.223747
-1.0,11,20.225437
-1.0,11,20.227238
-2.0,11,20.228893
-1.0,11,20.230661
-3.0,11,20.231947
-2.0,11,20.233802
-2.0,11,20.235507
-1.0,11,20.237305
-1.0,11,20.238637
-1.0,11,20.240313
-1.0,11,20.241994
-3.0,11,20.243788
-2.0,11,20.245112
-1.0,11,20.246901
-3.0,11,20.248511
-2.0,11,20.250382
-3.0,11,20.251656
-3.0,11,20.25339
-2.0,11,20.255238
-3.0,11,20.257036
-1.0,11,20.258361
-2.0,11,20.260122
-3.0,11,20.26176
-2.0,11,20.263403
-3.0,11,20.264757
-1.0,11,20.266561
-2.0,11,20.268279
-2.0,11,20.269932
-2.0,11,20.271309
-1.0,11,20.273088
-3.0,11,20.274844
-3.0,11,20.276561
-2.0,11,20.277865
-4.0,11,20.279584
-2.0,11,20.281297
-3.0,11,20.283051
-3.0,11,20.28439
-3.0,11,20.286064
-2.0,11,20.287721
-2.0,11,20.289502
-4.0,11,20.290656
-2.0,11,20.292317
-2.0,11,20.29396
-1.0,11,20.295726
-1.0,11,20.297127
-3.0,11,20.298825
-1.0,11,20.300521
-2.0,11,20.302214
-2.0,11,20.303547
-2.0,11,20.305254
-2.0,11,20.307019
-3.0,11,20.308764
-1.0,11,20.310161
-2.0,11,20.311926
-3.0,11,20.313697
-1.0,11,20.31555
-4.0,11,20.316839
-1.0,11,20.318614
-1.0,11,20.320505
-2.0,11,20.322295
-3.0,11,20.323553
-2.0,11,20.325285
0.0,11,20.327084
-1.0,11,20.328902
-2.0,11,20.330243
-1.0,11,20.332086
-4.0,11,20.333708
-2.0,11,20.335314
-1.0,11,20.336703
-2.0,11,20.338482
-3.0,11,20.340228
-2.0,11,20.34208
-2.0,11,20.343329
-1.0,11,20.345091
-3.0,11,20.346801
-3.0,11,20.348572
-2.0,11,20.349991
-2.0,11,20.351648
-3.0,11,20.353398
0.0,11,20.355058
-2.0,11,20.356335
-2.0,11,20.35807
-2.0,11,20.359771
-4.0,11,20.361438
-2.0,11,20.36276
-3.0,11,20.364403
-1.0,11,20.366212
-3.0,11,20.367902
-2.0,11,20.3692
-1.0,11,20.371053
-1.0,11,20.372873
-3.0,11,20.374614
-3.0,11,20.375925
-2.0,11,20.377564
-2.0,11,20.379248
-1.0,11,20.381016
-1.0,11,20.38243
-1.0,11,20.384236
-2.0,11,20.385911
-3.0,11,20.387564
-2.0,11,20.388928
-3.0,11,20.390691
-2.0,11,20.392523
-3.0,11,20.394286
-1.0,11,20.395688
-1.0,11,20.397273
-3.0,11,20.398969
-3.0,11,20.400779
-1.0,11,20.402205
-2.0,11,20.40386
-2.0,11,20.405586
-2.0,11,20.407375
-3.0,11,20.408758
-1.0,11,20.410485
-2.0,11,20.412347
-3.0,11,20.413999
-2.0,11,20.415159
-1.0,11,20.416907
-2.0,11,20.418674
-2.0,11,20.420379
-3.0,11,20.421715
-1.0,11,20.423465
-1.0,11,20.425145
-3.0,11,20.426731
-2.0,11,20.428215
-2.0,11,20.430055
-1.0,11,20.431712
-1.0,11,20.433496
-2.0,11,20.434808
-2.0,11,20.436432
-1.0,11,20.438067
-3.0,11,20.439728
-2.0,11,20.441002
-1.0,11,20.4428
-2.0,11,20.444546
-2.0,11,20.446287
-2.0,11,20.44759
-2.0,11,20.449182
-3.0,11,20.450951
-3.0,11,20.452762
-4.0,11,20.453986
0.0,11,20.455868
-3.0,11,20.457471
-1.0,11,20.459184
-3.0,11,20.460544
-2.0,11,20.462344
-2.0,11,20.464003
-1.0,11,20.465767
-3.0,11,20.467082
-1.0,11,20.468886
-3.0,11,20.470649
-2.0,11,20.472362
-2.0,11,20.473717
-1.0,11,20.475529
-2.0,11,20.477223
-1.0,11,20.47899
-2.0,11,20.480257
-2.0,11,20.481949
-2.0,11,20.483655
-2.0,11,20.485417
-2.0,11,20.486759
-2.0,11,20.488513
-4.0,11,20.490215
-2.0,11,20.491949
-1.0,11,20.493314
-1.0,11,20.495084
-2.0,11,20.496814
-2.0,11,20.498466
-3.0,11,20.499853
-2.0,11,20.501516
0.0,11,20.50322
-3.0,11,20.504978
-4.0,11,20.506273
-2.0,11,20.50794
-3.0,11,20.509658
-2.0,11,20.511439
-3.0,11,20.512617
-3.0,11,20.514276
-2.0,11,20.515955
-1.0,11,20.51777
-3.0,11,20.519032
-1.0,11,20.520794
-3.0,11,20.52243
-3.0,11,20.524123
-2.0,11,20.525408
-4.0,11,20.527143
-3.0,11,20.528864
-1.0,11,20.530564
-1.0,11,20.53176
-2.0,11,20.533467
-3.0,11,20.535192
-2.0,11,20.536797
-2.0,11,20.538098
-3.0,11,20.539706
-2.0,11,20.541324
-1.0,11,20.543036
-2.0,11,20.544493
-2.0,11,20.546527
-1.0,11,20.548226
0.0,11,20.549942
-3.0,11,20.551321
-2.0,11,20.553273
-3.0,11,20.555019
-3.0,11,20.556727
-3.0,11,20.558099
-3.0,11,20.559844
-3.0,11,20.561541
-2.0,11,20.563286
-1.0,11,20.564659
0.0,11,20.56656
-1.0,11,20.568386
-5.0,11,20.569999
-1.0,11,20.571435
-2.0,11,20.573203
-2.0,11,20.574934
-1.0,11,20.576701
-1.0,11,20.578051
-1.0,11,20.579843
-4.0,11,20.581514
-2.0,11,20.583229
-2.0,11,20.584693
-1.0,11,20.586514
0.0,11,20.588344
-1.0,11,20.59019
-3.0,11,20.591555
-1.0,11,20.593343
-1.0,11,20.59514
-2.0,11,20.59688
-2.0,11,20.5982
-2.0,11,20.599875
-1.0,11,20.601804
-2.0,11,20.603601
-2.0,11,20.604969
-2.0,11,20.606663
-2.0,11,20.60851
-3.0,11,20.610203
-3.0,11,20.611418
-2.0,11,20.613264
-2.0,11,20.615033
-1.0,11,20.616805
-2.0,11,20.618152
-2.0,11,20.61996
-2.0,11,20.621795
-1.0,11,20.623549
-2.0,11,20.624919
-1.0,11,20.626647
-3.0,11,20.628421
-2.0,11,20.630148
-2.0,11,20.631442
-2.0,11,20.633172
-2.0,11,20.634837
-4.0,11,20.636531
-1.0,11,20.637991
-3.0,11,20.639598
-2.0,11,20.64138
-2.0,11,20.643082
-2.0,11,20.644498
-2.0,11,20.646172
-2.0,11,20.647895
-2.0,11,20.649711
-1.0,11,20.650973
0.0,11,20.652754
-2.0,11,20.654536
-2.0,11,20.65635
-2.0,11,20.657616
-1.0,11,20.659392
-1.0,11,20.661243
-2.0,11,20.663
-1.0,11,20.664387
-1.0,11,20.666197
-4.0,11,20.667817
-1.0,11,20.669477
-1.0,11,20.670783
-1.0,11,20.672569
-3.0,11,20.674293
-1.0,11,20.676067
-3.0,11,20.677267
-3.0,11,20.678915
-2.0,11,20.680659
-1.0,11,20.682387
-2.0,11,20.683729
0.0,11,20.685526
-3.0,11,20.687212
-2.0,11,20.688946
-2.0,11,20.690278
-2.0,11,20.691953
-2.0,11,20.693681
-3.0,11,20.695356
-1.0,11,20.696712
-2.0,11,20.698439
-1.0,11,20.700333
-4.0,11,20.702007
-2.0,11,20.703375
-2.0,11,20.705122
0.0,11,20.706924
-3.0,11,20.708595
-2.0,11,20.709934
-2.0,11,20.711853
-3.0,11,20.713654
-2.0,11,20.715295
-4.0,11,20.716656
-2.0,11,20.718439
-3.0,11,20.720134
-1.0,11,20.721826
-1.0,11,20.723116
-2.0,11,20.724889
-2.0,11,20.72665
-1.0,11,20.728574
-2.0,11,20.729861
-2.0,11,20.731597
-3.0,11,20.733263
-1.0,11,20.735077
-5.0,11,20.736253
-3.0,11,20.737832
-1.0,11,20.739691
-2.0,11,20.741392
-2.0,11,20.742724
-2.0,11,20.744611
-3.0,11,20.746313
-1.0,11,20.748084
-2.0,11,20.749448
-1.0,11,20.751081
-3.0,11,20.752898
-1.0,11,20.75465
-2.0,11,20.756018
-4.0,11,20.757548
-3.0,11,20.759186
-2.0,11,20.760828
-1.0,11,20.762277
-1.0,11,20.764032
-2.0,11,20.765646
-2.0,11,20.767492
-4.0,11,20.76875
-2.0,11,20.770512
-1.0,11,20.772314
-1.0,11,20.773992
-2.0,11,20.775349
-1.0,11,20.777006
-4.0,11,20.778627
-4.0,11,20.780288
-4.0,11,20.781496
-1.0,11,20.783213
-3.0,11,20.784919
-2.0,11,20.786676
-4.0,11,20.7879
-3.0,11,20.789553
-2.0,11,20.791368
-2.0,11,20.79311
-2.0,11,20.794556
-1.0,11,20.796199
-1.0,11,20.797903
-3.0,11,20.799575
-1.0,11,20.800974
-2.0,11,20.802713
0.0,11,20.8045
-1.0,11,20.806286
-1.0,11,20.807584
-2.0,11,20.809363
-3.0,11,20.810936
0.0,11,20.812864
-2.0,11,20.814242
-2.0,11,20.815962
-1.0,11,20.81779
-3.0,11,20.819406
-3.0,11,20.820875
-2.0,11,20.822633
-2.0,11,20.824244
-1.0,11,20.825977
-3.0,11,20.827295
-2.0,11,20.82892
-2.0,11,20.83061
-2.0,11,20.832209
-1.0,11,20.833558
0.0,11,20.835434
-2.0,11,20.837142
-3.0,11,20.83882
-3.0,11,20.840081
-2.0,11,20.84168
-1.0,11,20.843483
-2.0,11,20.845205
-3.0,11,20.846433
-2.0,11,20.848141
-2.0,11,20.849844
-1.0,11,20.851635
-3.0,11,20.852971
-2.0,11,20.854618
-2.0,11,20.856393
-4.0,11,20.858012
-2.0,11,20.859314
-4.0,11,20.861022
-3.0,11,20.862798
-2.0,11,20.864407
-2.0,11,20.865648
-3.0,11,20.867237
-1.0,11,20.868951
-2.0,11,20.870536
-1.0,11,20.871781
-2.0,11,20.873627
-2.0,11,20.875451
-4.0,11,20.877019
-1.0,11,20.878319
-4.0,11,20.880023
-3.0,11,20.881726
-2.0,11,20.883382
-2.0,11,20.884791
-1.0,11,20.886692
-4.0,11,20.888387
-1.0,11,20.890136
0.0,11,20.891568
-1.0,11,20.893416
-4.0,11,20.895095
-3.0,11,20.896801
-3.0,11,20.898077
-2.0,11,20.89981
-1.0,11,20.901627
-3.0,11,20.903225
-4.0,11,20.904434
-3.0,11,20.906088
-2.0,11,20.907752
-2.0,11,20.909465
-2.0,11,20.910761
-5.0,11,20.912419
-3.0,11,20.914074
-3.0,11,20.915812
-1.0,11,20.917104
-2.0,11,20.91874
-2.0,11,20.920511
0.0,11,20.922328
-2.0,11,20.923621
-2.0,11,20.925331
-1.0,11,20.927093
-1.0,11,20.928851
-2.0,11,20.930236
-2.0,11,20.931928
-3.0,11,20.933494
-2.0,11,20.935294
-1.0,11,20.936694
-2.0,11,20.93844
-3.0,11,20.940097
-2.0,11,20.941747
-3.0,11,20.943011
-4.0,11,20.944747
-3.0,11,20.946402
-1.0,11,20.94819
-3.0,11,20.949496
-3.0,11,20.951022
-4.0,11,20.952666
-3.0,11,20.954252
-3.0,11,20.955599
-2.0,11,20.95729
-1.0,11,20.959027
-2.0,11,20.960649
-2.0,11,20.961897
-3.0,11,20.963649
-3.0,11,20.965288
-2.0,11,20.966914
-4.0,11,20.968236
-1.0,11,20.970037
-2.0,11,20.97179
-1.0,11,20.973521
-3.0,11,20.974782
-3.0,11,20.976441
-3.0,11,20.978092
-3.0,11,20.979808
-1.0,11,20.981168
-2.0,11,20.982941
-1.0,11,20.984782
-2.0,11,20.986626
-3.0,11,20.98803
-2.0,11,20.989769
-2.0,11,20.991512
-2.0,11,20.993188
-1.0,11,20.994474
0.0,11,20.996302
-3.0,11,20.997949
-1.0,11,20.999765
-2.0,11,21.001149
-1.0,11,21.002891
-1.0,11,21.004616
0.0,11,21.006308
-1.0,11,21.007582
0.0,11,21.009473
-3.0,11,21.011127
-2.0,11,21.012868
-2.0,11,21.014131
-3.0,11,21.015744
-1.0,11,21.017454
-2.0,11,21.019187
-2.0,11,21.020466
-2.0,11,21.022241
-2.0,11,21.023933
-3.0,11,21.025706
-2.0,11,21.026995
-2.0,11,21.028654
-1.0,11,21.030251
-2.0,11,21.03195
-3.0,11,21.033259
-4.0,11,21.034973
-1.0,11,21.036803
-1.0,11,21.0386
-1.0,11,21.03984
0.0,11,21.041575
-4.0,11,21.04323
-2.0,11,21.044909
-1.0,11,21.046445
-2.0,11,21.048093
-3.0,11,21.049761
-2.0,11,21.05266
-3.0,11,21.055315
-3.0,11,21.059508
-2.0,11,21.062585
-1.0,11,21.066444
-1.0,11,21.067789
-1.0,11,21.069448
-3.0,11,21.07119
-2.0,11,21.072918
-1.0,11,21.074205
-2.0,11,21.075839
-1.0,11,21.077601
-1.0,11,21.079266
-1.0,11,21.080636
-2.0,11,21.082354
-2.0,11,21.084182
-3.0,11,21.085883
0.0,11,21.087262
-2.0,11,21.088982
-1.0,11,21.090758
0.0,11,21.092513
-1.0,11,21.09383
-2.0,11,21.095559
-2.0,11,21.097233
-3.0,11,21.098831
-2.0,11,21.100175
-2.0,11,21.101833
-2.0,11,21.103585
-2.0,11,21.10542
-3.0,11,21.106584
-2.0,11,21.108177
-4.0,11,21.10989
-2.0,11,21.111791
-2.0,11,21.113051
-2.0,11,21.114755
-1.0,11,21.116601
-2.0,11,21.11837
-3.0,11,21.11982
-2.0,11,21.12148
-2.0,11,21.123143
-1.0,11,21.124917
-1.0,11,21.126335
-2.0,11,21.128106
-2.0,11,21.12976
-2.0,11,21.131499
-2.0,11,21.132898
-1.0,11,21.134557
-2.0,11,21.13639
-2.0,11,21.138092
-2.0,11,21.139389
-3.0,11,21.141171
-2.0,11,21.142849
-3.0,11,21.144588
-2.0,11,21.14591
-1.0,11,21.147754
-4.0,11,21.14942
-2.0,11,21.151133
-2.0,11,21.152324
-2.0,11,21.154057
-2.0,11,21.155746
-2.0,11,21.157564
-3.0,11,21.158874
-3.0,11,21.160474
-2.0,11,21.162285
-2.0,11,21.164076
-1.0,11,21.165352
-1.0,11,21.167096
-3.0,11,21.168782
-1.0,11,21.170655
-2.0,11,21.17201
-1.0,11,21.173709
-1.0,11,21.175448
-2.0,11,21.177145
-1.0,11,21.178428
-1.0,11,21.180164
-4.0,11,21.181822
-3.0,11,21.183463
-2.0,11,21.184808
-2.0,11,21.186612
-2.0,11,21.188368
-3.0,11,21.190133
-2.0,11,21.191377
-2.0,11,21.193013
-2.0,11,21.194738
-2.0,11,21.196587
-1.0,11,21.197877
-3.0,11,21.199646
-2.0,11,21.201338
-3.0,11,21.203171
-2.0,11,21.20442
0.0,11,21.206362
-2.0,11,21.208168
-3.0,11,21.209813
-1.0,11,21.211303
-3.0,11,21.213045
0.0,11,21.214818
-2.0,11,21.216494
-1.0,11,21.217805
-4.0,11,21.219511
-2.0,11,21.22133
-4.0,11,21.22318
-1.0,11,21.22444
-1.0,11,21.226152
-2.0,11,21.227815
-2.0,11,21.229704
-1.0,11,21.23111
-2.0,11,21.232896
-2.0,11,21.234643
-3.0,11,21.236285
-2.0,11,21.237654
-1.0,11,21.239386
-2.0,11,21.241255
-2.0,11,21.24306
-1.0,11,21.244468
-1.0,11,21.246298
-3.0,11,21.248003
-3.0,11,21.249756
-4.0,11,21.250981
-2.0,11,21.252702
-3.0,11,21.254402
-2.0,11,21.256008
-3.0,11,21.257264
-1.0,11,21.259091
-2.0,11,21.260756
-2.0,11,21.262589
-3.0,11,21.263861
-3.0,11,21.265512
-1.0,11,21.267158
-2.0,11,21.268901
-2.0,11,21.270142
-1.0,11,21.271872
-1.0,11,21.273643
-2.0,11,21.275415
-1.0,11,21.276704
-1.0,11,21.278377
-1.0,11,21.280014
-1.0,11,21.281804
-2.0,11,21.283102
-1.0,11,21.284816
-1.0,11,21.286701
-3.0,11,21.288252
-3.0,11,21.289578
-4.0,11,21.291272
-1.0,11,21.293061
-1.0,11,21.294876
-1.0,11,21.296244
-2.0,11,21.298
-1.0,11,21.299706
-3.0,11,21.301385
-1.0,11,21.302752
-3.0,11,21.304467
-1.0,11,21.306157
-1.0,11,21.307833
-3.0,11,21.309008
-2.0,11,21.310759
-2.0,11,21.312387
-1.0,11,21.31404
-3.0,11,21.315286
-3.0,11,21.316926
-3.0,11,21.318582
-3.0,11,21.320291
-3.0,11,21.321624
-2.0,11,21.323346
-3.0,11,21.32504
-1.0,11,21.326715
-3.0,11,21.327968
-2.0,11,21.329721
-1.0,11,21.33142
-2.0,11,21.333043
-2.0,11,21.334407
-4.0,11,21.335998
-1.0,11,21.337691
-2.0,11,21.339404
-2.0,11,21.340602
-3.0,11,21.342358
-1.0,11,21.344017
-3.0,11,21.345619
-4.0,11,21.346908
-3.0,11,21.348594
-1.0,11,21.350294
-2.0,11,21.352014
-2.0,11,21.353309
-4.0,11,21.354973
-1.0,11,21.356786
-3.0,11,21.358503
-2.0,11,21.359716
-2.0,11,21.361518
-1.0,11,21.363298
-1.0,11,21.365191
-3.0,11,21.36646
-2.0,11,21.368204
-2.0,11,21.369896
-2.0,11,21.3717
-2.0,11,21.373028
-2.0,11,21.374773
-1.0,11,21.376787
-2.0,11,21.378563
-1.0,11,21.379937
-1.0,11,21.3817
-2.0,11,21.383511
-3.0,11,21.38518
-2.0,11,21.386566
-2.0,11,21.388311
-1.0,11,21.389949
-2.0,11,21.391769
-1.0,11,21.393168
-1.0,11,21.394786
-2.0,11,21.396484
-2.0,11,21.398224
-1.0,11,21.399582
-2.0,11,21.40147
0.0,11,21.403277
-2.0,11,21.404979
-3.0,11,21.406158
-1.0,11,21.407929
-2.0,11,21.409873
-2.0,11,21.411623
-2.0,11,21.412949
-1.0,11,21.414711
-2.0,11,21.416481
-2.0,11,21.418374
-2.0,11,21.419654
-1.0,11,21.421463
-3.0,11,21.423106
-3.0,11,21.424898
-1.0,11,21.426347
-1.0,11,21.428247
-1.0,11,21.430043
-2.0,11,21.431646
-2.0,11,21.433056
0.0,11,21.434794
-2.0,11,21.436504
-2.0,11,21.438373
-2.0,11,21.439587
-1.0,11,21.441257
-2.0,11,21.442859
-2.0,11,21.444598
-3.0,11,21.446073
-1.0,11,21.447885
-2.0,11,21.449691
-2.0,11,21.451514
-1.0,11,21.452883
-4.0,11,21.454559
-2.0,11,21.456272
-3.0,11,21.458017
-1.0,11,21.459355
-2.0,11,21.461054
-2.0,11,21.462734
-1.0,11,21.464596
-3.0,11,21.465866
-1.0,11,21.467616
-3.0,11,21.469321
-2.0,11,21.471068
-1.0,11,21.472241
-1.0,11,21.47406
-3.0,11,21.475738
-2.0,11,21.477463
-2.0,11,21.478832
-2.0,11,21.480656
-2.0,11,21.482485
-2.0,11,21.484157
-2.0,11,21.485336
0.0,11,21.487029
-1.0,11,21.488898
-2.0,11,21.490608
-1.0,11,21.492034
-2.0,11,21.493855
-4.0,11,21.495526
-1.0,11,21.497207
-2.0,11,21.498563
-2.0,11,21.500263
-2.0,11,21.501919
-2.0,11,21.503526
-2.0,11,21.5047
-2.0,11,21.506431
-2.0,11,21.508023
-2.0,11,21.509711
-2.0,11,21.511
-3.0,11,21.512628
-3.0,11,21.514431
-3.0,11,21.516034
-2.0,11,21.517366
-1.0,11,21.519084
-3.0,11,21.520688
0.0,11,21.522432
-2.0,11,21.523728
-1.0,11,21.525474
-3.0,11,21.527373
-2.0,11,21.528985
-2.0,11,21.530369
-1.0,11,21.53228
-2.0,11,21.534235
-2.0,11,21.536419
-1.0,11,21.538009
-2.0,11,21.539894
-3.0,11,21.541703
-4.0,11,21.543645
-1.0,11,21.545088
-2.0,11,21.546804
-1.0,11,21.548585
-2.0,11,21.550362
-2.0,11,21.551809
-2.0,11,21.553673
-3.0,11,21.555749
-2.0,11,21.557722
-2.0,11,21.559147
-4.0,11,21.560926
-2.0,11,21.562922
-3.0,11,21.56486
-2.0,11,21.566278
-1.0,11,21.568083
-2.0,11,21.56987
-3.0,11,21.571659
-2.0,11,21.572985
-3.0,11,21.574728
-2.0,11,21.576415
-1.0,11,21.578223
-4.0,11,21.579489
-1.0,11,21.581312
-3.0,11,21.583119
-3.0,11,21.584906
-1.0,11,21.586249
-2.0,11,21.587919
-2.0,11,21.589665
-3.0,11,21.591373
-2.0,11,21.592798
-1.0,11,21.594505
-2.0,11,21.596285
-1.0,11,21.597969
-2.0,11,21.599335
-2.0,11,21.601121
-1.0,11,21.602883
-2.0,11,21.604692
-2.0,11,21.606023
-2.0,11,21.607717
0.0,11,21.609457
-1.0,11,21.611231
-1.0,11,21.612546
-2.0,11,21.614231
-1.0,11,21.61604
-2.0,11,21.61768
-2.0,11,21.619049
-3.0,11,21.620665
-2.0,11,21.622422
-2.0,11,21.624177
-2.0,11,21.625513
-1.0,11,21.627279
-1.0,11,21.629043
-2.0,11,21.630718
-1.0,11,21.631942
-3.0,11,21.633692
-1.0,11,21.635511
-1.0,11,21.637178
-3.0,11,21.638492
-3.0,11,21.640342
-2.0,11,21.642009
-2.0,11,21.643573
-4.0,11,21.644831
-3.0,11,21.646581
-3.0,11,21.648214
-1.0,11,21.649912
-4.0,11,21.651151
0.0,11,21.652864
-3.0,11,21.65444
-1.0,11,21.656343
-1.0,11,21.657608
-2.0,11,21.659242
-2.0,11,21.660873
-1.0,11,21.66251
-3.0,11,21.663679
-3.0,11,21.665301
-2.0,11,21.666941
-4.0,11,21.668437
-1.0,11,21.669811
-1.0,11,21.671521
-2.0,11,21.673305
-2.0,11,21.674955
-2.0,11,21.67616
-3.0,11,21.677821
-3.0,11,21.67929
-3.0,11,21.680897
-1.0,11,21.682248
-3.0,11,21.683968
-2.0,11,21.685778
-2.0,11,21.687376
-1.0,11,21.68866
-1.0,11,21.690476
-2.0,11,21.692302
-3.0,11,21.694065
-2.0,11,21.695316
-3.0,11,21.697249
-2.0,11,21.699047
-1.0,11,21.70074
-1.0,11,21.702048
-2.0,11,21.703869
-2.0,11,21.70558
-4.0,11,21.707266
-2.0,11,21.708822
-1.0,11,21.710651
-2.0,11,21.712377
0.0,11,21.714254
-1.0,11,21.715718
-3.0,11,21.71736
-3.0,11,21.719122
-2.0,11,21.720772
-2.0,11,21.722054
-2.0,11,21.723896
-4.0,11,21.725724
-3.0,11,21.727406
-3.0,11,21.728644
-2.0,11,21.730289
-2.0,11,21.732127
-2.0,11,21.733969
-2.0,11,21.735431
-1.0,11,21.737161
-3.0,11,21.738851
-2.0,11,21.740649
-2.0,11,21.742021
-2.0,11,21.743814
-2.0,11,21.745575
-1.0,11,21.747323
-2.0,11,21.748683
-1.0,11,21.750414
-1.0,11,21.752203
-2.0,11,21.753896
-2.0,11,21.755181
-3.0,11,21.756877
-3.0,11,21.758542
-1.0,11,21.760233
-2.0,11,21.761603
-1.0,11,21.763453
-1.0,11,21.765285
-1.0,11,21.767043
-4.0,11,21.768319
-1.0,11,21.770111
-1.0,11,21.772048
-2.0,11,21.773766
-2.0,11,21.775055
-2.0,11,21.776842
-3.0,11,21.778714
-1.0,11,21.780436
-2.0,11,21.781876
-2.0,11,21.78364
-1.0,11,21.785362
-1.0,11,21.7871
-1.0,11,21.788472
-2.0,11,21.790306
-1.0,11,21.792176
-2.0,11,21.793813
-1.0,11,21.795213
-3.0,11,21.796882
-2.0,11,21.798592
-2.0,11,21.80022
-3.0,11,21.801472
-2.0,11,21.803238
-1.0,11,21.805013
-2.0,11,21.806895
-3.0,11,21.80829
-3.0,11,21.809928
-2.0,11,21.811656
-1.0,11,21.813514
-2.0,11,21.814903
-1.0,11,21.816748
-2.0,11,21.818434
-2.0,11,21.820099
-3.0,11,21.821356
-1.0,11,21.823191
-2.0,11,21.82501
-3.0,11,21.82666
-3.0,11,21.827994
0.0,11,21.82968
-3.0,11,21.831343
-2.0,11,21.833023
-1.0,11,21.834421
-2.0,11,21.836154
-2.0,11,21.837806
-2.0,11,21.839531
-3.0,11,21.840848
-2.0,11,21.842595
-3.0,11,21.844288
-3.0,11,21.845947
-2.0,11,21.847174
-3.0,11,21.848963
-1.0,11,21.850729
-2.0,11,21.852444
-2.0,11,21.853712
-1.0,11,21.855467
-1.0,11,21.857155
-2.0,11,21.858776
-2.0,11,21.859986
-2.0,11,21.861811
0.0,11,21.863572
-1.0,11,21.865307
0.0,11,21.866748
-2.0,11,21.868605
-3.0,11,21.87033
-2.0,11,21.872159
-2.0,11,21.873613
-1.0,11,21.875336
-3.0,11,21.876997
-1.0,11,21.878892
-1.0,11,21.88027
-1.0,11,21.882061
-3.0,11,21.883771
-1.0,11,21.88552
-1.0,11,21.886896
-2.0,11,21.888518
-2.0,11,21.890231
0.0,11,21.891912
-2.0,11,21.893201
-2.0,11,21.894929
-1.0,11,21.89661
-2.0,11,21.898305
-2.0,11,21.899492
-3.0,11,21.901233
0.0,11,21.902926
-1.0,11,21.904692
-2.0,11,21.906021
-2.0,11,21.907745
-3.0,11,21.909507
-3.0,11,21.911257
-1.0,11,21.912558
-2.0,11,21.914265
-2.0,11,21.915969
-2.0,11,21.917653
-1.0,11,21.918977
-2.0,11,21.920933
-2.0,11,21.922584
-1.0,11,21.924277
-2.0,11,21.925484
-4.0,11,21.927202
-3.0,11,21.928939
-2.0,11,21.930747
-1.0,11,21.932142
-2.0,11,21.93391
-1.0,11,21.935662
-1.0,11,21.937374
-3.0,11,21.938776
-2.0,11,21.94046
-2.0,11,21.942165
-3.0,11,21.943762
-6.0,11,21.944926
-2.0,11,21.946592
-2.0,11,21.948255
-2.0,11,21.94993
-2.0,11,21.951263
-2.0,11,21.95291
-3.0,11,21.954656
-2.0,11,21.956327
-2.0,11,21.957632
0.0,11,21.959425
-1.0,11,21.961214
-1.0,11,21.962993
0.0,11,21.964364
-1.0,11,21.966101
-2.0,11,21.967784
-2.0,11,21.96958
-4.0,11,21.970915
-2.0,11,21.972433
-3.0,11,21.974167
-2.0,11,21.975808
-1.0,11,21.977107
-1.0,11,21.97882
-2.0,11,21.980634
-2.0,11,21.982352
-1.0,11,21.983571
-2.0,11,21.985232
-3.0,11,21.98691
-3.0,11,21.988591
-2.0,11,21.989855
-1.0,11,21.9917
-1.0,11,21.993431
-2.0,11,21.995102
-1.0,11,21.996463
-2.0,11,21.998142
-1.0,11,21.999979
-2.0,11,22.001775
-4.0,11,22.003076
-4.0,11,22.004688
-3.0,11,22.006291
-4.0,11,22.008024
-3.0,11,22.009305
-1.0,11,22.010995
0.0,11,22.012671
-1.0,11,22.014416
-2.0,11,22.015668
-1.0,11,22.017308
-1.0,11,22.018999
-1.0,11,22.020862
-1.0,11,22.022125
-2.0,11,22.023896
-2.0,11,22.025578
-1.0,11,22.027295
-1.0,11,22.02882
-4.0,11,22.03059
-1.0,11,22.032309
-2.0,11,22.034069
-2.0,11,22.035321
-3.0,11,22.037032
-2.0,11,22.038724
-2.0,11,22.040481
-2.0,11,22.041971
-2.0,11,22.04386
-1.0,11,22.045619
-2.0,11,22.047232
-2.0,11,22.048495
-1.0,11,22.050213
-1.0,11,22.051912
-3.0,11,22.053657
-2.0,11,22.055034
-2.0,11,22.056766
-1.0,11,22.058491
-3.0,11,22.060212
-2.0,11,22.061504
-3.0,11,22.063205
-3.0,11,22.064839
-2.0,11,22.066602
-2.0,11,22.0679
-1.0,11,22.069703
-3.0,11,22.071512
-4.0,11,22.073088
-2.0,11,22.074397
-1.0,11,22.076045
-3.0,11,22.077644
-2.0,11,22.079465
0.0,11,22.080835
-3.0,11,22.082455
-2.0,11,22.084268
-2.0,11,22.085953
-2.0,11,22.087233
-3.0,11,22.088849
0.0,11,22.090517
-3.0,11,22.09213
-5.0,11,22.093427
-1.0,11,22.095227
-3.0,11,22.096944
-1.0,11,22.09867
-2.0,11,22.099929
-2.0,11,22.101757
-1.0,11,22.103444
-4.0,11,22.105133
-3.0,11,22.106376
-2.0,11,22.108182
-2.0,11,22.109812
-2.0,11,22.11157
-2.0,11,22.112936
-2.0,11,22.114688
-2.0,11,22.116396
-3.0,11,22.118101
-2.0,11,22.119369
-2.0,11,22.121051
-3.0,11,22.122826
-1.0,11,22.124639
-1.0,11,22.126075
0.0,11,22.127822
-1.0,11,22.129598
-2.0,11,22.13127
-4.0,11,22.132553
-2.0,11,22.134268
-1.0,11,22.135946
-3.0,11,22.137573
-1.0,11,22.138825
-3.0,11,22.140461
-2.0,11,22.142157
0.0,11,22.143997
-3.0,11,22.145206
-1.0,11,22.147044
-2.0,11,22.148744
-1.0,11,22.150295
-2.0,11,22.151663
-2.0,11,22.153336
-2.0,11,22.155123
-2.0,11,22.156868
-1.0,11,22.158133
-2.0,11,22.159891
-2.0,11,22.161577
-1.0,11,22.163264
-2.0,11,22.164493
-2.0,11,22.166269
-2.0,11,22.167827
-2.0,11,22.169439
-1.0,11,22.170866
-3.0,11,22.172637
-2.0,11,22.174249
-4.0,11,22.175934
-1.0,11,22.177335
-2.0,11,22.179052
-3.0,11,22.18067
-4.0,11,22.182297
-2.0,11,22.183586
-3.0,11,22.185377
-2.0,11,22.187088
-2.0,11,22.188843
-2.0,11,22.190301
-2.0,11,22.192211
-4.0,11,22.193962
-4.0,11,22.195734
0.0,11,22.197123
-2.0,11,22.198939
-2.0,11,22.200603
-2.0,11,22.202368
0.0,11,22.203753
-1.0,11,22.205523
-3.0,11,22.20724
-1.0,11,22.208899
-4.0,11,22.210178
-2.0,11,22.211956
-2.0,11,22.213565
-1.0,11,22.21537
-1.0,11,22.216657
-1.0,11,22.218378
-2.0,11,22.22014
-2.0,11,22.22174
-1.0,11,22.223038
-2.0,11,22.224794
-2.0,11,22.226544
0.0,11,22.228383
-3.0,11,22.229537
-1.0,11,22.231302
-1.0,11,22.233028
-2.0,11,22.234694
-1.0,11,22.236054
0.0,11,22.23782
-2.0,11,22.239506
-2.0,11,22.241208
-2.0,11,22.242515
-1.0,11,22.244383
-5.0,11,22.246045
-3.0,11,22.247681
-1.0,11,22.248954
-3.0,11,22.250688
-2.0,11,22.252377
-1.0,11,22.254068
-2.0,11,22.255398
-1.0,11,22.25721
-2.0,11,22.258933
-3.0,11,22.260398
-3.0,11,22.261647
-2.0,11,22.26338
-1.0,11,22.265122
-2.0,11,22.266766
-2.0,11,22.268211
-5.0,11,22.269764
-1.0,11,22.271469
-3.0,11,22.273195
-2.0,11,22.274395
-2.0,11,22.276055
-2.0,11,22.277814
-2.0,11,22.27946
-2.0,11,22.280751
-3.0,11,22.282292
-1.0,11,22.28399
-2.0,11,22.285655
-2.0,11,22.286811
-2.0,11,22.288489
-2.0,11,22.290232
-1.0,11,22.291997
-2.0,11,22.29333
-1.0,11,22.294981
-2.0,11,22.296628
-2.0,11,22.29838
-2.0,11,22.299632
-1.0,11,22.301266
-2.0,11,22.303141
-2.0,11,22.304795
-2.0,11,22.306127
-4.0,11,22.307693
-3.0,11,22.309346
-2.0,11,22.310976
-3.0,11,22.312187
-1.0,11,22.313891
-3.0,11,22.315546
0.0,11,22.317426
-3.0,11,22.318621
-2.0,11,22.320371
-1.0,11,22.322132
-2.0,11,22.323846
-1.0,11,22.325217
-4.0,11,22.326781
-2.0,11,22.328581
-1.0,11,22.330341
-1.0,11,22.331586
-2.0,11,22.333323
-2.0,11,22.335082
-3.0,11,22.336635
-1.0,11,22.337887
-1.0,11,22.339638
-1.0,11,22.341294
-1.0,11,22.343119
-2.0,11,22.344428
-3.0,11,22.346361
-4.0,11,22.34801
0.0,11,22.349848
-2.0,11,22.351095
-2.0,11,22.353034
-2.0,11,22.354867
-3.0,11,22.356546
-1.0,11,22.357918
-2.0,11,22.359624
-3.0,11,22.361364
0.0,11,22.363086
-1.0,11,22.364461
-2.0,11,22.366218
-4.0,11,22.367928
-3.0,11,22.369636
-2.0,11,22.370897
0.0,11,22.372702
-1.0,11,22.374346
-3.0,11,22.375995
-2.0,11,22.377294
-1.0,11,22.378922
-3.0,11,22.380608
-2.0,11,22.382208
-2.0,11,22.383468
-2.0,11,22.385211
0.0,11,22.386978
-2.0,11,22.388723
-2.0,11,22.390051
-1.0,11,22.391878
-2.0,11,22.39343
-1.0,11,22.395179
-2.0,11,22.396545
-2.0,11,22.398192
-2.0,11,22.399828
-3.0,11,22.401408
0.0,11,22.402781
-3.0,11,22.404543
-1.0,11,22.406256
-1.0,11,22.408016
-2.0,11,22.409342
-2.0,11,22.411025
-2.0,11,22.412758
-1.0,11,22.41436
-2.0,11,22.415601
-2.0,11,22.417232
0.0,11,22.418961
-2.0,11,22.420754
-2.0,11,22.422068
-1.0,11,22.423788
-2.0,11,22.425388
-3.0,11,22.426973
-3.0,11,22.428153
-3.0,11,22.429912
-3.0,11,22.431653
-3.0,11,22.433294
-1.0,11,22.434606
-2.0,11,22.43632
-1.0,11,22.438088
-4.0,11,22.439765
-1.0,11,22.441064
-2.0,11,22.442733
-3.0,11,22.444343
-2.0,11,22.445904
-2.0,11,22.447184
-2.0,11,22.448838
-3.0,11,22.450591
-2.0,11,22.452323
-2.0,11,22.453599
-1.0,11,22.455361
-1.0,11,22.457072
-1.0,11,22.458663
-2.0,11,22.460032
-3.0,11,22.461628
-2.0,11,22.463468
-2.0,11,22.465112
-1.0,11,22.466472
-3.0,11,22.468206
-2.0,11,22.470011
-1.0,11,22.471692
-3.0,11,22.47302
-1.0,11,22.474811
-3.0,11,22.476533
-1.0,11,22.478288
-3.0,11,22.479425
-3.0,11,22.481143
-3.0,11,22.482785
-2.0,11,22.484392
-2.0,11,22.485683
-2.0,11,22.487374
-2.0,11,22.489162
-3.0,11,22.490834
-2.0,11,22.492151
-2.0,11,22.493881
-1.0,11,22.495563
-3.0,11,22.497188
-3.0,11,22.498522
-2.0,11,22.500307
-2.0,11,22.502047
-2.0,11,22.503667
-2.0,11,22.505017
-3.0,11,22.506853
-2.0,11,22.50861
-2.0,11,22.510326
0.0,11,22.511877
-2.0,11,22.513626
0.0,11,22.515391
-4.0,11,22.517051
-1.0,11,22.518424
-3.0,11,22.52013
-4.0,11,22.521775
-3.0,11,22.523511
-3.0,11,22.524815
-1.0,11,22.526552
-2.0,11,22.528321
-2.0,11,22.529984
-1.0,11,22.531315
-1.0,11,22.533087
-1.0,11,22.534861
-3.0,11,22.536414
-3.0,11,22.537662
-2.0,11,22.539477
-3.0,11,22.541253
-3.0,11,22.543077
-2.0,11,22.544391
-4.0,11,22.546006
-2.0,11,22.547797
-1.0,11,22.549435
-2.0,11,22.550808
0.0,11,22.552438
-1.0,11,22.55417
-2.0,11,22.555855
-2.0,11,22.557227
-2.0,11,22.558838
-2.0,11,22.560497
-1.0,11,22.562142
-2.0,11,22.563422
-2.0,11,22.565147
0.0,11,22.566987
-3.0,11,22.568586
-2.0,11,22.570024
-1.0,11,22.57175
-1.0,11,22.573532
-2.0,11,22.575261
-1.0,11,22.576576
-3.0,11,22.57826
-3.0,11,22.579935
-3.0,11,22.581734
-2.0,11,22.583054
-1.0,11,22.584731
-2.0,11,22.586403
-1.0,11,22.58798
-1.0,11,22.589321
-2.0,11,22.591113
-2.0,11,22.592867
-3.0,11,22.59458
-3.0,11,22.596024
-4.0,11,22.597675
-3.0,11,22.599354
-3.0,11,22.600956
-2.0,11,22.602306
-4.0,11,22.603904
-2.0,11,22.605623
-3.0,11,22.607234
-2.0,11,22.608475
-2.0,11,22.61011
-2.0,11,22.611781
-2.0,11,22.613464
-1.0,11,22.614836
-2.0,11,22.616538
-2.0,11,22.618242
-1.0,11,22.619962
-2.0,11,22.621317
-1.0,11,22.623041
-4.0,11,22.624689
-2.0,11,22.626523
-1.0,11,22.627893
-2.0,11,22.629471
-1.0,11,22.631157
-2.0,11,22.632911
-4.0,11,22.634184
-3.0,11,22.635941
0.0,11,22.637645
-1.0,11,22.639435
-2.0,11,22.6407
-2.0,11,22.642329
-1.0,11,22.644156
-2.0,11,22.645818
-3.0,11,22.647066
-4.0,11,22.648777
-3.0,11,22.650306
-2.0,11,22.652033
0.0,11,22.653471
-2.0,11,22.655228
-1.0,11,22.656915
0.0,11,22.658732
-1.0,11,22.660134
0.0,11,22.661893
-3.0,11,22.663513
-4.0,11,22.66525
-1.0,11,22.666421
-3.0,11,22.668131
-1.0,11,22.66987
-2.0,11,22.671549
-3.0,11,22.672874
-1.0,11,22.674788
-1.0,11,22.676675
-2.0,11,22.678384
-2.0,11,22.679722
-2.0,11,22.681447
-3.0,11,22.683218
-1.0,11,22.684977
-2.0,11,22.686377
-1.0,11,22.688083
-1.0,11,22.689855
-3.0,11,22.691522
-1.0,11,22.692981
-2.0,11,22.694792
-2.0,11,22.696479
0.0,11,22.698188
-2.0,11,22.699519
-2.0,11,22.701285
-1.0,11,22.702945
-3.0,11,22.704694
-3.0,11,22.706045
-2.0,11,22.707777
-3.0,11,22.709392
-2.0,11,22.711199
-2.0,11,22.712486
-4.0,11,22.714124
-2.0,11,22.715937
-1.0,11,22.717652
-3.0,11,22.718943
-1.0,11,22.720703
-3.0,11,22.722362
-2.0,11,22.72407
-1.0,11,22.725249
0.0,11,22.727049
-2.0,11,22.728734
-1.0,11,22.730442
-1.0,11,22.731732
-1.0,11,22.733492
-2.0,11,22.735292
-2.0,11,22.737038
-3.0,11,22.738344
-3.0,11,22.740029
-2.0,11,22.741677
-3.0,11,22.743387
-2.0,11,22.744579
-3.0,11,22.74638
-3.0,11,22.74807
-2.0,11,22.749824
-2.0,11,22.751101
-1.0,11,22.752918
-1.0,11,22.754626
-2.0,11,22.756272
-4.0,11,22.757521
-2.0,11,22.759165
-1.0,11,22.760913
-2.0,11,22.762617
-2.0,11,22.763942
-1.0,11,22.765672
-1.0,11,22.76743
-3.0,11,22.769148
-1.0,11,22.770431
-2.0,11,22.772045
0.0,11,22.77381
-2.0,11,22.775398
-1.0,11,22.776791
-2.0,11,22.778517
-4.0,11,22.78011
-3.0,11,22.781773
-1.0,11,22.783168
-2.0,11,22.784822
-1.0,11,22.786556
-1.0,11,22.788338
-3.0,11,22.789549
-4.0,11,22.791128
-1.0,11,22.792914
-2.0,11,22.794632
-1.0,11,22.795878
-1.0,11,22.797537
-1.0,11,22.799292
-2.0,11,22.800999
-2.0,11,22.802298
-3.0,11,22.803952
-2.0,11,22.805656
-2.0,11,22.807329
-2.0,11,22.808755
-2.0,11,22.810512
-1.0,11,22.812184
-1.0,11,22.813861
-1.0,11,22.815264
-1.0,11,22.817019
-3.0,11,22.818698
-2.0,11,22.82037
-2.0,11,22.821691
-2.0,11,22.823415
-2.0,11,22.825144
-3.0,11,22.82682
-2.0,11,22.828215
-2.0,11,22.8301
-3.0,11,22.831793
-3.0,11,22.833491
-2.0,11,22.834928
-2.0,11,22.836664
-2.0,11,22.838523
-3.0,11,22.840163
-2.0,11,22.841482
-3.0,11,22.843221
-3.0,11,22.845109
-4.0,11,22.846809
-2.0,11,22.848217
0.0,11,22.849947
-2.0,11,22.851596
-2.0,11,22.853336
-2.0,11,22.854675
-2.0,11,22.856464
-4.0,11,22.858183
-2.0,11,22.859886
-2.0,11,22.861174
-2.0,11,22.862777
-1.0,11,22.864328
-2.0,11,22.865964
-1.0,11,22.867331
-2.0,11,22.86914
-2.0,11,22.870863
-2.0,11,22.872619
-2.0,11,22.874021
-1.0,11,22.875806
-1.0,11,22.877551
0.0,11,22.879294
-3.0,11,22.880544
-2.0,11,22.882303
0.0,11,22.884072
-2.0,11,22.885789
0.0,11,22.887291
-3.0,11,22.888933
-3.0,11,22.890497
-1.0,11,22.892262
-4.0,11,22.893592
-1.0,11,22.895333
-1.0,11,22.897055
-2.0,11,22.898893
-2.0,11,22.900233
-2.0,11,22.901883
-1.0,11,22.903696
-2.0,11,22.905424
-1.0,11,22.906705
-4.0,11,22.908308
-1.0,11,22.910007
-3.0,11,22.911623
-1.0,11,22.912987
-2.0,11,22.914682
0.0,11,22.916417
-2.0,11,22.918043
-2.0,11,22.919404
-1.0,11,22.921175
-2.0,11,22.923006
-3.0,11,22.924602
-2.0,11,22.925889
-2.0,11,22.927698
-2.0,11,22.929497
-1.0,11,22.931276
-2.0,11,22.932637
-2.0,11,22.934373
-2.0,11,22.936013
-4.0,11,22.93767
-1.0,11,22.938992
-1.0,11,22.940593
-2.0,11,22.942288
-1.0,11,22.94402
-2.0,11,22.945313
-3.0,11,22.947033
-2.0,11,22.948766
-3.0,11,22.950468
-4.0,11,22.951825
-3.0,11,22.953549
-3.0,11,22.955302
-2.0,11,22.957019
-1.0,11,22.958384
0.0,11,22.959963
-3.0,11,22.961732
-1.0,11,22.963399
-3.0,11,22.964609
-3.0,11,22.966326
-3.0,11,22.967977
-1.0,11,22.969711
-2.0,11,22.970993
-2.0,11,22.97268
-3.0,11,22.9744
-2.0,11,22.976154
-2.0,11,22.977415
-2.0,11,22.979089
-2.0,11,22.980689
-2.0,11,22.982325
0.0,11,22.983723
-2.0,11,22.985373
-3.0,11,22.987087
0.0,11,22.988756
-2.0,11,22.990047
-2.0,11,22.991796
-2.0,11,22.993496
-3.0,11,22.995276
-1.0,11,22.996668
-2.0,11,22.998786
-2.0,11,23.000682
-1.0,11,23.002534
-1.0,11,23.003963
-3.0,11,23.005718
-1.0,11,23.007528
-1.0,11,23.009286
-2.0,11,23.010623
-1.0,11,23.012347
-2.0,11,23.014069
-2.0,11,23.015853
-3.0,11,23.017146
-2.0,11,23.018912
-2.0,11,23.020561
-3.0,11,23.022259
-2.0,11,23.023654
-1.0,11,23.025349
-5.0,11,23.02703
-2.0,11,23.028828
-2.0,11,23.030145
-2.0,11,23.03186
-1.0,11,23.03358
-3.0,11,23.035258
-1.0,11,23.036571
-1.0,11,23.038337
-2.0,11,23.040273
-1.0,11,23.042149
-3.0,11,23.043455
-1.0,11,23.045198
-2.0,11,23.046838
-2.0,11,23.048559
-3.0,11,23.049873
-1.0,11,23.051557
-2.0,11,23.053291
-2.0,11,23.055062
-1.0,11,23.056335
-2.0,11,23.058024
-2.0,11,23.059844
-1.0,11,23.061651
-2.0,11,23.06294
-2.0,11,23.064491
-3.0,11,23.06624
-3.0,11,23.067886
-1.0,11,23.069267
-1.0,11,23.070962
-2.0,11,23.072731
-3.0,11,23.074451
0.0,11,23.075858
-2.0,11,23.077542
-2.0,11,23.079241
-1.0,11,23.080954
-3.0,11,23.082288
-3.0,11,23.084021
-1.0,11,23.085825
-2.0,11,23.087583
-3.0,11,23.088944
-2.0,11,23.090499
-1.0,11,23.09228
-2.0,11,23.093933
-1.0,11,23.095324
-1.0,11,23.09712
-2.0,11,23.09891
-1.0,11,23.100667
-1.0,11,23.102013
0.0,11,23.103647
0.0,11,23.105409
-1.0,11,23.107161
-5.0,11,23.108352
-1.0,11,23.110117
-3.0,11,23.111695
-1.0,11,23.113449
-3.0,11,23.114777
-1.0,11,23.116528
-1.0,11,23.118246
-2.0,11,23.119922
-2.0,11,23.121188
-2.0,11,23.122923
-2.0,11,23.124552
-1.0,11,23.126287
-3.0,11,23.127655
0.0,11,23.129437
-3.0,11,23.131119
-4.0,11,23.132797
-1.0,11,23.134239
-1.0,11,23.136004
-2.0,11,23.137653
-2.0,11,23.139326
-2.0,11,23.140661
0.0,11,23.142461
-1.0,11,23.144292
-3.0,11,23.145932
-2.0,11,23.147217
-3.0,11,23.148907
-2.0,11,23.150532
-1.0,11,23.152279
-2.0,11,23.153523
-1.0,11,23.155452
-3.0,11,23.157095
-2.0,11,23.158773
-2.0,11,23.160098
-3.0,11,23.161899
-1.0,11,23.163812
-3.0,11,23.165505
-1.0,11,23.16684
-3.0,11,23.168529
-2.0,11,23.170351
-1.0,11,23.172073
-4.0,11,23.173279
-2.0,11,23.174925
-1.0,11,23.176675
-1.0,11,23.178368
-2.0,11,23.179521
-1.0,11,23.18125
-1.0,11,23.18303
-3.0,11,23.184741
0.0,11,23.186145
-1.0,11,23.187904
-2.0,11,23.189561
0.0,11,23.191281
0.0,11,23.192655
-2.0,11,23.194343
-1.0,11,23.1961
-1.0,11,23.197804
-3.0,11,23.199147
-4.0,11,23.200811
-2.0,11,23.202529
-4.0,11,23.204102
0.0,11,23.205501
-3.0,11,23.20715
-2.0,11,23.208835
-1.0,11,23.210494
-2.0,11,23.211737
-3.0,11,23.213454
-2.0,11,23.215088
-2.0,11,23.216759
-2.0,11,23.218035
-1.0,11,23.219717
-3.0,11,23.221531
-1.0,11,23.2233
-2.0,11,23.224617
-2.0,11,23.226298
-3.0,11,23.227884
-1.0,11,23.229601
-1.0,11,23.230843
-1.0,11,23.232609
-3.0,11,23.234252
-2.0,11,23.236024
-3.0,11,23.237352
-2.0,11,23.239093
-1.0,11,23.240843
-1.0,11,23.242554
-2.0,11,23.24383
-2.0,11,23.245482
-1.0,11,23.24723
-3.0,11,23.248815
-3.0,11,23.250056
-2.0,11,23.251779
0.0,11,23.253575
-2.0,11,23.255265
-1.0,11,23.256624
-2.0,11,23.258272
-4.0,11,23.259955
0.0,11,23.2617
-2.0,11,23.263073
-2.0,11,23.264896
-2.0,11,23.266584
-3.0,11,23.268268
-2.0,11,23.269605
-2.0,11,23.271254
-2.0,11,23.273021
-3.0,11,23.27475
-2.0,11,23.276057
-3.0,11,23.277791
-1.0,11,23.279547
-2.0,11,23.281344
-2.0,11,23.282566
-1.0,11,23.284258
-3.0,11,23.286028
-3.0,11,23.287706
0.0,11,23.289014
-3.0,11,23.290693
-1.0,11,23.292341
-2.0,11,23.294098
-2.0,11,23.295413
-2.0,11,23.297057
-1.0,11,23.298806
-1.0,11,23.300557
-2.0,11,23.301927
-2.0,11,23.30361
-2.0,11,23.305385
-3.0,11,23.307062
-2.0,11,23.308433
0.0,11,23.310114
-1.0,11,23.311898
-2.0,11,23.313558
-2.0,11,23.314872
0.0,11,23.316831
-1.0,11,23.318582
-3.0,11,23.320263
-2.0,11,23.321749
-1.0,11,23.323575
-2.0,11,23.325405
-3.0,11,23.327148
-3.0,11,23.328382
0.0,11,23.330145
0.0,11,23.331835
-2.0,11,23.333567
-3.0,11,23.334828
-1.0,11,23.336471
-1.0,11,23.338158
-4.0,11,23.339835
-1.0,11,23.34124
-1.0,11,23.342949
-2.0,11,23.344658
-2.0,11,23.346446
-1.0,11,23.347828
-1.0,11,23.349556
-4.0,11,23.35122
-2.0,11,23.352995
-2.0,11,23.354291
-3.0,11,23.3559
-3.0,11,23.357508
-1.0,11,23.359271
-2.0,11,23.360716
-1.0,11,23.362436
-1.0,11,23.364103
-2.0,11,23.365878
-3.0,11,23.367159
-2.0,11,23.368949
-2.0,11,23.370589
-2.0,11,23.372221
-1.0,11,23.373553
-2.0,11,23.375345
-1.0,11,23.377129
-1.0,11,23.378854
0.0,11,23.380202
-1.0,11,23.381895
-1.0,11,23.383661
-1.0,11,23.385474
-3.0,11,23.386837
-1.0,11,23.388302
-3.0,11,23.390275
-3.0,11,23.391965
-1.0,11,23.393272
-2.0,11,23.39498
-4.0,11,23.396667
-1.0,11,23.39855
-2.0,11,23.399831
-1.0,11,23.401553
0.0,11,23.403312
-1.0,11,23.405058
-1.0,11,23.406392
-2.0,11,23.408073
-2.0,11,23.409759
-2.0,11,23.411385
-2.0,11,23.412597
-2.0,11,23.414355
-5.0,11,23.415969
-3.0,11,23.417688
-2.0,11,23.418978
-3.0,11,23.420585
-1.0,11,23.422335
-1.0,11,23.424095
-1.0,11,23.42546
-2.0,11,23.427095
-2.0,11,23.428724
-2.0,11,23.430409
-1.0,11,23.431775
-3.0,11,23.433484
-3.0,11,23.435125
-1.0,11,23.436853
-1.0,11,23.438248
-2.0,11,23.439967
-2.0,11,23.44167
-2.0,11,23.443393
-1.0,11,23.444845
-2.0,11,23.446444
-2.0,11,23.448186
0.0,11,23.449949
0.0,11,23.451347
-1.0,11,23.453081
-1.0,11,23.454756
-1.0,11,23.456355
-3.0,11,23.457601
-2.0,11,23.459327
-1.0,11,23.461014
-1.0,11,23.462728
-2.0,11,23.464051
-2.0,11,23.465732
-2.0,11,23.467507
-2.0,11,23.469154
-3.0,11,23.470429
-3.0,11,23.472155
-1.0,11,23.473839
-2.0,11,23.47563
-3.0,11,23.476908
-4.0,11,23.478697
-2.0,11,23.480423
-2.0,11,23.482237
-1.0,11,23.48369
-2.0,11,23.485538
-2.0,11,23.487363
-1.0,11,23.489115
-2.0,11,23.490488
-3.0,11,23.492216
-4.0,11,23.493952
-3.0,11,23.495755
-4.0,11,23.497014
-2.0,11,23.498825
-1.0,11,23.500592
-3.0,11,23.502214
0.0,11,23.503578
-1.0,11,23.505384
-3.0,11,23.507149
-2.0,11,23.508807
-2.0,11,23.510084
-2.0,11,23.511765
-2.0,11,23.513361
-1.0,11,23.515041
-4.0,11,23.516328
-3.0,11,23.518009
-2.0,11,23.519692
-1.0,11,23.521323
-2.0,11,23.522681
-2.0,11,23.524341
-1.0,11,23.525924
-2.0,11,23.527678
-2.0,11,23.528925
-1.0,11,23.530631
-2.0,11,23.532449
-1.0,11,23.534253
0.0,11,23.535685
-1.0,11,23.537291
-1.0,11,23.539114
-2.0,11,23.540909
-2.0,11,23.542255
-2.0,11,23.543992
-2.0,11,23.545722
-4.0,11,23.54741
-2.0,11,23.548733
-1.0,11,23.550475
-2.0,11,23.552221
-2.0,11,23.553878
-1.0,11,23.55528
-2.0,11,23.557012
-2.0,11,23.558711
-1.0,11,23.560489
-3.0,11,23.561836
-1.0,11,23.563555
0.0,11,23.565283
-2.0,11,23.566981
-1.0,11,23.568292
-4.0,11,23.570064
-1.0,11,23.571785
-1.0,11,23.573413
-3.0,11,23.574816
-2.0,11,23.576577
-2.0,11,23.578234
-3.0,11,23.579818
-1.0,11,23.581052
-3.0,11,23.582703
-3.0,11,23.584355
-2.0,11,23.586026
-1.0,11,23.587297
-2.0,11,23.588974
-2.0,11,23.590628
-1.0,11,23.592336
-3.0,11,23.593627
-1.0,11,23.59529
-2.0,11,23.597031
0.0,11,23.598847
0.0,11,23.600136
-2.0,11,23.601909
-2.0,11,23.603624
-4.0,11,23.605297
0.0,11,23.606699
-2.0,11,23.608304
-3.0,11,23.60984
-1.0,11,23.611462
-2.0,11,23.612753
-1.0,11,23.614511
-2.0,11,23.616221
-1.0,11,23.618009
-3.0,11,23.619307
-1.0,11,23.621078
-3.0,11,23.622859
-1.0,11,23.624569
-3.0,11,23.62589
-2.0,11,23.627586
-1.0,11,23.629339
-2.0,11,23.63105
-1.0,11,23.632489
-2.0,11,23.634214
-4.0,11,23.635858
-4.0,11,23.637513
-1.0,11,23.638955
-1.0,11,23.640833
-2.0,11,23.642546
-2.0,11,23.644246
0.0,11,23.645651
-3.0,11,23.64767
-3.0,11,23.649689
0.0,11,23.651649
-2.0,11,23.653219
-2.0,11,23.65551
-2.0,11,23.65747
-1.0,11,23.659121
-2.0,11,23.660473
-1.0,11,23.662299
0.0,11,23.664137
-3.0,11,23.665887
-3.0,11,23.667174
-3.0,11,23.668953
-4.0,11,23.670765
-2.0,11,23.672539
-1.0,11,23.674052
-3.0,11,23.676091
-2.0,11,23.678097
-2.0,11,23.680213
-2.0,11,23.681817
-4.0,11,23.683657
-2.0,11,23.685489
-2.0,11,23.687362
-2.0,11,23.688874
-1.0,11,23.690844
-2.0,11,23.69267
-2.0,11,23.694542
-2.0,11,23.695918
-1.0,11,23.697746
-3.0,11,23.699551
-3.0,11,23.701343
-3.0,11,23.702743
-2.0,11,23.704534
-1.0,11,23.706272
-2.0,11,23.708097
0.0,11,23.709524
-2.0,11,23.711276
-1.0,11,23.712986
-2.0,11,23.714686
-1.0,11,23.716081
-1.0,11,23.717815
-2.0,11,23.719544
-2.0,11,23.721242
-1.0,11,23.722561
-1.0,11,23.724395
-3.0,11,23.725988
-3.0,11,23.727696
-1.0,11,23.728977
-1.0,11,23.730683
-2.0,11,23.732433
-2.0,11,23.734065
-3.0,11,23.735335
-1.0,11,23.737231
-2.0,11,23.739048
-3.0,11,23.740736
0.0,11,23.742139
-2.0,11,23.743921
-2.0,11,23.745598
-2.0,11,23.747351
-2.0,11,23.74861
-2.0,11,23.750408
-2.0,11,23.752072
-2.0,11,23.753841
-2.0,11,23.755075
-3.0,11,23.756777
-3.0,11,23.758482
-1.0,11,23.760262
-2.0,11,23.761566
0.0,11,23.763345
-4.0,11,23.765054
-2.0,11,23.766693
-3.0,11,23.767939
-3.0,11,23.769661
-4.0,11,23.771294
-2.0,11,23.773068
-3.0,11,23.774387
-2.0,11,23.7761
0.0,11,23.777781
-1.0,11,23.779495
-2.0,11,23.780863
-3.0,11,23.782642
-2.0,11,23.784379
-2.0,11,23.786034
-2.0,11,23.787318
-3.0,11,23.789035
-2.0,11,23.790717
-1.0,11,23.792477
-1.0,11,23.793909
-2.0,11,23.795592
-3.0,11,23.797269
-2.0,11,23.799034
-4.0,11,23.800325
-1.0,11,23.802159
-2.0,11,23.803873
-3.0,11,23.805461
-1.0,11,23.806858
-3.0,11,23.808806
-2.0,11,23.810535
-2.0,11,23.812216
-1.0,11,23.813583
-1.0,11,23.815378
-2.0,11,23.81715
-3.0,11,23.818789
-1.0,11,23.820254
-4.0,11,23.821955
-2.0,11,23.823753
-1.0,11,23.825505
-2.0,11,23.826847
-1.0,11,23.828753
-4.0,11,23.830426
-2.0,11,23.832244
-3.0,11,23.833541
-1.0,11,23.835282
-3.0,11,23.837039
-2.0,11,23.838763
-1.0,11,23.840142
-3.0,11,23.841835
-3.0,11,23.843593
-1.0,11,23.845357
-3.0,11,23.846537
-1.0,11,23.848185
-2.0,11,23.849963
-3.0,11,23.851607
-2.0,11,23.852936
-1.0,11,23.854691
-2.0,11,23.856432
-1.0,11,23.858206
-1.0,11,23.859608
-2.0,11,23.861363
-2.0,11,23.863133
-1.0,11,23.864893
-1.0,11,23.866337
-4.0,11,23.868019
-2.0,11,23.869776
-2.0,11,23.871424
-1.0,11,23.872779
-2.0,11,23.874549
-1.0,11,23.876261
-1.0,11,23.87804
-1.0,11,23.87934
-2.0,11,23.881093
-1.0,11,23.882878
-3.0,11,23.884544
-3.0,11,23.885781
-1.0,11,23.887476
-1.0,11,23.889162
-4.0,11,23.890791
-3.0,11,23.891996
-1.0,11,23.893706
-2.0,11,23.895389
-2.0,11,23.896996
-1.0,11,23.898465
-2.0,11,23.900025
-2.0,11,23.901652
-2.0,11,23.903427
-3.0,11,23.904687
-2.0,11,23.906519
-2.0,11,23.908177
-3.0,11,23.909737
0.0,11,23.911154
-2.0,11,23.912788
-3.0,11,23.914464
-2.0,11,23.916321
-1.0,11,23.917711
-2.0,11,23.919377
-2.0,11,23.921095
0.0,11,23.922813
-2.0,11,23.924168
-2.0,11,23.925923
-1.0,11,23.927598
-1.0,11,23.929285
-2.0,11,23.930596
-2.0,11,23.932252
-1.0,11,23.934044
-2.0,11,23.935719
0.0,11,23.93716
-3.0,11,23.938883
-2.0,11,23.940641
-1.0,11,23.942543
-2.0,11,23.943875
-1.0,11,23.945649
-1.0,11,23.947294
-1.0,11,23.949057
-2.0,11,23.950378
-1.0,11,23.952092
-1.0,11,23.953872
-2.0,11,23.955668
-4.0,11,23.956869
-3.0,11,23.958585
-2.0,11,23.960335
-3.0,11,23.962014
-4.0,11,23.963302
-2.0,11,23.965071
-4.0,11,23.966753
-2.0,11,23.968475
-1.0,11,23.969826
-2.0,11,23.971635
-3.0,11,23.973332
-3.0,11,23.975097
-1.0,11,23.9765
-2.0,11,23.978434
-2.0,11,23.980316
-3.0,11,23.982
-4.0,11,23.983317
-1.0,11,23.985054
-3.0,11,23.98674
-2.0,11,23.988489
-2.0,11,23.9899
-1.0,11,23.991698
-1.0,11,23.9934
-2.0,11,23.995044
-1.0,11,23.99641
0.0,11,23.998339
-2.0,11,24.000086
-3.0,11,24.001797
-2.0,11,24.003159
-2.0,11,24.004925
-2.0,11,24.006718
-2.0,11,24.008428
-2.0,11,24.009773
-2.0,11,24.011462
-3.0,11,24.01318
-2.0,11,24.01486
-2.0,11,24.016209
-2.0,11,24.017959
-1.0,11,24.019718
-1.0,11,24.021486
-3.0,11,24.022696
-3.0,11,24.024399
-1.0,11,24.026154
-3.0,11,24.027924
-2.0,11,24.029321
-1.0,11,24.031027
-1.0,11,24.032803
-2.0,11,24.034558
-2.0,11,24.035828
-2.0,11,24.03759
-1.0,11,24.039451
-1.0,11,24.041447
-1.0,11,24.042769
-5.0,11,24.044508
-2.0,11,24.04612
-1.0,11,24.047962
-1.0,11,24.050575
0.0,11,24.052487
-3.0,11,24.054177
-1.0,11,24.055851
-2.0,11,24.057188
0.0,11,24.058952
-2.0,11,24.060634
-3.0,11,24.062345
-1.0,11,24.063772
-1.0,11,24.065561
-1.0,11,24.067306
-3.0,11,24.068953
-1.0,11,24.070241
-3.0,11,24.072041
-1.0,11,24.073827
-3.0,11,24.075586
-4.0,11,24.076953
-1.0,11,24.078518
-2.0,11,24.080269
-2.0,11,24.081965
-1.0,11,24.083322
-3.0,11,24.085094
-1.0,11,24.086897
0.0,11,24.088609
-3.0,11,24.089938
-1.0,11,24.091655
-2.0,11,24.093274
-1.0,11,24.095088
-1.0,11,24.0965
-2.0,11,24.098178
-2.0,11,24.099889
-2.0,11,24.10152
-2.0,11,24.102833
-1.0,11,24.104633
0.0,11,24.1064
-1.0,11,24.108111
-1.0,11,24.10951
-1.0,11,24.111233
-1.0,11,24.11296
-3.0,11,24.114601
-4.0,11,24.115807
-2.0,11,24.117519
-1.0,11,24.119307
-3.0,11,24.121126
0.0,11,24.122529
-2.0,11,24.124253
-3.0,11,24.125846
-2.0,11,24.127515
-3.0,11,24.129044
-1.0,11,24.130841
-1.0,11,24.132576
-1.0,11,24.134338
-2.0,11,24.135676
-1.0,11,24.137409
-3.0,11,24.139093
-3.0,11,24.140749
-2.0,11,24.142078
-1.0,11,24.144006
-1.0,11,24.145865
-1.0,11,24.1477
-2.0,11,24.149054
-1.0,11,24.150836
-2.0,11,24.152619
-2.0,11,24.154361
-3.0,11,24.155682
-2.0,11,24.15746
-2.0,11,24.159145
-1.0,11,24.160945
-2.0,11,24.162232
-2.0,11,24.163858
-2.0,11,24.165499
-3.0,11,24.167138
-4.0,11,24.168341
-3.0,11,24.170022
-2.0,11,24.171804
-3.0,11,24.173424
0.0,11,24.174832
-3.0,11,24.176601
-1.0,11,24.178409
-2.0,11,24.180078
-4.0,11,24.181364
0.0,11,24.183199
-3.0,11,24.184966
-2.0,11,24.186654
-1.0,11,24.187988
-2.0,11,24.189708
-2.0,11,24.19144
-4.0,11,24.193115
-2.0,11,24.1945
-1.0,11,24.196197
-3.0,11,24.197941
-2.0,11,24.199693
-2.0,11,24.201069
-2.0,11,24.202864
0.0,11,24.204705
-1.0,11,24.206426
-1.0,11,24.207853
-3.0,11,24.20951
-2.0,11,24.211221
-2.0,11,24.212992
-3.0,11,24.214347
0.0,11,24.216182
-2.0,11,24.217905
-2.0,11,24.219528
-3.0,11,24.220731
-2.0,11,24.222499
-2.0,11,24.224163
-1.0,11,24.22599
-3.0,11,24.227266
-2.0,11,24.229026
-1.0,11,24.230707
-2.0,11,24.232418
-1.0,11,24.233822
-2.0,11,24.235544
-3.0,11,24.237258
-3.0,11,24.239063
-2.0,11,24.240453
-3.0,11,24.242048
-2.0,11,24.243693
-2.0,11,24.245449
-1.0,11,24.246808
0.0,11,24.248641
-2.0,11,24.250428
-1.0,11,24.252133
-1.0,11,24.253518
-2.0,11,24.255134
-3.0,11,24.256877
0.0,11,24.258735
-3.0,11,24.260149
0.0,11,24.262021
-3.0,11,24.263848
-1.0,11,24.265602
-2.0,11,24.267069
-2.0,11,24.268966
-1.0,11,24.270822
-2.0,11,24.272726
-4.0,11,24.274199
-1.0,11,24.275985
-2.0,11,24.277791
-3.0,11,24.27964
-1.0,11,24.281047
-3.0,11,24.282866
-2.0,11,24.284607
-2.0,11,24.28645
-2.0,11,24.287879
0.0,11,24.28981
0.0,11,24.29161
0.0,11,24.293522
-2.0,11,24.294815
-3.0,11,24.296499
0.0,11,24.298299
-3.0,11,24.300083
-2.0,11,24.30149
-4.0,11,24.303302
0.0,11,24.305144
-1.0,11,24.306929
-2.0,11,24.30844
-2.0,11,24.310439
-2.0,11,24.312206
-2.0,11,24.314069
-2.0,11,24.315439
-2.0,11,24.317212
-4.0,11,24.318802
-3.0,11,24.320323
-1.0,11,24.321707
-1.0,11,24.323471
-4.0,11,24.325117
-1.0,11,24.326972
-2.0,11,24.328271
-1.0,11,24.330059
-2.0,11,24.331852
-2.0,11,24.333615
-3.0,11,24.334951
-2.0,11,24.336674
-2.0,11,24.338435
-3.0,11,24.340047
-2.0,11,24.341257
-1.0,11,24.343039
-2.0,11,24.344764
-4.0,11,24.346412
-2.0,11,24.347804
-2.0,11,24.349622
-1.0,11,24.351344
0.0,11,24.353078
-1.0,11,24.354457
-1.0,11,24.356318
-3.0,11,24.357956
-1.0,11,24.359654
-3.0,11,24.361057
-2.0,11,24.362844
-4.0,11,24.36446
0.0,11,24.366293
-1.0,11,24.367691
-2.0,11,24.369414
-2.0,11,24.371199
-2.0,11,24.372969
-2.0,11,24.374292
-1.0,11,24.376043
-2.0,11,24.377761
-3.0,11,24.379507
-2.0,11,24.380911
-1.0,11,24.382647
-1.0,11,24.384452
-2.0,11,24.386196
-2.0,11,24.387505
-2.0,11,24.389147
-2.0,11,24.390896
-2.0,11,24.392668
-2.0,11,24.393954
-2.0,11,24.395762
-2.0,11,24.397518
-1.0,11,24.399337
-3.0,11,24.400618
-2.0,11,24.402338
-1.0,11,24.404059
-1.0,11,24.405775
-1.0,11,24.40715
-3.0,11,24.408864
-4.0,11,24.410503
-2.0,11,24.412172
-2.0,11,24.413584
-1.0,11,24.415441
-1.0,11,24.417114
-3.0,11,24.418781
-1.0,11,24.420161
-1.0,11,24.421908
-1.0,11,24.423729
-3.0,11,24.42545
-1.0,11,24.426737
0.0,11,24.428371
-2.0,11,24.430146
-2.0,11,24.43178
-1.0,11,24.433151
-2.0,11,24.434894
-3.0,11,24.436489
-2.0,11,24.438293
-1.0,11,24.439689
-2.0,11,24.441505
0.0,11,24.44331
-1.0,11,24.445065
-1.0,11,24.446468
-1.0,11,24.448134
-1.0,11,24.44998
-1.0,11,24.451686
-2.0,11,24.452983
-2.0,11,24.45465
-3.0,11,24.456337
-1.0,11,24.458104
-1.0,11,24.459425
-1.0,11,24.461253
-1.0,11,24.46297
-2.0,11,24.46465
-2.0,11,24.465865
-4.0,11,24.467594
-3.0,11,24.469203
-1.0,11,24.470973
-2.0,11,24.47235
-2.0,11,24.474286
-2.0,11,24.476156
-3.0,11,24.477855
-2.0,11,24.479197
-1.0,11,24.480923
-2.0,11,24.48265
-3.0,11,24.484288
-3.0,11,24.485619
-3.0,11,24.487421
-2.0,11,24.489177
-1.0,11,24.490977
-1.0,11,24.492343
-2.0,11,24.494133
-2.0,11,24.495802
-2.0,11,24.497504
-1.0,11,24.498904
-4.0,11,24.500587
-3.0,11,24.502289
-3.0,11,24.504069
-1.0,11,24.505433
-1.0,11,24.507148
-4.0,11,24.508801
-2.0,11,24.510482
-1.0,11,24.511891
0.0,11,24.513653
-1.0,11,24.515429
-1.0,11,24.517126
-2.0,11,24.518521
-2.0,11,24.520184
-1.0,11,24.521888
-3.0,11,24.523533
-3.0,11,24.524736
-1.0,11,24.526533
-4.0,11,24.528276
-3.0,11,24.529929
-3.0,11,24.531121
-2.0,11,24.532846
-2.0,11,24.534604
-2.0,11,24.53634
-1.0,11,24.53774
-2.0,11,24.539627
-2.0,11,24.541423
-1.0,11,24.543263
-1.0,11,24.544711
0.0,11,24.546497
-1.0,11,24.548299
-1.0,11,24.550093
-2.0,11,24.55139
-2.0,11,24.553162
-2.0,11,24.554886
-4.0,11,24.556515
-2.0,11,24.557895
-2.0,11,24.559615
-2.0,11,24.561236
-1.0,11,24.562873
-1.0,11,24.564225
-1.0,11,24.565929
-2.0,11,24.567749
-2.0,11,24.569454
-2.0,11,24.570791
-1.0,11,24.572516
-2.0,11,24.574242
-2.0,11,24.575941
-1.0,11,24.577403
-1.0,11,24.57912
-2.0,11,24.580863
-1.0,11,24.582606
-2.0,11,24.58378
-1.0,11,24.585527
-2.0,11,24.587181
-1.0,11,24.588888
-1.0,11,24.590226
-2.0,11,24.591954
-1.0,11,24.593638
-3.0,11,24.595223
-3.0,11,24.596501
-3.0,11,24.598182
-2.0,11,24.599881
-1.0,11,24.601609
-2.0,11,24.602989
-2.0,11,24.604734
-1.0,11,24.606546
-2.0,11,24.608274
-2.0,11,24.609558
-2.0,11,24.611289
-3.0,11,24.613038
-2.0,11,24.614711
-2.0,11,24.616025
-1.0,11,24.617766
-2.0,11,24.619591
-3.0,11,24.621307
-2.0,11,24.622715
-2.0,11,24.624568
-2.0,11,24.626323
-1.0,11,24.628196
-2.0,11,24.629522
-3.0,11,24.631352
-1.0,11,24.633158
-3.0,11,24.63481
-2.0,11,24.636221
-3.0,11,24.638125
-1.0,11,24.640051
-3.0,11,24.64166
-3.0,11,24.642962
-1.0,11,24.644859
-1.0,11,24.646686
-2.0,11,24.648398
-2.0,11,24.649799
-1.0,11,24.651437
0.0,11,24.653209
-2.0,11,24.65494
-2.0,11,24.656356
-1.0,11,24.658182
-2.0,11,24.659911
-3.0,11,24.661634
-2.0,11,24.662865
-3.0,11,24.664588
-3.0,11,24.666308
-1.0,11,24.667971
0.0,11,24.669432
-2.0,11,24.671241
-3.0,11,24.672925
-1.0,11,24.674732
-3.0,11,24.676085
-2.0,11,24.677808
-1.0,11,24.679449
0.0,11,24.68128
-1.0,11,24.6827
-2.0,11,24.684479
-2.0,11,24.686204
-2.0,11,24.687869
-1.0,11,24.689174
-3.0,11,24.690847
-1.0,11,24.69256
-2.0,11,24.694352
-2.0,11,24.695634
-2.0,11,24.697377
-3.0,11,24.69909
-2.0,11,24.700724
-2.0,11,24.701917
-2.0,11,24.703727
-3.0,11,24.70529
0.0,11,24.706932
-1.0,11,24.708335
-2.0,11,24.71009
-2.0,11,24.711727
-2.0,11,24.713405
-1.0,11,24.714612
-1.0,11,24.716298
-3.0,11,24.717962
-2.0,11,24.71965
-3.0,11,24.720952
-2.0,11,24.722608
-2.0,11,24.724354
-2.0,11,24.726021
-2.0,11,24.727354
-1.0,11,24.72908
-4.0,11,24.730793
0.0,11,24.732583
-1.0,11,24.73398
-2.0,11,24.735719
-2.0,11,24.737465
-2.0,11,24.739221
-1.0,11,24.740549
-2.0,11,24.742167
-1.0,11,24.743924
-1.0,11,24.745547
-1.0,11,24.746876
-1.0,11,24.748648
-2.0,11,24.750337
-3.0,11,24.752012
-1.0,11,24.753447
-1.0,11,24.755162
-3.0,11,24.75682
-2.0,11,24.758493
-3.0,11,24.75973
-3.0,11,24.761494
0.0,11,24.763275
-4.0,11,24.764917
-3.0,11,24.766202
-2.0,11,24.767988
-1.0,11,24.769712
-2.0,11,24.771411
-1.0,11,24.772779
-2.0,11,24.774532
-1.0,11,24.776331
-2.0,11,24.77797
-1.0,11,24.779345
0.0,11,24.781195
-2.0,11,24.782875
-2.0,11,24.784573
-3.0,11,24.785858
-2.0,11,24.787557
-3.0,11,24.789273
-2.0,11,24.791025
0.0,11,24.792466
-2.0,11,24.794317
-3.0,11,24.796048
-3.0,11,24.797789
-2.0,11,24.799225
-3.0,11,24.801224
-1.0,11,24.803041
-2.0,11,24.80475
-2.0,11,24.806085
-2.0,11,24.807888
-2.0,11,24.80964
-2.0,11,24.8112
-2.0,11,24.812466
-2.0,11,24.814139
-2.0,11,24.815878
-3.0,11,24.817648
-3.0,11,24.819008
-2.0,11,24.820827
-2.0,11,24.822662
-2.0,11,24.824431
0.0,11,24.82573
0.0,11,24.827494
-1.0,11,24.829386
-1.0,11,24.831127
-1.0,11,24.832401
-2.0,11,24.834088
0.0,11,24.835883
-1.0,11,24.837757
-2.0,11,24.839163
-3.0,11,24.840805
-1.0,11,24.842578
-3.0,11,24.84436
0.0,11,24.845733
-2.0,11,24.847514
-2.0,11,24.849286
-3.0,11,24.851093
-2.0,11,24.852469
-2.0,11,24.85426
-1.0,11,24.855996
-4.0,11,24.857695
-3.0,11,24.858945
-3.0,11,24.860647
-2.0,11,24.86242
-2.0,11,24.864138
-1.0,11,24.865553
-1.0,11,24.867345
-3.0,11,24.868987
-1.0,11,24.870722
-2.0,11,24.872243
-1.0,11,24.873967
-3.0,11,24.875714
-3.0,11,24.877497
-2.0,11,24.878824
-2.0,11,24.880594
-1.0,11,24.882329
0.0,11,24.884295
-2.0,11,24.885582
-3.0,11,24.887189
-1.0,11,24.888884
-2.0,11,24.89063
0.0,11,24.89188
-2.0,11,24.893584
-3.0,11,24.895218
-1.0,11,24.897011
-2.0,11,24.898431
-2.0,11,24.900135
-2.0,11,24.901746
-3.0,11,24.903461
-3.0,11,24.904734
-4.0,11,24.906326
-2.0,11,24.90806
-2.0,11,24.909647
-3.0,11,24.910981
-1.0,11,24.912719
-1.0,11,24.914444
-3.0,11,24.916147
-2.0,11,24.917393
-1.0,11,24.919161
-1.0,11,24.920916
-2.0,11,24.922539
-3.0,11,24.923953
-3.0,11,24.925655
-2.0,11,24.927452
-1.0,11,24.92916
-3.0,11,24.930433
-2.0,11,24.932171
-2.0,11,24.933849
-2.0,11,24.935678
-2.0,11,24.936985
-1.0,11,24.938738
-2.0,11,24.940509
-1.0,11,24.942341
-2.0,11,24.94365
-2.0,11,24.945361
-1.0,11,24.947104
-2.0,11,24.948863
-1.0,11,24.950186
-3.0,11,24.951906
-2.0,11,24.953694
-2.0,11,24.955333
-1.0,11,24.95675
-1.0,11,24.958693
-3.0,11,24.960338
-1.0,11,24.96207
-3.0,11,24.963476
-2.0,11,24.965415
-1.0,11,24.967207
-1.0,11,24.969029
-1.0,11,24.970403
-2.0,11,24.972247
0.0,11,24.974151
-2.0,11,24.975796
-2.0,11,24.977146
-3.0,11,24.978892
-2.0,11,24.980605
-1.0,11,24.982281
-4.0,11,24.983694
-1.0,11,24.98542
-2.0,11,24.98714
-3.0,11,24.988867
-2.0,11,24.99023
-1.0,11,24.991938
-3.0,11,24.993653
-1.0,11,24.99546
-2.0,11,24.99683
-2.0,11,24.998541
-3.0,11,25.000241
-3.0,11,25.002002
-2.0,11,25.00336
-1.0,11,25.005039
-2.0,11,25.006747
-2.0,11,25.00859
-2.0,11,25.009834
-2.0,11,25.011511
0.0,11,25.013271
-2.0,11,25.015081
-3.0,11,25.016358
-2.0,11,25.018041
-2.0,11,25.019763
-2.0,11,25.021402
-3.0,11,25.022745
-2.0,11,25.024455
-2.0,11,25.026163
-2.0,11,25.027904
-2.0,11,25.029257
-1.0,11,25.031077
-3.0,11,25.032859
-3.0,11,25.03449
-2.0,11,25.035906
-1.0,11,25.037632
-2.0,11,25.039413
-2.0,11,25.041288
-2.0,11,25.042634
-1.0,11,25.044464
-2.0,11,25.0462
0.0,11,25.047986
-2.0,11,25.04932
-3.0,11,25.050967
-2.0,11,25.052794
-1.0,11,25.054575
-1.0,11,25.055946
-1.0,11,25.057633
-1.0,11,25.059426
-1.0,11,25.061283
-2.0,11,25.06266
-1.0,11,25.064175
-3.0,11,25.065814
-2.0,11,25.067566
-2.0,11,25.068823
-1.0,11,25.070584
-2.0,11,25.072387
-4.0,11,25.074098
-2.0,11,25.075423
0.0,11,25.077162
-2.0,11,25.078969
-1.0,11,25.080645
-2.0,11,25.082007
-4.0,11,25.083631
-3.0,11,25.085266
-1.0,11,25.086955
-2.0,11,25.088304
0.0,11,25.08998
-4.0,11,25.091629
-1.0,11,25.093429
-3.0,11,25.094611
-2.0,11,25.096344
-1.0,11,25.09806
-2.0,11,25.099733
-2.0,11,25.101122
-3.0,11,25.102759
-1.0,11,25.104442
-2.0,11,25.105992
-1.0,11,25.107394
-2.0,11,25.10914
-3.0,11,25.11088
-2.0,11,25.11259
-2.0,11,25.113901
-2.0,11,25.115585
-3.0,11,25.117348
-1.0,11,25.119039
-1.0,11,25.120351
-2.0,11,25.122206
-3.0,11,25.123911
-2.0,11,25.125627
-1.0,11,25.127002
-2.0,11,25.128891
-1.0,11,25.130701
-2.0,11,25.132451
-2.0,11,25.133767
-2.0,11,25.135547
-2.0,11,25.137281
-1.0,11,25.139085
-2.0,11,25.140375
-1.0,11,25.142184
-1.0,11,25.14387
-2.0,11,25.145602
-3.0,11,25.146813
0.0,11,25.14853
-1.0,11,25.150416
-1.0,11,25.152101
-3.0,11,25.153422
0.0,11,25.155378
-1.0,11,25.157119
-3.0,11,25.158789
-4.0,11,25.160095
-1.0,11,25.161931
-3.0,11,25.163616
-3.0,11,25.165294
-2.0,11,25.16661
-1.0,11,25.16836
-2.0,11,25.169937
-4.0,11,25.171592
-2.0,11,25.173008
-2.0,11,25.174678
-2.0,11,25.176356
-2.0,11,25.177917
-2.0,11,25.1793
-3.0,11,25.180936
-3.0,11,25.182658
0.0,11,25.184485
-1.0,11,25.185912
-2.0,11,25.187623
-3.0,11,25.189334
-2.0,11,25.191019
-4.0,11,25.192367
-2.0,11,25.194136
-1.0,11,25.195989
-2.0,11,25.197653
-1.0,11,25.199008
-3.0,11,25.200633
-2.0,11,25.202398
-2.0,11,25.20408
-2.0,11,25.205372
-3.0,11,25.207069
-1.0,11,25.208847
-2.0,11,25.210445
-1.0,11,25.211751
-2.0,11,25.213515
-2.0,11,25.215282
-2.0,11,25.21698
-2.0,11,25.218277
-1.0,11,25.220096
-2.0,11,25.221744
-3.0,11,25.223396
-3.0,11,25.224671
-2.0,11,25.226352
-3.0,11,25.227967
-2.0,11,25.229775
-1.0,11,25.231179
-1.0,11,25.232926
0.0,11,25.234705
-3.0,11,25.236349
-2.0,11,25.237648
-1.0,11,25.23944
-3.0,11,25.241116
-1.0,11,25.242819
-2.0,11,25.24413
-3.0,11,25.245722
-1.0,11,25.247528
-2.0,11,25.249273
-1.0,11,25.250701
-1.0,11,25.252447
-1.0,11,25.254306
-2.0,11,25.256015
-2.0,11,25.257351
-2.0,11,25.259025
-2.0,11,25.260725
-2.0,11,25.262373
-3.0,11,25.263591
-3.0,11,25.265306
-1.0,11,25.267173
0.0,11,25.26896
-2.0,11,25.270203
-3.0,11,25.271916
-1.0,11,25.273588
-2.0,11,25.275294
-3.0,11,25.276635
-1.0,11,25.278461
-3.0,11,25.280104
-2.0,11,25.281877
0.0,11,25.283317
-1.0,11,25.285084
-2.0,11,25.286821
-2.0,11,25.288575
-3.0,11,25.289979
-1.0,11,25.292144
0.0,11,25.294079
0.0,11,25.295799
-2.0,11,25.297164
-3.0,11,25.298926
-1.0,11,25.300799
-2.0,11,25.302619
-2.0,11,25.303986
-2.0,11,25.305713
-1.0,11,25.307646
-1.0,11,25.309372
-3.0,11,25.310668
-1.0,11,25.312502
-2.0,11,25.314221
-3.0,11,25.315888
-1.0,11,25.317136
-1.0,11,25.318867
-3.0,11,25.320551
-1.0,11,25.322333
-1.0,11,25.323722
-2.0,11,25.325384
-2.0,11,25.327161
-2.0,11,25.328835
-3.0,11,25.330115
-3.0,11,25.331869
-1.0,11,25.333663
-3.0,11,25.33542
0.0,11,25.336837
-2.0,11,25.338582
-4.0,11,25.340249
-1.0,11,25.341976
-2.0,11,25.343282
-3.0,11,25.344967
-1.0,11,25.34667
-1.0,11,25.348529
0.0,11,25.349908
0.0,11,25.351713
-2.0,11,25.353564
-2.0,11,25.355244
-2.0,11,25.356595
-2.0,11,25.358402
-1.0,11,25.360146
-2.0,11,25.361856
-2.0,11,25.363142
0.0,11,25.364847
-2.0,11,25.366572
-3.0,11,25.368305
-2.0,11,25.369616
-2.0,11,25.371195
-1.0,11,25.373066
-2.0,11,25.374728
-1.0,11,25.376053
0.0,11,25.377963
-3.0,11,25.379662
-2.0,11,25.381375
-2.0,11,25.382674
-1.0,11,25.384494
-2.0,11,25.386159
-1.0,11,25.387843
-2.0,11,25.389089
-1.0,11,25.390838
-2.0,11,25.392625
-2.0,11,25.394385
-2.0,11,25.395699
-3.0,11,25.397328
-1.0,11,25.399019
-4.0,11,25.400636
-1.0,11,25.401984
-1.0,11,25.40376
-2.0,11,25.405469
-2.0,11,25.407321
-4.0,11,25.408529
-3.0,11,25.41021
-1.0,11,25.411845
-1.0,11,25.413636
-3.0,11,25.414934
-3.0,11,25.416496
-1.0,11,25.41819
-3.0,11,25.419849
-2.0,11,25.421172
-2.0,11,25.422847
-2.0,11,25.424515
-1.0,11,25.426311
-1.0,11,25.427669
-2.0,11,25.429471
-3.0,11,25.431163
-3.0,11,25.432843
-2.0,11,25.434096
-1.0,11,25.436005
-2.0,11,25.437669
0.0,11,25.439419
-1.0,11,25.440777
-2.0,11,25.44254
-2.0,11,25.444341
-2.0,11,25.446052
-2.0,11,25.447404
-1.0,11,25.449317
-3.0,11,25.451001
-1.0,11,25.452765
0.0,11,25.454204
-2.0,11,25.456178
-4.0,11,25.45791
-1.0,11,25.459721
0.0,11,25.461237
-2.0,11,25.462979
-3.0,11,25.464745
-2.0,11,25.466471
-2.0,11,25.467843
-2.0,11,25.469597
-1.0,11,25.471412
-1.0,11,25.473174
-3.0,11,25.47457
-1.0,11,25.47641
-1.0,11,25.478238
-3.0,11,25.479923
-2.0,11,25.481202
-2.0,11,25.482964
-3.0,11,25.484831
0.0,11,25.486605
-3.0,11,25.487884
-2.0,11,25.489646
-1.0,11,25.491385
-1.0,11,25.493183
-2.0,11,25.494531
-2.0,11,25.496313
-2.0,11,25.498086
-2.0,11,25.499727
-4.0,11,25.501017
-3.0,11,25.502698
-1.0,11,25.504386
0.0,11,25.506198
0.0,11,25.507654
0.0,11,25.509434
0.0,11,25.511328
-3.0,11,25.513094
-2.0,11,25.514445
0.0,11,25.516221
-1.0,11,25.517865
-4.0,11,25.519521
-2.0,11,25.520811
-2.0,11,25.522545
-2.0,11,25.524268
-3.0,11,25.525859
-1.0,11,25.527224
-2.0,11,25.529001
-3.0,11,25.530693
-1.0,11,25.532466
-3.0,11,25.533689
-3.0,11,25.535471
-4.0,11,25.537189
-2.0,11,25.538959
-2.0,11,25.540411
-3.0,11,25.54219
-1.0,11,25.543866
-1.0,11,25.545746
0.0,11,25.547139
-3.0,11,25.54888
-4.0,11,25.550563
-2.0,11,25.552258
-2.0,11,25.553547
0.0,11,25.555315
-1.0,11,25.557151
-2.0,11,25.558836
-1.0,11,25.560208
-2.0,11,25.561886
-1.0,11,25.5636
-3.0,11,25.565226
0.0,11,25.566539
-1.0,11,25.568253
-3.0,11,25.569856
-2.0,11,25.571625
-2.0,11,25.572909
-1.0,11,25.574694
-1.0,11,25.576455
-2.0,11,25.578223
-2.0,11,25.579622
-2.0,11,25.58144
-2.0,11,25.583234
-2.0,11,25.584826
-1.0,11,25.586111
-2.0,11,25.587897
-1.0,11,25.589582
-1.0,11,25.591396
-2.0,11,25.592774
-2.0,11,25.594519
-2.0,11,25.596251
-1.0,11,25.597978
-2.0,11,25.5994
-1.0,11,25.601173
-1.0,11,25.602911
-2.0,11,25.604674
-3.0,11,25.60596
0.0,11,25.607773
0.0,11,25.609568
-1.0,11,25.611327
-2.0,11,25.612697
-1.0,11,25.614496
-2.0,11,25.616241
-1.0,11,25.618042
-1.0,11,25.619295
-2.0,11,25.621239
-2.0,11,25.623033
-1.0,11,25.624799
-1.0,11,25.626247
-3.0,11,25.627981
-2.0,11,25.629744
-3.0,11,25.631481
-2.0,11,25.632881
-2.0,11,25.634678
-1.0,11,25.636483
-1.0,11,25.638151
-3.0,11,25.639492
-2.0,11,25.64122
-3.0,11,25.642874
-2.0,11,25.644648
-2.0,11,25.645981
-2.0,11,25.647797
-2.0,11,25.649415
-2.0,11,25.651171
-1.0,11,25.652634
-1.0,11,25.654448
-1.0,11,25.656304
0.0,11,25.658182
-2.0,11,25.659523
-1.0,11,25.661336
-2.0,11,25.663054
-1.0,11,25.664873
-3.0,11,25.666029
-3.0,11,25.667637
-3.0,11,25.66933
0.0,11,25.671207
-3.0,11,25.672415
-2.0,11,25.674208
-2.0,11,25.675881
-2.0,11,25.677613
-3.0,11,25.678905
-2.0,11,25.68058
-2.0,11,25.682335
-3.0,11,25.684026
-2.0,11,25.685456
0.0,11,25.687181
-1.0,11,25.688987
0.0,11,25.690804
-1.0,11,25.692274
-2.0,11,25.693994
-3.0,11,25.695746
-1.0,11,25.697352
-1.0,11,25.69876
-1.0,11,25.700493
0.0,11,25.702268
-2.0,11,25.704068
-1.0,11,25.705428
-2.0,11,25.707126
-3.0,11,25.708852
-1.0,11,25.710714
-2.0,11,25.71213
-2.0,11,25.713921
-4.0,11,25.715619
-1.0,11,25.717332
-2.0,11,25.718704
-3.0,11,25.720452
-2.0,11,25.722138
-1.0,11,25.723935
-1.0,11,25.725375
-1.0,11,25.727146
-2.0,11,25.728908
-3.0,11,25.730539
-1.0,11,25.731977
-3.0,11,25.73377
-2.0,11,25.735445
-3.0,11,25.737117
-1.0,11,25.73843
-4.0,11,25.740112
-2.0,11,25.741857
-1.0,11,25.743513
-2.0,11,25.744949
-1.0,11,25.746833
-3.0,11,25.748631
0.0,11,25.750407
-4.0,11,25.751652
-2.0,11,25.753479
-1.0,11,25.755235
-2.0,11,25.756835
-1.0,11,25.758278
-2.0,11,25.759991
-2.0,11,25.761784
-2.0,11,25.763416
-1.0,11,25.764885
-1.0,11,25.766719
-3.0,11,25.768449
-2.0,11,25.770297
-1.0,11,25.771804
-1.0,11,25.773728
-1.0,11,25.776037
-1.0,11,25.778053
-3.0,11,25.779466
-1.0,11,25.781316
0.0,11,25.783153
-3.0,11,25.784916
-2.0,11,25.786225
-2.0,11,25.788313
-1.0,11,25.790154
-4.0,11,25.791804
0.0,11,25.793449
-2.0,11,25.795571
-2.0,11,25.797716
-1.0,11,25.799914
0.0,11,25.801551
-1.0,11,25.803804
-1.0,11,25.805779
-3.0,11,25.807783
-2.0,11,25.809359
-2.0,11,25.811287
-3.0,11,25.813077
-2.0,11,25.814844
-3.0,11,25.816201
-2.0,11,25.818033
-2.0,11,25.81986
-1.0,11,25.821637
-1.0,11,25.82291
-2.0,11,25.824668
-2.0,11,25.8265
-1.0,11,25.82838
-1.0,11,25.829728
-3.0,11,25.831421
-1.0,11,25.833204
-1.0,11,25.83496
-2.0,11,25.836332
-3.0,11,25.838048
0.0,11,25.83992
-2.0,11,25.841638
-2.0,11,25.842917
-2.0,11,25.844683
-1.0,11,25.848444
-3.0,11,25.85018
-2.0,11,25.851577
-1.0,11,25.853368
-2.0,11,25.855138
-1.0,11,25.856815
0.0,11,25.858307
-2.0,11,25.86002
-1.0,11,25.861725
-2.0,11,25.86342
-2.0,11,25.864681
-1.0,11,25.866531
-2.0,11,25.868285
-1.0,11,25.870047
-2.0,11,25.871449
-3.0,11,25.87314
-1.0,11,25.875017
-1.0,11,25.876769
-2.0,11,25.878077
-1.0,11,25.879962
-2.0,11,25.881694
-3.0,11,25.883473
-2.0,11,25.884897
-1.0,11,25.88668
-2.0,11,25.888347
0.0,11,25.890111
-2.0,11,25.891508
-1.0,11,25.893222
-2.0,11,25.895004
-3.0,11,25.896773
-3.0,11,25.898179
-2.0,11,25.899973
-1.0,11,25.901887
-2.0,11,25.903596
-5.0,11,25.904768
-2.0,11,25.906549
-1.0,11,25.908349
-2.0,11,25.910103
-2.0,11,25.91139
-1.0,11,25.913077
-3.0,11,25.914764
-2.0,11,25.916454
-2.0,11,25.917787
-1.0,11,25.919494
-2.0,11,25.921353
-1.0,11,25.923145
-3.0,11,25.924418
-3.0,11,25.926135
-1.0,11,25.927812
-2.0,11,25.929411
0.0,11,25.930736
0.0,11,25.932521
-1.0,11,25.934247
-3.0,11,25.935967
-1.0,11,25.937238
-2.0,11,25.938982
-2.0,11,25.940736
-1.0,11,25.942623
-2.0,11,25.943911
-1.0,11,25.945818
-1.0,11,25.94759
-2.0,11,25.949146
-2.0,11,25.950581
-1.0,11,25.952495
-3.0,11,25.954081
-2.0,11,25.955794
-2.0,11,25.957268
-2.0,11,25.959129
-2.0,11,25.961092
-1.0,11,25.962907
-1.0,11,25.964335
-1.0,11,25.966002
0.0,11,25.967868
-1.0,11,25.969593
0.0,11,25.971055
-1.0,11,25.972763
-1.0,11,25.974587
-2.0,11,25.976392
-3.0,11,25.977595
-2.0,11,25.979299
-2.0,11,25.981091
0.0,11,25.982934
-2.0,11,25.984164
0.0,11,25.985902
-2.0,11,25.987663
-1.0,11,25.989371
-2.0,11,25.990696
-1.0,11,25.99245
0.0,11,25.994202
-1.0,11,25.996007
-3.0,11,25.99728
-2.0,11,25.998941
-2.0,11,26.000718
-2.0,11,26.002526
-2.0,11,26.003848
-1.0,11,26.005607
-2.0,11,26.007236
-1.0,11,26.008972
-4.0,11,26.010279
-2.0,11,26.011984
-3.0,11,26.013693
-3.0,11,26.01545
-1.0,11,26.016912
0.0,11,26.018747
-1.0,11,26.020518
-1.0,11,26.022326
-3.0,11,26.023638
-2.0,11,26.025469
0.0,11,26.027241
-2.0,11,26.028929
-2.0,11,26.030253
-2.0,11,26.031905
-1.0,11,26.033582
-2.0,11,26.035273
-2.0,11,26.036692
-1.0,11,26.038536
-2.0,11,26.040429
0.0,11,26.042291
0.0,11,26.043727
-3.0,11,26.045478
-1.0,11,26.047296
-2.0,11,26.049069
-1.0,11,26.050396
-1.0,11,26.052269
-2.0,11,26.053998
-1.0,11,26.055614
-1.0,11,26.056993
-3.0,11,26.058715
-1.0,11,26.060458
-3.0,11,26.062232
0.0,11,26.063561
-1.0,11,26.065379
-2.0,11,26.067075
-2.0,11,26.068673
-2.0,11,26.070001
-2.0,11,26.071741
-2.0,11,26.073398
-2.0,11,26.075068
-1.0,11,26.076427
-1.0,11,26.078201
-2.0,11,26.079905
-1.0,11,26.08162
-2.0,11,26.082967
-2.0,11,26.084764
-1.0,11,26.086475
-1.0,11,26.088289
-1.0,11,26.08957
-1.0,11,26.091377
-2.0,11,26.093085
-1.0,11,26.094868
-2.0,11,26.096236
-1.0,11,26.098041
-3.0,11,26.099769
-3.0,11,26.101482
-2.0,11,26.102841
-4.0,11,26.104457
-3.0,11,26.106241
0.0,11,26.108086
-4.0,11,26.109295
-1.0,11,26.111136
-3.0,11,26.112772
-2.0,11,26.114524
-2.0,11,26.115883
-1.0,11,26.117816
-2.0,11,26.119534
0.0,11,26.121297
0.0,11,26.122729
-1.0,11,26.124688
-1.0,11,26.126532
-2.0,11,26.128331
-1.0,11,26.129725
-3.0,11,26.131301
-2.0,11,26.133093
-2.0,11,26.13491
-1.0,11,26.136299
-3.0,11,26.137957
0.0,11,26.139727
-1.0,11,26.141426
-2.0,11,26.142836
-1.0,11,26.144646
-2.0,11,26.146369
-1.0,11,26.148213
-2.0,11,26.149541
-3.0,11,26.151128
-3.0,11,26.152729
-1.0,11,26.154521
-3.0,11,26.155861
-3.0,11,26.157643
-2.0,11,26.159331
-2.0,11,26.161044
0.0,11,26.162515
-2.0,11,26.164302
-2.0,11,26.166089
-1.0,11,26.167836
-3.0,11,26.169084
-2.0,11,26.170688
-3.0,11,26.172379
-2.0,11,26.174049
-2.0,11,26.175495
-2.0,11,26.177276
-2.0,11,26.178998
-1.0,11,26.180777
-1.0,11,26.182067
-3.0,11,26.183681
-1.0,11,26.185466
-1.0,11,26.187218
-1.0,11,26.188582
-1.0,11,26.190385
-1.0,11,26.192225
-3.0,11,26.193949
-2.0,11,26.195272
-1.0,11,26.197083
-3.0,11,26.198904
-1.0,11,26.200642
-1.0,11,26.20206
-2.0,11,26.203837
-2.0,11,26.205555
-1.0,11,26.207332
-2.0,11,26.208613
-1.0,11,26.21036
-2.0,11,26.212079
-3.0,11,26.213768
-1.0,11,26.215027
-2.0,11,26.216772
-2.0,11,26.218412
-3.0,11,26.220133
-2.0,11,26.221525
-3.0,11,26.223251
-2.0,11,26.225016
0.0,11,26.226845
-3.0,11,26.228132
-1.0,11,26.229885
-1.0,11,26.231642
-1.0,11,26.233475
-4.0,11,26.234754
-4.0,11,26.236479
0.0,11,26.238267
0.0,11,26.240016
-3.0,11,26.241318
-2.0,11,26.242994
-3.0,11,26.244714
-2.0,11,26.246502
-1.0,11,26.247896
-1.0,11,26.249623
-1.0,11,26.251444
-2.0,11,26.253168
-2.0,11,26.254585
-1.0,11,26.256338
-3.0,11,26.25795
-1.0,11,26.259778
-1.0,11,26.261103
0.0,11,26.262958
-1.0,11,26.264676
-1.0,11,26.266397
-3.0,11,26.267698
-2.0,11,26.269493
0.0,11,26.271283
-2.0,11,26.273106
-2.0,11,26.274456
0.0,11,26.276314
-1.0,11,26.278009
-2.0,11,26.279779
-2.0,11,26.281081
-2.0,11,26.282955
-1.0,11,26.284632
-2.0,11,26.28622
-3.0,11,26.287603
-2.0,11,26.289482
-1.0,11,26.291298
-1.0,11,26.293165
-4.0,11,26.294455
-2.0,11,26.296221
0.0,11,26.297989
-2.0,11,26.299776
-1.0,11,26.30112
-2.0,11,26.302823
-1.0,11,26.304582
-2.0,11,26.306339
-2.0,11,26.307635
-1.0,11,26.309455
-2.0,11,26.311182
-2.0,11,26.312848
-2.0,11,26.314185
-1.0,11,26.315962
-1.0,11,26.317556
0.0,11,26.319414
-2.0,11,26.32073
-1.0,11,26.32263
-1.0,11,26.324421
-2.0,11,26.326129
-1.0,11,26.327543
-4.0,11,26.329088
0.0,11,26.330903
-2.0,11,26.332641
-3.0,11,26.333929
-3.0,11,26.335608
-1.0,11,26.337427
-1.0,11,26.339148
-2.0,11,26.340604
-1.0,11,26.342324
-2.0,11,26.344156
-1.0,11,26.34588
-2.0,11,26.347215
-2.0,11,26.348947
-3.0,11,26.350696
-2.0,11,26.352419
0.0,11,26.353881
-2.0,11,26.35564
-1.0,11,26.357277
-2.0,11,26.359026
-2.0,11,26.360372
-2.0,11,26.362124
-2.0,11,26.363795
-2.0,11,26.365526
0.0,11,26.366918
-2.0,11,26.368632
-1.0,11,26.370393
-1.0,11,26.372259
-1.0,11,26.373666
-1.0,11,26.375329
-2.0,11,26.377077
-1.0,11,26.378917
-2.0,11,26.38028
-3.0,11,26.382016
-2.0,11,26.383703
-3.0,11,26.385439
-3.0,11,26.386944
-1.0,11,26.388723
-1.0,11,26.390455
-3.0,11,26.392193
-2.0,11,26.393544
-1.0,11,26.39529
-1.0,11,26.397119
-1.0,11,26.398842
-2.0,11,26.400232
-3.0,11,26.401968
-3.0,11,26.403688
-2.0,11,26.4055
-2.0,11,26.406847
-3.0,11,26.408542
-2.0,11,26.4103
-3.0,11,26.412024
-1.0,11,26.413412
-1.0,11,26.415232
-1.0,11,26.417019
-2.0,11,26.418827
-1.0,11,26.420223
-3.0,11,26.421972
-2.0,11,26.423627
-1.0,11,26.425392
0.0,11,26.426746
0.0,11,26.428543
-2.0,11,26.430326
-1.0,11,26.432183
-3.0,11,26.433508
-3.0,11,26.435187
-1.0,11,26.436867
-2.0,11,26.438582
-1.0,11,26.43996
-2.0,11,26.441709
-1.0,11,26.443463
-4.0,11,26.445181
-1.0,11,26.446652
-1.0,11,26.448545
-4.0,11,26.450224
-2.0,11,26.452053
-4.0,11,26.453389
-1.0,11,26.455343
-1.0,11,26.457274
0.0,11,26.459117
-1.0,11,26.460574
-3.0,11,26.46234
-1.0,11,26.464119
-2.0,11,26.465875
-2.0,11,26.4672
-2.0,11,26.468974
-2.0,11,26.470629
-2.0,11,26.47231
-2.0,11,26.473679
-3.0,11,26.475468
-2.0,11,26.477243
-1.0,11,26.479019
-1.0,11,26.48034
-2.0,11,26.482146
-2.0,11,26.483856
0.0,11,26.485678
-3.0,11,26.486949
-3.0,11,26.488731
-2.0,11,26.490477
-3.0,11,26.492081
-2.0,11,26.493365
-2.0,11,26.495159
-1.0,11,26.496961
-2.0,11,26.498638
-2.0,11,26.499924
-1.0,11,26.501524
-1.0,11,26.503293
-3.0,11,26.505119
-2.0,11,26.506407
-1.0,11,26.508197
-2.0,11,26.509945
-1.0,11,26.511624
-3.0,11,26.512979
-3.0,11,26.514731
-1.0,11,26.516522
-1.0,11,26.518331
-4.0,11,26.51965
-2.0,11,26.521372
-3.0,11,26.523124
-1.0,11,26.524914
-3.0,11,26.526251
-1.0,11,26.528105
-3.0,11,26.529675
-2.0,11,26.531423
-2.0,11,26.532831
-1.0,11,26.534595
-3.0,11,26.536271
-4.0,11,26.538014
-2.0,11,26.539462
-3.0,11,26.541509
-1.0,11,26.543305
-2.0,11,26.545162
-1.0,11,26.546607
-2.0,11,26.548251
-2.0,11,26.550016
-3.0,11,26.551804
-1.0,11,26.55321
-1.0,11,26.555029
-1.0,11,26.556773
0.0,11,26.558577
-1.0,11,26.559909
0.0,11,26.561712
-2.0,11,26.563464
-1.0,11,26.565182
-3.0,11,26.566506
0.0,11,26.568238
-1.0,11,26.569983
-3.0,11,26.571713
-2.0,11,26.572987
-1.0,11,26.574714
-1.0,11,26.576538
-1.0,11,26.578327
-2.0,11,26.579722
-2.0,11,26.581545
-2.0,11,26.583324
-2.0,11,26.584963
-1.0,11,26.586312
-2.0,11,26.588042
-2.0,11,26.589815
-3.0,11,26.591371
-2.0,11,26.592696
-2.0,11,26.594484
-3.0,11,26.596155
-2.0,11,26.597894
-2.0,11,26.599259
0.0,11,26.601141
-1.0,11,26.602824
-1.0,11,26.604586
-2.0,11,26.605901
-1.0,11,26.607773
-1.0,11,26.609563
-2.0,11,26.611311
-3.0,11,26.612615
-1.0,11,26.614586
-1.0,11,26.616453
-1.0,11,26.618213
-2.0,11,26.619474
-1.0,11,26.621472
-1.0,11,26.623323
-1.0,11,26.625213
-1.0,11,26.62657
-1.0,11,26.628347
-2.0,11,26.630038
-1.0,11,26.63176
-2.0,11,26.633127
-1.0,11,26.634927
-1.0,11,26.636804
-3.0,11,26.638487
-1.0,11,26.639772
-5.0,11,26.6414
-1.0,11,26.643158
-1.0,11,26.6448
-1.0,11,26.646107
-2.0,11,26.647917
-3.0,11,26.649696
-2.0,11,26.651444
-2.0,11,26.652807
-1.0,11,26.654504
-1.0,11,26.656282
-1.0,11,26.657998
-3.0,11,26.659288
-2.0,11,26.660969
-1.0,11,26.662772
-1.0,11,26.664541
-2.0,11,26.665854
-2.0,11,26.667612
-2.0,11,26.669352
-1.0,11,26.671152
-1.0,11,26.672439
-1.0,11,26.674132
-1.0,11,26.675949
-1.0,11,26.677795
-1.0,11,26.679073
-3.0,11,26.680783
0.0,11,26.682533
-3.0,11,26.684248
-2.0,11,26.685572
-2.0,11,26.687313
-1.0,11,26.689153
0.0,11,26.690885
-2.0,11,26.692207
-2.0,11,26.693887
-2.0,11,26.695546
-2.0,11,26.697302
-2.0,11,26.698622
0.0,11,26.700472
-2.0,11,26.702173
-1.0,11,26.703985
-1.0,11,26.7053
-3.0,11,26.706998
-3.0,11,26.708713
-4.0,11,26.710346
-2.0,11,26.711709
-2.0,11,26.713437
-1.0,11,26.715192
-3.0,11,26.716899
0.0,11,26.718291
-3.0,11,26.720048
-1.0,11,26.7218
-3.0,11,26.72353
-2.0,11,26.724804
-2.0,11,26.726509
-2.0,11,26.728262
-3.0,11,26.730053
-1.0,11,26.731373
0.0,11,26.733202
-2.0,11,26.734938
-2.0,11,26.736562
-4.0,11,26.737936
-1.0,11,26.739657
-2.0,11,26.741284
-2.0,11,26.743065
0.0,11,26.744425
-2.0,11,26.746157
-2.0,11,26.74785
-1.0,11,26.749553
-2.0,11,26.750917
-2.0,11,26.752673
-3.0,11,26.754306
-2.0,11,26.756059
-3.0,11,26.757386
-1.0,11,26.759129
-2.0,11,26.760941
0.0,11,26.76279
-1.0,11,26.764187
-3.0,11,26.765903
-2.0,11,26.767651
-1.0,11,26.769457
-1.0,11,26.770843
-1.0,11,26.772554
-3.0,11,26.774346
-2.0,11,26.776028
0.0,11,26.77741
-2.0,11,26.779196
-3.0,11,26.780872
-3.0,11,26.782617
-1.0,11,26.783943
0.0,11,26.786021
-1.0,11,26.787854
-1.0,11,26.789706
-1.0,11,26.791023
-1.0,11,26.792816
-2.0,11,26.794651
-2.0,11,26.796499
-2.0,11,26.797861
-3.0,11,26.799597
-2.0,11,26.80128
-2.0,11,26.803017
-2.0,11,26.804391
-2.0,11,26.806226
-1.0,11,26.808006
-2.0,11,26.809836
-1.0,11,26.811236
0.0,11,26.812975
-3.0,11,26.814703
-2.0,11,26.816392
-1.0,11,26.817867
0.0,11,26.819682
-1.0,11,26.821491
-2.0,11,26.823232
-2.0,11,26.824596
0.0,11,26.826434
-1.0,11,26.828194
-2.0,11,26.829971
-3.0,11,26.831315
-2.0,11,26.833149
-2.0,11,26.834882
-1.0,11,26.836606
-1.0,11,26.83797
-2.0,11,26.839689
-1.0,11,26.841516
-2.0,11,26.843341
-3.0,11,26.844654
-3.0,11,26.846449
-1.0,11,26.848266
-1.0,11,26.850055
-1.0,11,26.851384
-3.0,11,26.852997
-4.0,11,26.854616
-2.0,11,26.856416
-3.0,11,26.85762
0.0,11,26.85941
-3.0,11,26.861211
-2.0,11,26.863018
-1.0,11,26.864421
-2.0,11,26.866188
-1.0,11,26.868016
-2.0,11,26.869709
-4.0,11,26.870998
-2.0,11,26.872674
-2.0,11,26.874518
-2.0,11,26.876167
-2.0,11,26.877402
-1.0,11,26.879038
-1.0,11,26.880835
-2.0,11,26.882536
-2.0,11,26.883948
0.0,11,26.885613
-5.0,11,26.887216
-2.0,11,26.888885
-2.0,11,26.89024
-3.0,11,26.892034
-3.0,11,26.893767
-2.0,11,26.895426
-2.0,11,26.896611
0.0,11,26.898439
-2.0,11,26.900142
-3.0,11,26.90187
-2.0,11,26.903217
-1.0,11,26.904975
-3.0,11,26.906708
-1.0,11,26.90854
-2.0,11,26.909812
-1.0,11,26.911555
-1.0,11,26.913341
-2.0,11,26.915055
-2.0,11,26.916514
-2.0,11,26.918311
-1.0,11,26.920072
-1.0,11,26.921918
-1.0,11,26.923393
0.0,11,26.925225
-3.0,11,26.926831
-1.0,11,26.928622
-4.0,11,26.929895
-1.0,11,26.931691
-2.0,11,26.933469
-2.0,11,26.935135
-1.0,11,26.936494
-1.0,11,26.938206
-3.0,11,26.939983
-1.0,11,26.94165
-1.0,11,26.942977
-1.0,11,26.944868
-1.0,11,26.946591
-2.0,11,26.948386
-1.0,11,26.949866
-2.0,11,26.951733
-2.0,11,26.953561
-2.0,11,26.955348
-1.0,11,26.956841
-2.0,11,26.958686
-2.0,11,26.960434
-1.0,11,26.962303
-2.0,11,26.963683
-1.0,11,26.9655
-3.0,11,26.967293
-1.0,11,26.969085
-4.0,11,26.970429
-1.0,11,26.972096
-2.0,11,26.973837
-1.0,11,26.975526
-3.0,11,26.976898
-1.0,11,26.978695
-1.0,11,26.980516
0.0,11,26.982216
-3.0,11,26.983544
-1.0,11,26.985154
0.0,11,26.986958
-2.0,11,26.988644
0.0,11,26.989984
-3.0,11,26.991616
0.0,11,26.993371
-2.0,11,26.995041
-2.0,11,26.996403
-2.0,11,26.998131
0.0,11,26.999935
-1.0,11,27.00164
-2.0,11,27.002965
-3.0,11,27.004635
-3.0,11,27.006396
-2.0,11,27.007994
-1.0,11,27.009418
-1.0,11,27.011167
-2.0,11,27.012857
-2.0,11,27.014559
-2.0,11,27.015924
-1.0,11,27.01767
-1.0,11,27.019481
-1.0,11,27.021228
-1.0,11,27.02255
-3.0,11,27.024289
-1.0,11,27.026009
-2.0,11,27.027809
-3.0,11,27.029261
-3.0,11,27.031008
-2.0,11,27.032822
-1.0,11,27.034682
-3.0,11,27.036008
0.0,11,27.037904
-2.0,11,27.039749
-1.0,11,27.04173
-2.0,11,27.043008
0.0,11,27.044858
-2.0,11,27.046634
-1.0,11,27.048457
-2.0,11,27.04972
-1.0,11,27.051402
-1.0,11,27.053258
-2.0,11,27.054942
-1.0,11,27.056318
-1.0,11,27.058051
0.0,11,27.059824
-1.0,11,27.06163
-2.0,11,27.062951
-3.0,11,27.064702
-1.0,11,27.066458
-2.0,11,27.068253
-2.0,11,27.069666
-2.0,11,27.071388
-1.0,11,27.07318
-2.0,11,27.074907
-2.0,11,27.076343
-1.0,11,27.078121
-1.0,11,27.079848
-1.0,11,27.081595
-1.0,11,27.082932
-1.0,11,27.084636
0.0,11,27.086333
-2.0,11,27.088004
0.0,11,27.089361
-4.0,11,27.091029
-3.0,11,27.09279
0.0,11,27.094548
-2.0,11,27.0958
-2.0,11,27.09743
-2.0,11,27.099101
-2.0,11,27.100942
-1.0,11,27.102403
-2.0,11,27.104099
-1.0,11,27.105934
-1.0,11,27.107675
-1.0,11,27.109002
-3.0,11,27.110828
-2.0,11,27.112511
-2.0,11,27.114193
-1.0,11,27.115576
-2.0,11,27.117522
-2.0,11,27.119393
-3.0,11,27.121096
-1.0,11,27.122558
-1.0,11,27.124317
-3.0,11,27.12609
0.0,11,27.127919
-1.0,11,27.129314
-2.0,11,27.130971
-1.0,11,27.132783
-2.0,11,27.134608
-1.0,11,27.135899
-2.0,11,27.137548
-1.0,11,27.139284
-3.0,11,27.141019
-2.0,11,27.142406
-1.0,11,27.144224
-3.0,11,27.145996
-1.0,11,27.147802
-2.0,11,27.149166
0.0,11,27.151
-1.0,11,27.152793
-1.0,11,27.154539
-2.0,11,27.155951
-2.0,11,27.157681
-2.0,11,27.159423
0.0,11,27.161278
-1.0,11,27.162653
-2.0,11,27.164416
-2.0,11,27.166166
0.0,11,27.168027
-1.0,11,27.169493
-2.0,11,27.171357
-2.0,11,27.173158
-3.0,11,27.174834
-4.0,11,27.17599
-2.0,11,27.177734
-3.0,11,27.179422
-1.0,11,27.18102
-2.0,11,27.182416
-2.0,11,27.184164
-3.0,11,27.185934
-2.0,11,27.187775
-4.0,11,27.189017
-3.0,11,27.190736
-2.0,11,27.192426
0.0,11,27.194133
-3.0,11,27.195482
-2.0,11,27.197159
-3.0,11,27.198898
-1.0,11,27.200695
-1.0,11,27.201966
-3.0,11,27.203737
-3.0,11,27.205461
-1.0,11,27.207195
-3.0,11,27.208561
-4.0,11,27.210195
-3.0,11,27.211935
-2.0,11,27.213629
-3.0,11,27.214977
-1.0,11,27.216768
-4.0,11,27.218492
-1.0,11,27.220324
0.0,11,27.221767
-5.0,11,27.223476
-2.0,11,27.225194
-3.0,11,27.22702
-2.0,11,27.228395
-2.0,11,27.230119
-4.0,11,27.231755
0.0,11,27.233597
-1.0,11,27.234949
-2.0,11,27.236706
-3.0,11,27.238373
0.0,11,27.240164
-3.0,11,27.241478
-1.0,11,27.243243
0.0,11,27.245101
-1.0,11,27.246899
-1.0,11,27.248292
-1.0,11,27.250045
-2.0,11,27.251694
-1.0,11,27.25351
-2.0,11,27.254919
-3.0,11,27.256682
-3.0,11,27.258466
-2.0,11,27.260218
-3.0,11,27.261434
-1.0,11,27.263188
0.0,11,27.264974
-1.0,11,27.266727
-3.0,11,27.268094
-3.0,11,27.269885
-3.0,11,27.271536
0.0,11,27.273291
-2.0,11,27.274609
-1.0,11,27.276495
-3.0,11,27.278213
-3.0,11,27.279919
-3.0,11,27.281345
-3.0,11,27.283309
-1.0,11,27.28517
-2.0,11,27.286927
-1.0,11,27.288242
-4.0,11,27.29
0.0,11,27.291789
-4.0,11,27.293446
-3.0,11,27.294697
-1.0,11,27.29655
-2.0,11,27.298392
-2.0,11,27.300152
0.0,11,27.301588
-2.0,11,27.303365
-3.0,11,27.305119
-1.0,11,27.306914
-2.0,11,27.308279
0.0,11,27.310092
-1.0,11,27.311924
-2.0,11,27.313704
-2.0,11,27.315107
-2.0,11,27.316861
-3.0,11,27.318581
-1.0,11,27.320296
-1.0,11,27.321698
0.0,11,27.323548
-2.0,11,27.325349
0.0,11,27.327158
-1.0,11,27.328683
-2.0,11,27.330462
-2.0,11,27.332261
-1.0,11,27.334104
-1.0,11,27.335471
-1.0,11,27.337269
-2.0,11,27.338897
-2.0,11,27.340602
-2.0,11,27.341938
-2.0,11,27.343593
-2.0,11,27.345392
-1.0,11,27.347132
-1.0,11,27.34848
-2.0,11,27.350201
-2.0,11,27.351943
-3.0,11,27.353643
-2.0,11,27.355042
0.0,11,27.356824
-1.0,11,27.358649
0.0,11,27.360459
-1.0,11,27.361772
-2.0,11,27.363545
-1.0,11,27.365273
-2.0,11,27.366997
-2.0,11,27.368457
-2.0,11,27.370283
-2.0,11,27.372032
-1.0,11,27.373743
-2.0,11,27.375069
-2.0,11,27.376825
-2.0,11,27.378476
-1.0,11,27.380208
-2.0,11,27.38153
-4.0,11,27.383244
-2.0,11,27.385004
-1.0,11,27.386773
-1.0,11,27.388168
-2.0,11,27.389874
0.0,11,27.391526
-2.0,11,27.393271
-2.0,11,27.394601
-1.0,11,27.396328
0.0,11,27.398169
-1.0,11,27.399985
-1.0,11,27.401421
-3.0,11,27.403204
-2.0,11,27.404877
0.0,11,27.406572
0.0,11,27.407936
-3.0,11,27.409717
-2.0,11,27.411445
-1.0,11,27.413186
-1.0,11,27.414596
-1.0,11,27.416357
0.0,11,27.418145
-2.0,11,27.419833
-2.0,11,27.421183
-3.0,11,27.423001
-3.0,11,27.424644
-2.0,11,27.426399
-1.0,11,27.427641
-2.0,11,27.429466
-1.0,11,27.431251
-1.0,11,27.432919
-1.0,11,27.434235
-1.0,11,27.435976
-1.0,11,27.437735
-2.0,11,27.43945
-3.0,11,27.440816
-2.0,11,27.4428
-3.0,11,27.444487
-2.0,11,27.446184
-2.0,11,27.447536
-1.0,11,27.449606
-2.0,11,27.45155
-2.0,11,27.453257
-1.0,11,27.454674
-1.0,11,27.456414
-2.0,11,27.458157
-2.0,11,27.459926
-2.0,11,27.46123
-2.0,11,27.462897
-1.0,11,27.464753
-2.0,11,27.466455
-2.0,11,27.467765
-1.0,11,27.469382
-3.0,11,27.471143
0.0,11,27.472831
0.0,11,27.474154
-2.0,11,27.475925
-2.0,11,27.4777
-1.0,11,27.479449
-1.0,11,27.480855
-2.0,11,27.482655
0.0,11,27.4844
-1.0,11,27.486132
-3.0,11,27.487459
-2.0,11,27.489294
-1.0,11,27.491119
-2.0,11,27.492806
-1.0,11,27.494106
-2.0,11,27.495839
-1.0,11,27.4976
-2.0,11,27.499298
-2.0,11,27.50066
-1.0,11,27.502431
-2.0,11,27.504263
0.0,11,27.506027
-2.0,11,27.507323
-1.0,11,27.509014
-2.0,11,27.510838
-1.0,11,27.512554
-1.0,11,27.513857
-3.0,11,27.515578
-3.0,11,27.517217
-1.0,11,27.519018
-4.0,11,27.52032
-1.0,11,27.522136
-1.0,11,27.523835
-1.0,11,27.52569
-1.0,11,27.527141
-2.0,11,27.528909
-2.0,11,27.53062
-2.0,11,27.532257
-1.0,11,27.533618
-2.0,11,27.535269
0.0,11,27.537115
-3.0,11,27.538908
-2.0,11,27.54044
-2.0,11,27.542151
-1.0,11,27.544023
-1.0,11,27.545864
-3.0,11,27.547199
-1.0,11,27.548929
-4.0,11,27.55057
-3.0,11,27.552335
-3.0,11,27.553713
-3.0,11,27.555338
-1.0,11,27.557178
-2.0,11,27.558916
-2.0,11,27.560259
-2.0,11,27.562077
-3.0,11,27.563793
-1.0,11,27.565542
-2.0,11,27.566977
-1.0,11,27.56873
-2.0,11,27.570552
-1.0,11,27.572346
0.0,11,27.573723
-3.0,11,27.575412
-2.0,11,27.577261
-1.0,11,27.57912
-4.0,11,27.580356
-1.0,11,27.582062
-3.0,11,27.583725
-1.0,11,27.585476
-2.0,11,27.586834
-1.0,11,27.588581
-2.0,11,27.590284
-1.0,11,27.592047
-2.0,11,27.593387
-1.0,11,27.595164
-1.0,11,27.596951
-2.0,11,27.598813
-2.0,11,27.600214
-3.0,11,27.601985
-2.0,11,27.603821
-1.0,11,27.605684
-2.0,11,27.607073
-1.0,11,27.608986
-1.0,11,27.610736
-1.0,11,27.612501
0.0,11,27.614008
-1.0,11,27.615917
-1.0,11,27.617792
-1.0,11,27.619736
-2.0,11,27.621153
-2.0,11,27.622986
-1.0,11,27.624706
-1.0,11,27.626528
-1.0,11,27.6279
-3.0,11,27.629582
-1.0,11,27.631315
-2.0,11,27.633062
-1.0,11,27.634479
-1.0,11,27.636327
-1.0,11,27.638056
-2.0,11,27.639803
0.0,11,27.641139
-3.0,11,27.642871
-2.0,11,27.644629
-2.0,11,27.646321
-2.0,11,27.647581
-2.0,11,27.649331
-2.0,11,27.651063
0.0,11,27.652986
-3.0,11,27.654227
-1.0,11,27.656034
-1.0,11,27.657751
-1.0,11,27.659504
-3.0,11,27.660824
-1.0,11,27.662513
-2.0,11,27.664234
-1.0,11,27.666077
-2.0,11,27.667432
-2.0,11,27.669174
-1.0,11,27.670928
0.0,11,27.67256
-2.0,11,27.67385
-3.0,11,27.675654
-2.0,11,27.677423
-1.0,11,27.679132
-1.0,11,27.68053
-1.0,11,27.68228
-2.0,11,27.684085
-1.0,11,27.68593
-3.0,11,27.687245
-1.0,11,27.689059
0.0,11,27.690857
-3.0,11,27.692561
-1.0,11,27.693981
-3.0,11,27.69575
-2.0,11,27.69745
-3.0,11,27.699106
-2.0,11,27.700461
-1.0,11,27.70227
-3.0,11,27.703918
-2.0,11,27.705692
-3.0,11,27.707065
-3.0,11,27.708744
-2.0,11,27.710519
-1.0,11,27.712284
-2.0,11,27.713662
-3.0,11,27.715414
-2.0,11,27.717185
-3.0,11,27.718869
-2.0,11,27.720179
-2.0,11,27.721899
-1.0,11,27.723698
-2.0,11,27.725475
-2.0,11,27.726802
-2.0,11,27.728678
-4.0,11,27.730412
-2.0,11,27.732057
-2.0,11,27.733346
-3.0,11,27.735061
-1.0,11,27.736849
-3.0,11,27.738552
-1.0,11,27.73995
-2.0,11,27.741689
-2.0,11,27.743527
-2.0,11,27.74526
-2.0,11,27.746683
-1.0,11,27.7485
-3.0,11,27.750188
-1.0,11,27.752031
-2.0,11,27.753404
-4.0,11,27.755079
-2.0,11,27.756884
-2.0,11,27.758678
-3.0,11,27.760005
-2.0,11,27.761801
0.0,11,27.76355
-1.0,11,27.765383
-1.0,11,27.766745
0.0,11,27.768458
-1.0,11,27.770195
-2.0,11,27.771908
-2.0,11,27.773301
-1.0,11,27.775203
-1.0,11,27.777012
-1.0,11,27.778879
-3.0,11,27.780336
-2.0,11,27.782233
-1.0,11,27.783998
-2.0,11,27.785952
-1.0,11,27.78737
-1.0,11,27.78914
-1.0,11,27.790951
-2.0,11,27.79274
-2.0,11,27.794219
-1.0,11,27.796019
-1.0,11,27.797829
-1.0,11,27.799615
-3.0,11,27.80102
-1.0,11,27.802726
-3.0,11,27.804517
-1.0,11,27.806277
-1.0,11,27.807645
-1.0,11,27.809472
-1.0,11,27.811297
-3.0,11,27.812935
-1.0,11,27.814361
-4.0,11,27.816015
-1.0,11,27.81777
-2.0,11,27.819605
-2.0,11,27.820998
-3.0,11,27.822694
-2.0,11,27.824449
-2.0,11,27.826295
-2.0,11,27.827678
-1.0,11,27.829512
-1.0,11,27.831371
-2.0,11,27.833095
0.0,11,27.834559
-2.0,11,27.83638
-1.0,11,27.838133
-2.0,11,27.839893
-1.0,11,27.841205
-1.0,11,27.84304
-1.0,11,27.844846
-1.0,11,27.846675
-2.0,11,27.847958
-4.0,11,27.849664
0.0,11,27.851433
-3.0,11,27.853129
-1.0,11,27.85456
0.0,11,27.856387
-2.0,11,27.858122
0.0,11,27.859829
-2.0,11,27.861149
-2.0,11,27.862824
-1.0,11,27.864625
-2.0,11,27.866406
-1.0,11,27.867766
-2.0,11,27.869484
-3.0,11,27.871269
-1.0,11,27.873048
-1.0,11,27.874379
-1.0,11,27.87609
-2.0,11,27.877819
0.0,11,27.879633
-1.0,11,27.880957
-2.0,11,27.882645
-2.0,11,27.884565
-2.0,11,27.886314
-1.0,11,27.887727
-2.0,11,27.889514
-1.0,11,27.891308
-1.0,11,27.892939
-3.0,11,27.894437
-1.0,11,27.896651
-2.0,11,27.898528
-2.0,11,27.900548
-2.0,11,27.902117
-2.0,11,27.903955
-4.0,11,27.905624
-2.0,11,27.907384
-1.0,11,27.908787
-3.0,11,27.910499
-3.0,11,27.912193
0.0,11,27.914024
0.0,11,27.915567
-1.0,11,27.917615
-1.0,11,27.91965
-1.0,11,27.921645
-1.0,11,27.923331
-2.0,11,27.925466
-1.0,11,27.927437
-1.0,11,27.929324
-2.0,11,27.930821
-1.0,11,27.932718
-4.0,11,27.93453
-2.0,11,27.936373
-2.0,11,27.937767
-1.0,11,27.939531
0.0,11,27.941366
-2.0,11,27.943051
-3.0,11,27.94434
-3.0,11,27.946251
-1.0,11,27.94808
-1.0,11,27.949905
-2.0,11,27.951404
-1.0,11,27.953355
-3.0,11,27.955148
-2.0,11,27.957031
-1.0,11,27.958504
-2.0,11,27.960324
-1.0,11,27.962144
-1.0,11,27.963927
-2.0,11,27.965322
-2.0,11,27.967091
-1.0,11,27.968868
-3.0,11,27.970602
-1.0,11,27.972028
-2.0,11,27.97376
-1.0,11,27.975536
-2.0,11,27.977347
-2.0,11,27.978656
-1.0,11,27.980463
-1.0,11,27.982204
-2.0,11,27.98393
-1.0,11,27.98534
-1.0,11,27.987118
0.0,11,27.988954
0.0,11,27.990801
-1.0,11,27.992216
-3.0,11,27.993994
0.0,11,27.995877
-2.0,11,27.997667
-4.0,11,27.998938
-2.0,11,28.000516
-2.0,11,28.002267
-1.0,11,28.004158
-3.0,11,28.005538
-3.0,11,28.007266
-3.0,11,28.009041
-3.0,11,28.010787
-1.0,11,28.012164
-2.0,11,28.013881
-1.0,11,28.015658
-2.0,11,28.017297
-3.0,11,28.018666
-3.0,11,28.020391
-1.0,11,28.022127
0.0,11,28.023942
-1.0,11,28.025278
-2.0,11,28.026999
-3.0,11,28.028628
-3.0,11,28.030356
-1.0,11,28.031775
-2.0,11,28.033557
-2.0,11,28.03529
-2.0,11,28.037071
0.0,11,28.038536
-2.0,11,28.040449
-3.0,11,28.042272
-1.0,11,28.044093
-3.0,11,28.045468
-2.0,11,28.047243
-2.0,11,28.049127
-3.0,11,28.050736
0.0,11,28.052245
-2.0,11,28.05404
-2.0,11,28.055721
-2.0,11,28.05743
-1.0,11,28.058788
-2.0,11,28.060522
-1.0,11,28.062358
-2.0,11,28.064205
-3.0,11,28.065561
0.0,11,28.067329
0.0,11,28.0692
-1.0,11,28.070985
-2.0,11,28.072436
-2.0,11,28.074148
-2.0,11,28.075918
-2.0,11,28.077718
-2.0,11,28.079173
-2.0,11,28.080861
-2.0,11,28.082627
-2.0,11,28.08433
-2.0,11,28.085691
0.0,11,28.087418
-1.0,11,28.089166
-4.0,11,28.090805
-1.0,11,28.092209
-1.0,11,28.093923
-2.0,11,28.09561
-1.0,11,28.097374
-3.0,11,28.098762
-2.0,11,28.100596
-1.0,11,28.102369
-3.0,11,28.104083
0.0,11,28.105468
-2.0,11,28.107323
-2.0,11,28.109078
0.0,11,28.110887
-1.0,11,28.112285
-2.0,11,28.114176
-2.0,11,28.115865
-2.0,11,28.117502
-2.0,11,28.118861
-1.0,11,28.120811
-1.0,11,28.122638
-2.0,11,28.124407
-2.0,11,28.125893
-2.0,11,28.12776
-2.0,11,28.129571
-3.0,11,28.131223
-2.0,11,28.132636
-2.0,11,28.134365
-1.0,11,28.136208
-2.0,11,28.137974
-1.0,11,28.139361
-3.0,11,28.141045
-3.0,11,28.14279
-1.0,11,28.14456
-1.0,11,28.145858
-1.0,11,28.147682
-2.0,11,28.149481
-1.0,11,28.151272
-1.0,11,28.152749
-1.0,11,28.154481
0.0,11,28.156342
-3.0,11,28.1581
0.0,11,28.159573
-3.0,11,28.161449
-1.0,11,28.163225
-1.0,11,28.165015
-1.0,11,28.166418
-2.0,11,28.168117
-2.0,11,28.16986
-2.0,11,28.171667
-2.0,11,28.17303
-1.0,11,28.174799
-2.0,11,28.176536
-2.0,11,28.178219
-3.0,11,28.179431
-3.0,11,28.181068
-1.0,11,28.182841
-1.0,11,28.184631
-3.0,11,28.186002
-2.0,11,28.187761
-2.0,11,28.189524
-1.0,11,28.191269
-1.0,11,28.192588
-1.0,11,28.194369
-1.0,11,28.196184
-1.0,11,28.198022
-1.0,11,28.199382
-1.0,11,28.201145
-1.0,11,28.202918
-2.0,11,28.204694
-3.0,11,28.205888
-2.0,11,28.207649
-1.0,11,28.209413
-1.0,11,28.211282
-1.0,11,28.212628
-3.0,11,28.214307
-2.0,11,28.216113
0.0,11,28.217977
-2.0,11,28.21936
-1.0,11,28.221202
-1.0,11,28.223006
-2.0,11,28.224637
0.0,11,28.22604
-2.0,11,28.227813
-2.0,11,28.229492
-1.0,11,28.231074
-3.0,11,28.232398
-3.0,11,28.234021
-1.0,11,28.235725
-1.0,11,28.237441
-1.0,11,28.238853
-1.0,11,28.240683
-2.0,11,28.242479
-2.0,11,28.244273
-1.0,11,28.245733
-2.0,11,28.247489
-2.0,11,28.249232
-1.0,11,28.250982
0.0,11,28.252356
-1.0,11,28.254134
-1.0,11,28.255916
-2.0,11,28.257597
-1.0,11,28.258984
-1.0,11,28.260819
-1.0,11,28.262636
-2.0,11,28.264439
-2.0,11,28.265794
0.0,11,28.267582
-2.0,11,28.269319
-1.0,11,28.271055
-1.0,11,28.272345
-3.0,11,28.274105
-2.0,11,28.275803
-1.0,11,28.277556
-1.0,11,28.278863
-2.0,11,28.280745
-2.0,11,28.282536
-1.0,11,28.284284
-4.0,11,28.28551
0.0,11,28.287434
0.0,11,28.289326
-1.0,11,28.29115
-2.0,11,28.292516
-1.0,11,28.294292
-3.0,11,28.295931
-2.0,11,28.297725
-4.0,11,28.299175
-2.0,11,28.300955
0.0,11,28.302854
0.0,11,28.304709
-3.0,11,28.306048
-2.0,11,28.307783
-1.0,11,28.309552
-2.0,11,28.311236
-2.0,11,28.312608
-2.0,11,28.314294
0.0,11,28.316178
-2.0,11,28.318026
-2.0,11,28.319385
-1.0,11,28.321248
-2.0,11,28.322945
-2.0,11,28.324671
-1.0,11,28.326138
-1.0,11,28.328009
-2.0,11,28.329717
-3.0,11,28.331483
-1.0,11,28.332949
-2.0,11,28.334713
-1.0,11,28.336566
-1.0,11,28.338445
-2.0,11,28.339673
-2.0,11,28.341514
0.0,11,28.343349
-1.0,11,28.345177
-2.0,11,28.34655
0.0,11,28.348383
-2.0,11,28.350108
-3.0,11,28.351824
-1.0,11,28.353294
-2.0,11,28.355018
0.0,11,28.356789
-2.0,11,28.358609
-1.0,11,28.35999
-3.0,11,28.361683
-3.0,11,28.363361
-2.0,11,28.365128
-1.0,11,28.366446
-2.0,11,28.368211
-1.0,11,28.369992
-3.0,11,28.371627
-1.0,11,28.373073
-2.0,11,28.374793
-1.0,11,28.376554
-2.0,11,28.378342
-2.0,11,28.37967
-2.0,11,28.381462
-2.0,11,28.383282
-3.0,11,28.384899
-1.0,11,28.386333
-2.0,11,28.38809
0.0,11,28.389881
-2.0,11,28.391628
-1.0,11,28.393036
-1.0,11,28.394827
-1.0,11,28.39662
-2.0,11,28.398345
-2.0,11,28.399738
-2.0,11,28.401561
-1.0,11,28.403265
-2.0,11,28.405022
-2.0,11,28.406423
-2.0,11,28.408275
-1.0,11,28.41006
-1.0,11,28.411745
0.0,11,28.413143
-2.0,11,28.414969
-1.0,11,28.416719
0.0,11,28.418465
0.0,11,28.419902
-3.0,11,28.421579
-2.0,11,28.423475
-2.0,11,28.425156
-2.0,11,28.426435
-1.0,11,28.428117
-1.0,11,28.430012
-1.0,11,28.431838
-2.0,11,28.433156
-3.0,11,28.434844
0.0,11,28.436626
-2.0,11,28.43838
-2.0,11,28.43974
-2.0,11,28.441462
0.0,11,28.443185
-2.0,11,28.444962
0.0,11,28.446367
-3.0,11,28.448119
-2.0,11,28.449773
-1.0,11,28.451633
-2.0,11,28.453047
-1.0,11,28.455074
-2.0,11,28.45686
-1.0,11,28.458754
-3.0,11,28.460135
-2.0,11,28.461968
-1.0,11,28.463867
-1.0,11,28.46571
-2.0,11,28.467031
-2.0,11,28.468741
-2.0,11,28.470552
-2.0,11,28.472289
-3.0,11,28.473646
-3.0,11,28.475299
-1.0,11,28.477079
-1.0,11,28.478897
-1.0,11,28.4803
0.0,11,28.48207
-1.0,11,28.483792
-1.0,11,28.485501
0.0,11,28.486801
-1.0,11,28.488591
-1.0,11,28.490402
-1.0,11,28.492181
-3.0,11,28.493665
0.0,11,28.495507
-1.0,11,28.49735
-1.0,11,28.499123
-3.0,11,28.500481
-1.0,11,28.502254
-1.0,11,28.503949
-2.0,11,28.505674
-2.0,11,28.506903
0.0,11,28.508701
-2.0,11,28.510407
0.0,11,28.512269
0.0,11,28.513714
-2.0,11,28.515559
-2.0,11,28.517273
-2.0,11,28.519084
-3.0,11,28.520382
-1.0,11,28.522194
-1.0,11,28.523905
-2.0,11,28.525622
-2.0,11,28.526919
-3.0,11,28.528642
-3.0,11,28.530342
-2.0,11,28.532011
-2.0,11,28.533487
-2.0,11,28.535048
-2.0,11,28.536788
-1.0,11,28.538525
-2.0,11,28.53979
-2.0,11,28.541753
-2.0,11,28.543586
-2.0,11,28.54531
-1.0,11,28.546632
-1.0,11,28.54852
-1.0,11,28.550388
-2.0,11,28.552092
-2.0,11,28.553391
-2.0,11,28.555159
-2.0,11,28.55696
-1.0,11,28.558753
-1.0,11,28.560133
-1.0,11,28.561814
-2.0,11,28.563553
0.0,11,28.565314
-3.0,11,28.566619
-4.0,11,28.568354
-2.0,11,28.570052
-1.0,11,28.571789
0.0,11,28.573249
-2.0,11,28.574962
0.0,11,28.576864
-1.0,11,28.578634
-2.0,11,28.580023
-2.0,11,28.581761
-4.0,11,28.583491
-2.0,11,28.585257
-3.0,11,28.586572
-1.0,11,28.58829
-1.0,11,28.590077
-1.0,11,28.591965
-1.0,11,28.593316
-1.0,11,28.595146
-1.0,11,28.596935
-2.0,11,28.598717
-1.0,11,28.600182
-1.0,11,28.602024
-1.0,11,28.603804
-1.0,11,28.605448
-2.0,11,28.606784
-2.0,11,28.608466
0.0,11,28.610233
-2.0,11,28.612004
-1.0,11,28.613463
-1.0,11,28.615448
-3.0,11,28.617138
-1.0,11,28.618937
-2.0,11,28.620484
-3.0,11,28.622405
-1.0,11,28.624178
0.0,11,28.626032
-1.0,11,28.627495
-2.0,11,28.629268
-1.0,11,28.630985
-2.0,11,28.632751
-1.0,11,28.634113
-2.0,11,28.635947
-1.0,11,28.637698
-1.0,11,28.639573
-1.0,11,28.640974
-2.0,11,28.642735
-1.0,11,28.644551
0.0,11,28.64639
-3.0,11,28.647548
-2.0,11,28.64925
-1.0,11,28.650985
-2.0,11,28.652613
-2.0,11,28.653974
-1.0,11,28.655742
-4.0,11,28.657447
-3.0,11,28.659088
-1.0,11,28.660498
0.0,11,28.66229
-2.0,11,28.664021
-2.0,11,28.665718
-2.0,11,28.667106
-1.0,11,28.668899
-4.0,11,28.670549
-2.0,11,28.672371
-2.0,11,28.673614
-1.0,11,28.675502
0.0,11,28.677343
-3.0,11,28.679086
-3.0,11,28.680417
0.0,11,28.682333
-1.0,11,28.684134
-1.0,11,28.685905
-3.0,11,28.687127
-1.0,11,28.689004
-1.0,11,28.690893
-2.0,11,28.692674
-2.0,11,28.69405
-1.0,11,28.69588
-4.0,11,28.697629
-3.0,11,28.699414
-1.0,11,28.700802
-2.0,11,28.70256
-2.0,11,28.704356
-1.0,11,28.706106
0.0,11,28.707593
-1.0,11,28.709339
-2.0,11,28.711067
-1.0,11,28.712757
-1.0,11,28.714065
0.0,11,28.715907
-1.0,11,28.717682
-3.0,11,28.71944
-1.0,11,28.720926
0.0,11,28.722807
-2.0,11,28.724541
-3.0,11,28.726288
-1.0,11,28.727667
-3.0,11,28.729402
-1.0,11,28.731127
-2.0,11,28.733022
-1.0,11,28.734463
-2.0,11,28.736185
-3.0,11,28.737805
-1.0,11,28.739613
-2.0,11,28.741012
-2.0,11,28.74285
-1.0,11,28.74463
-2.0,11,28.746408
-3.0,11,28.747768
-2.0,11,28.749522
-4.0,11,28.751313
-1.0,11,28.753158
-2.0,11,28.754468
-2.0,11,28.756255
-2.0,11,28.75803
-2.0,11,28.759751
-1.0,11,28.761178
-3.0,11,28.76282
-1.0,11,28.764692
-1.0,11,28.766482
-2.0,11,28.767892
-1.0,11,28.769646
-2.0,11,28.771486
-1.0,11,28.773301
-2.0,11,28.774742
-1.0,11,28.776522
-3.0,11,28.778211
-2.0,11,28.780071
-1.0,11,28.781428
-1.0,11,28.783348
-1.0,11,28.785172
-2.0,11,28.787035
0.0,11,28.788432
-1.0,11,28.790464
-2.0,11,28.792355
-3.0,11,28.79415
-2.0,11,28.795465
-2.0,11,28.797202
-1.0,11,28.79897
-2.0,11,28.800727
-1.0,11,28.802152
-2.0,11,28.803888
-1.0,11,28.805544
-1.0,11,28.80738
-2.0,11,28.808795
-2.0,11,28.810556
-1.0,11,28.812249
-2.0,11,28.814002
-1.0,11,28.815361
-1.0,11,28.817153
-1.0,11,28.818826
-3.0,11,28.820509
-2.0,11,28.82183
-1.0,11,28.823631
-1.0,11,28.825355
-1.0,11,28.82713
-1.0,11,28.828463
-1.0,11,28.830248
-2.0,11,28.831917
-2.0,11,28.833675
-1.0,11,28.835138
-2.0,11,28.836901
-2.0,11,28.838702
0.0,11,28.840583
-2.0,11,28.841979
-4.0,11,28.843643
-1.0,11,28.845447
-1.0,11,28.84721
0.0,11,28.848705
-1.0,11,28.850436
-2.0,11,28.852123
-1.0,11,28.853881
-2.0,11,28.855274
-2.0,11,28.856993
-1.0,11,28.858696
-1.0,11,28.860418
-3.0,11,28.861764
0.0,11,28.863649
-1.0,11,28.865416
0.0,11,28.867135
-2.0,11,28.868477
-1.0,11,28.870289
-1.0,11,28.872074
-2.0,11,28.873834
-3.0,11,28.875034
-1.0,11,28.876793
-2.0,11,28.87852
-3.0,11,28.880201
-2.0,11,28.881561
-1.0,11,28.883392
-2.0,11,28.885072
-2.0,11,28.886826
-2.0,11,28.888143
-2.0,11,28.8899
-2.0,11,28.891694
-2.0,11,28.893369
0.0,11,28.894797
-4.0,11,28.896468
-1.0,11,28.898343
-2.0,11,28.90015
-3.0,11,28.901539
-1.0,11,28.903387
-2.0,11,28.90512
-3.0,11,28.906808
-3.0,11,28.90799
-2.0,11,28.909701
-2.0,11,28.911473
0.0,11,28.913248
-2.0,11,28.914563
-3.0,11,28.916235
-2.0,11,28.917861
-1.0,11,28.919689
-2.0,11,28.921058
-2.0,11,28.922912
-1.0,11,28.924666
0.0,11,28.926405
-2.0,11,28.92773
-1.0,11,28.929429
-3.0,11,28.931151
-3.0,11,28.932905
-2.0,11,28.934303
-1.0,11,28.936148
-1.0,11,28.937967
-1.0,11,28.939782
-1.0,11,28.94113
-3.0,11,28.942853
-1.0,11,28.944672
-2.0,11,28.946367
-4.0,11,28.94772
-2.0,11,28.949629
0.0,11,28.951461
-3.0,11,28.953222
0.0,11,28.95474
-1.0,11,28.956563
-2.0,11,28.958334
-1.0,11,28.96005
-2.0,11,28.961528
-2.0,11,28.96323
0.0,11,28.965064
-2.0,11,28.966816
-2.0,11,28.968324
-2.0,11,28.97015
-2.0,11,28.97192
-2.0,11,28.973653
-2.0,11,28.975077
-1.0,11,28.976943
-2.0,11,28.978768
-3.0,11,28.980552
-1.0,11,28.981965
0.0,11,28.983856
-1.0,11,28.985566
-2.0,11,28.987315
-2.0,11,28.988719
-2.0,11,28.990501
-2.0,11,28.992243
-2.0,11,28.994051
-2.0,11,28.995471
0.0,11,28.997271
-2.0,11,28.999027
-1.0,11,29.000803
-1.0,11,29.002073
-1.0,11,29.003805
-3.0,11,29.005638
-2.0,11,29.007457
-1.0,11,29.008864
-1.0,11,29.010704
-3.0,11,29.012411
-2.0,11,29.014195
-2.0,11,29.015594
-1.0,11,29.017405
-1.0,11,29.019183
-2.0,11,29.020968
-2.0,11,29.022387
-2.0,11,29.024152
-2.0,11,29.025938
-1.0,11,29.02769
-1.0,11,29.029059
-2.0,11,29.030829
-1.0,11,29.032539
-1.0,11,29.034332
-2.0,11,29.035664
-2.0,11,29.037372
-1.0,11,29.039107
-2.0,11,29.040959
-2.0,11,29.042311
-1.0,11,29.044162
-3.0,11,29.045897
0.0,11,29.047705
-1.0,11,29.049203
-1.0,11,29.050919
-1.0,11,29.052729
-2.0,11,29.054433
-1.0,11,29.055848
0.0,11,29.057745
-2.0,11,29.059386
-1.0,11,29.06127
-2.0,11,29.062744
-3.0,11,29.06445
-1.0,11,29.066311
-1.0,11,29.068156
-2.0,11,29.069532
-2.0,11,29.071231
-2.0,11,29.072886
-1.0,11,29.074659
-1.0,11,29.076044
-1.0,11,29.077844
-1.0,11,29.079604
-1.0,11,29.081372
-2.0,11,29.082686
-1.0,11,29.084357
-2.0,11,29.086081
-3.0,11,29.087826
-3.0,11,29.089105
-1.0,11,29.090969
-2.0,11,29.092724
0.0,11,29.094513
-1.0,11,29.0959
-5.0,11,29.097515
-2.0,11,29.099245
-1.0,11,29.101046
-2.0,11,29.102355
-2.0,11,29.104115
0.0,11,29.1058
-1.0,11,29.107547
-3.0,11,29.108867
-2.0,11,29.110649
-1.0,11,29.112412
-3.0,11,29.114109
-3.0,11,29.115389
-1.0,11,29.117263
-2.0,11,29.119042
-2.0,11,29.120794
-1.0,11,29.122179
-1.0,11,29.124138
-2.0,11,29.125906
-2.0,11,29.127669
-3.0,11,29.128971
-2.0,11,29.13073
-2.0,11,29.132469
0.0,11,29.134076
-2.0,11,29.135436
-4.0,11,29.137173
-2.0,11,29.138985
-1.0,11,29.140664
0.0,11,29.142051
-1.0,11,29.143741
-1.0,11,29.145519
-1.0,11,29.147341
-2.0,11,29.148663
-2.0,11,29.150481
-1.0,11,29.152281
0.0,11,29.154119
0.0,11,29.155681
-2.0,11,29.157413
-2.0,11,29.159195
-1.0,11,29.160975
0.0,11,29.162388
-1.0,11,29.164221
-1.0,11,29.165994
-4.0,11,29.167726
-3.0,11,29.169009
-1.0,11,29.170812
0.0,11,29.172588
-1.0,11,29.174409
-1.0,11,29.175801
-2.0,11,29.177595
-1.0,11,29.179434
-1.0,11,29.181219
0.0,11,29.182652
-1.0,11,29.184385
-1.0,11,29.186183
-1.0,11,29.187901
-1.0,11,29.189331
-2.0,11,29.191134
-2.0,11,29.192965
-2.0,11,29.194773
0.0,11,29.196261
-2.0,11,29.198062
-1.0,11,29.19983
-2.0,11,29.201623
-2.0,11,29.202978
-4.0,11,29.204706
-2.0,11,29.206497
-3.0,11,29.208163
-2.0,11,29.2095
-2.0,11,29.21129
-2.0,11,29.21303
-2.0,11,29.214663
-1.0,11,29.216025
-2.0,11,29.217769
-1.0,11,29.219597
-1.0,11,29.22139
-2.0,11,29.222858
0.0,11,29.224658
-1.0,11,29.226316
-2.0,11,29.228099
-1.0,11,29.22946
-1.0,11,29.231271
-2.0,11,29.233021
-1.0,11,29.234687
-2.0,11,29.236094
-1.0,11,29.237813
0.0,11,29.239519
-3.0,11,29.241233
-4.0,11,29.242635
-1.0,11,29.244411
-3.0,11,29.246151
-2.0,11,29.247909
-3.0,11,29.249301
-2.0,11,29.250995
0.0,11,29.252792
-3.0,11,29.254352
-1.0,11,29.255669
-1.0,11,29.257455
-2.0,11,29.259147
-1.0,11,29.261029
-2.0,11,29.262382
-1.0,11,29.264144
-2.0,11,29.26583
-2.0,11,29.267588
-2.0,11,29.268974
-3.0,11,29.270774
-4.0,11,29.272562
-2.0,11,29.274396
-1.0,11,29.275878
-2.0,11,29.277878
-1.0,11,29.279517
-2.0,11,29.281217
-2.0,11,29.282579
-2.0,11,29.28447
-2.0,11,29.286235
-3.0,11,29.288034
-1.0,11,29.289585
-1.0,11,29.291689
-3.0,11,29.29359
-1.0,11,29.295391
-2.0,11,29.296763
-1.0,11,29.298658
-1.0,11,29.300833
-1.0,11,29.302902
-4.0,11,29.30429
-2.0,11,29.306108
-1.0,11,29.307935
0.0,11,29.309767
-2.0,11,29.311115
-1.0,11,29.312751
-2.0,11,29.314508
-3.0,11,29.316333
-2.0,11,29.31779
-1.0,11,29.31954
-1.0,11,29.321398
-3.0,11,29.323171
-1.0,11,29.324534
-2.0,11,29.326226
-2.0,11,29.327993
-1.0,11,29.329786
-3.0,11,29.331156
0.0,11,29.332953
-2.0,11,29.334802
-3.0,11,29.336525
-1.0,11,29.337923
-1.0,11,29.339683
-2.0,11,29.341429
-2.0,11,29.34305
-3.0,11,29.344382
-2.0,11,29.346102
0.0,11,29.347927
-1.0,11,29.349738
-2.0,11,29.351104
-1.0,11,29.352875
-2.0,11,29.354698
-1.0,11,29.356562
-2.0,11,29.357886
-4.0,11,29.359558
-2.0,11,29.361311
0.0,11,29.363076
-1.0,11,29.364473
-3.0,11,29.366131
-2.0,11,29.367893
-3.0,11,29.369736
-2.0,11,29.371188
-2.0,11,29.372913
-1.0,11,29.374764
-2.0,11,29.376547
-1.0,11,29.377953
-1.0,11,29.379728
-1.0,11,29.381504
-1.0,11,29.383273
-2.0,11,29.384599
-1.0,11,29.386382
-1.0,11,29.388251
0.0,11,29.390043
-2.0,11,29.391456
-3.0,11,29.393189
-3.0,11,29.394857
-1.0,11,29.39665
-3.0,11,29.397981
-3.0,11,29.399711
-3.0,11,29.401418
-2.0,11,29.403147
-1.0,11,29.404505
-1.0,11,29.406312
-1.0,11,29.408023
0.0,11,29.409848
-2.0,11,29.411147
-2.0,11,29.412921
-2.0,11,29.414664
-1.0,11,29.416462
-2.0,11,29.417764
-3.0,11,29.41946
-1.0,11,29.421497
-2.0,11,29.423205
-1.0,11,29.424554
-4.0,11,29.426232
-2.0,11,29.427943
-2.0,11,29.429646
-2.0,11,29.431043
-2.0,11,29.432846
-2.0,11,29.434552
-2.0,11,29.436157
-2.0,11,29.437594
0.0,11,29.439421
-2.0,11,29.441176
-1.0,11,29.442877
-1.0,11,29.444283
0.0,11,29.446112
-1.0,11,29.447933
-1.0,11,29.449674
-2.0,11,29.451007
-1.0,11,29.452923
-1.0,11,29.454654
0.0,11,29.456385
-2.0,11,29.457754
-1.0,11,29.459848
-2.0,11,29.461697
0.0,11,29.463596
-3.0,11,29.46499
-2.0,11,29.466662
-1.0,11,29.468607
-2.0,11,29.470402
-3.0,11,29.471822
-4.0,11,29.473607
-2.0,11,29.475389
-1.0,11,29.477242
0.0,11,29.478721
-3.0,11,29.480398
-4.0,11,29.482136
-1.0,11,29.483862
-2.0,11,29.48538
-2.0,11,29.487138
-2.0,11,29.488911
-1.0,11,29.490698
-1.0,11,29.492094
-2.0,11,29.493891
-1.0,11,29.495645
-2.0,11,29.497474
-1.0,11,29.498974
-2.0,11,29.500731
-4.0,11,29.502375
-1.0,11,29.50419
-2.0,11,29.505514
-2.0,11,29.507309
-2.0,11,29.509109
-1.0,11,29.51099
-2.0,11,29.512393
-2.0,11,29.514205
-1.0,11,29.516011
0.0,11,29.517774
0.0,11,29.519195
-1.0,11,29.521036
-1.0,11,29.52272
-2.0,11,29.524485
-1.0,11,29.526033
-1.0,11,29.527839
-2.0,11,29.529594
-2.0,11,29.531375
-1.0,11,29.532762
-1.0,11,29.534396
-2.0,11,29.536077
-1.0,11,29.537866
-2.0,11,29.53927
-1.0,11,29.541364
0.0,11,29.543257
-2.0,11,29.544998
-2.0,11,29.546329
-2.0,11,29.548055
-1.0,11,29.549888
-1.0,11,29.551735
-2.0,11,29.552966
-1.0,11,29.554785
-2.0,11,29.556514
0.0,11,29.558356
0.0,11,29.559818
0.0,11,29.561704
-1.0,11,29.563484
-1.0,11,29.565208
-3.0,11,29.56656
-1.0,11,29.56836
-3.0,11,29.570071
-3.0,11,29.571756
-1.0,11,29.573128
-2.0,11,29.574969
-1.0,11,29.576734
-2.0,11,29.578477
-2.0,11,29.579804
-1.0,11,29.581575
-3.0,11,29.58337
0.0,11,29.585043
-1.0,11,29.586523
0.0,11,29.588282
-3.0,11,29.590029
-2.0,11,29.591841
-2.0,11,29.593245
-2.0,11,29.595082
-2.0,11,29.596761
-1.0,11,29.598562
-3.0,11,29.599818
-1.0,11,29.601601
0.0,11,29.60344
-1.0,11,29.605259
-2.0,11,29.606648
-3.0,11,29.608309
-2.0,11,29.61014
-2.0,11,29.611958
-3.0,11,29.613289
-2.0,11,29.615017
0.0,11,29.616748
-1.0,11,29.618605
-1.0,11,29.620014
-2.0,11,29.62189
-2.0,11,29.623607
-1.0,11,29.625399
-2.0,11,29.626773
-3.0,11,29.628589
-2.0,11,29.630502
-2.0,11,29.632252
-1.0,11,29.633745
-1.0,11,29.635497
-1.0,11,29.637468
-2.0,11,29.639326
-1.0,11,29.640731
-1.0,11,29.642573
-3.0,11,29.644269
-1.0,11,29.646103
-3.0,11,29.647445
0.0,11,29.649254
-1.0,11,29.651053
-1.0,11,29.652762
0.0,11,29.654224
-1.0,11,29.656054
-1.0,11,29.657869
-2.0,11,29.659861
-3.0,11,29.661181
-2.0,11,29.663067
-4.0,11,29.664718
0.0,11,29.666669
-2.0,11,29.668112
-2.0,11,29.669851
0.0,11,29.671755
-2.0,11,29.673529
-2.0,11,29.674862
-1.0,11,29.676737
-1.0,11,29.678698
-1.0,11,29.680501
-2.0,11,29.681878
-2.0,11,29.68367
-4.0,11,29.685474
0.0,11,29.687446
-2.0,11,29.688845
-2.0,11,29.690677
-1.0,11,29.692599
-2.0,11,29.694411
0.0,11,29.695938
0.0,11,29.697826
-2.0,11,29.699517
-1.0,11,29.701285
-1.0,11,29.702614
-2.0,11,29.704508
-2.0,11,29.706344
-1.0,11,29.708255
-1.0,11,29.709602
-2.0,11,29.711345
-1.0,11,29.713327
-1.0,11,29.715317
0.0,11,29.716631
-1.0,11,29.718507
-1.0,11,29.720365
-4.0,11,29.72227
-2.0,11,29.723573
-2.0,11,29.725438
-1.0,11,29.727212
-4.0,11,29.728858
-3.0,11,29.730157
-3.0,11,29.731903
-2.0,11,29.73352
0.0,11,29.735239
-1.0,11,29.736608
-3.0,11,29.738422
-1.0,11,29.740131
-1.0,11,29.74197
-2.0,11,29.74325
-1.0,11,29.74514
0.0,11,29.746951
-1.0,11,29.748735
-1.0,11,29.750146
-1.0,11,29.751922
-2.0,11,29.753648
0.0,11,29.755434
-1.0,11,29.756867
-2.0,11,29.758614
-2.0,11,29.760432
-2.0,11,29.762124
-3.0,11,29.7635
-1.0,11,29.765221
0.0,11,29.76709
-1.0,11,29.768868
-1.0,11,29.770161
-1.0,11,29.771895
0.0,11,29.773689
-2.0,11,29.775488
-3.0,11,29.776741
-3.0,11,29.778507
-1.0,11,29.780263
0.0,11,29.782148
-2.0,11,29.783549
-2.0,11,29.78538
-3.0,11,29.78716
-2.0,11,29.788883
-2.0,11,29.790277
-1.0,11,29.792116
-1.0,11,29.793895
-2.0,11,29.795712
-2.0,11,29.797273
-1.0,11,29.799203
-2.0,11,29.800821
0.0,11,29.802742
-4.0,11,29.80406
-2.0,11,29.805886
-1.0,11,29.807659
-2.0,11,29.80944
-2.0,11,29.810832
-1.0,11,29.812555
-1.0,11,29.814407
-3.0,11,29.816148
-1.0,11,29.817549
-1.0,11,29.819328
-1.0,11,29.821206
0.0,11,29.823143
0.0,11,29.824645
-1.0,11,29.826486
-1.0,11,29.828396
-2.0,11,29.830175
-1.0,11,29.831559
-2.0,11,29.833289
-2.0,11,29.835148
-1.0,11,29.837015
-2.0,11,29.838452
-2.0,11,29.840257
-1.0,11,29.842098
-1.0,11,29.843947
-1.0,11,29.845375
-1.0,11,29.847215
-2.0,11,29.848938
-2.0,11,29.850671
-2.0,11,29.852037
0.0,11,29.853957
-2.0,11,29.855871
-1.0,11,29.857686
-1.0,11,29.859092
-1.0,11,29.860932
0.0,11,29.862782
-2.0,11,29.864546
-2.0,11,29.865937
-1.0,11,29.867816
0.0,11,29.869679
-2.0,11,29.871322
-2.0,11,29.87268
-2.0,11,29.874522
0.0,11,29.876374
-2.0,11,29.87825
-2.0,11,29.879622
-1.0,11,29.88135
-2.0,11,29.883173
-1.0,11,29.884948
-2.0,11,29.886274
-1.0,11,29.888224
-2.0,11,29.889925
-1.0,11,29.891694
-1.0,11,29.893052
-1.0,11,29.894913
-2.0,11,29.896685
-2.0,11,29.89839
-1.0,11,29.899713
-2.0,11,29.901501
0.0,11,29.903311
-2.0,11,29.905108
-2.0,11,29.90648
0.0,11,29.908386
-2.0,11,29.910162
-3.0,11,29.911925
-1.0,11,29.913323
-1.0,11,29.915209
-3.0,11,29.916926
-1.0,11,29.918763
-1.0,11,29.920171
-2.0,11,29.921981
-1.0,11,29.923813
-1.0,11,29.925547
0.0,11,29.927125
-2.0,11,29.928885
-2.0,11,29.930606
-2.0,11,29.932407
-2.0,11,29.93365
-1.0,11,29.935375
-2.0,11,29.937137
-2.0,11,29.938867
-1.0,11,29.940305
-2.0,11,29.942125
-2.0,11,29.943946
-2.0,11,29.94566
-1.0,11,29.947123
-4.0,11,29.948837
-1.0,11,29.950704
-1.0,11,29.952493
-1.0,11,29.954
-3.0,11,29.955721
-3.0,11,29.957422
-2.0,11,29.959176
-3.0,11,29.960501
-1.0,11,29.962441
0.0,11,29.964237
-1.0,11,29.966078
0.0,11,29.967627
-2.0,11,29.969662
-2.0,11,29.971475
-2.0,11,29.973348
-1.0,11,29.974808
-2.0,11,29.976675
0.0,11,29.978597
-1.0,11,29.980396
-1.0,11,29.981844
-2.0,11,29.983518
0.0,11,29.985389
-1.0,11,29.987204
-3.0,11,29.988574
-2.0,11,29.99025
0.0,11,29.992034
-1.0,11,29.993827
-3.0,11,29.995153
-2.0,11,29.996952
0.0,11,29.998765
-3.0,11,30.000559
-2.0,11,30.001856
0.0,11,30.003667
-3.0,11,30.005447
-4.0,11,30.007086
-1.0,11,30.008346
-2.0,11,30.010278
-2.0,11,30.01214
-2.0,11,30.013947
-2.0,11,30.015219
-1.0,11,30.017019
-1.0,11,30.01899
0.0,11,30.020917
-1.0,11,30.022423
-2.0,11,30.024386
-1.0,11,30.026588
-1.0,11,30.028653
-1.0,11,30.030101
-2.0,11,30.031981
-2.0,11,30.033853
-4.0,11,30.035541
-2.0,11,30.036982
-4.0,11,30.039049
-2.0,11,30.041279
-1.0,11,30.043429
-1.0,11,30.044914
-1.0,11,30.047041
-1.0,11,30.049026
-2.0,11,30.051095
-2.0,11,30.052543
-3.0,11,30.054403
0.0,11,30.056482
-1.0,11,30.058347
-1.0,11,30.059869
-1.0,11,30.061798
-2.0,11,30.063633
-1.0,11,30.065523
-2.0,11,30.066888
-2.0,11,30.068718
-1.0,11,30.0706
-3.0,11,30.072406
-3.0,11,30.073829
-2.0,11,30.075633
-1.0,11,30.077464
-1.0,11,30.079276
-3.0,11,30.080646
-1.0,11,30.082482
-1.0,11,30.08424
-1.0,11,30.086035
-2.0,11,30.087489
-3.0,11,30.08923
-2.0,11,30.090963
-2.0,11,30.09273
-1.0,11,30.094196
-1.0,11,30.09593
-2.0,11,30.097673
-1.0,11,30.099427
-2.0,11,30.10076
-1.0,11,30.102494
-3.0,11,30.104261
-3.0,11,30.10593
-1.0,11,30.107389
-2.0,11,30.109223
-3.0,11,30.110995
-1.0,11,30.112896
-1.0,11,30.11424
-1.0,11,30.115969
-1.0,11,30.117691
-2.0,11,30.119504
-2.0,11,30.120839
0.0,11,30.12271
-1.0,11,30.124567
-2.0,11,30.126332
-2.0,11,30.127699
-3.0,11,30.129479
-2.0,11,30.131244
-2.0,11,30.133049
-3.0,11,30.134369
-3.0,11,30.136228
0.0,11,30.137915
0.0,11,30.139653
-1.0,11,30.141069
-1.0,11,30.143271
-2.0,11,30.145167
-1.0,11,30.147003
-1.0,11,30.148387
0.0,11,30.150313
-1.0,11,30.152068
-2.0,11,30.153821
-2.0,11,30.15531
-1.0,11,30.157198
-1.0,11,30.159029
-1.0,11,30.16081
0.0,11,30.162181
-3.0,11,30.16391
-1.0,11,30.165788
-2.0,11,30.167621
-1.0,11,30.169067
-1.0,11,30.170902
-3.0,11,30.172764
-1.0,11,30.174645
-1.0,11,30.176044
-1.0,11,30.177897
-1.0,11,30.17972
-3.0,11,30.181423
-2.0,11,30.182843
-3.0,11,30.184557
-1.0,11,30.18638
0.0,11,30.188165
-2.0,11,30.189532
-1.0,11,30.19124
-2.0,11,30.193113
0.0,11,30.194828
-1.0,11,30.196238
0.0,11,30.198098
0.0,11,30.199865
-2.0,11,30.201614
-3.0,11,30.202957
-3.0,11,30.204707
-1.0,11,30.206665
-1.0,11,30.208593
-2.0,11,30.210009
-2.0,11,30.211843
0.0,11,30.213585
-1.0,11,30.215385
0.0,11,30.216789
-2.0,11,30.218556
-2.0,11,30.220373
-1.0,11,30.222181
-2.0,11,30.223513
0.0,11,30.225393
-2.0,11,30.227218
-2.0,11,30.22897
-1.0,11,30.230421
-3.0,11,30.232147
-2.0,11,30.233884
-2.0,11,30.235697
-2.0,11,30.237063
-2.0,11,30.238832
-2.0,11,30.240672
-3.0,11,30.242445
0.0,11,30.243775
-1.0,11,30.245624
-1.0,11,30.247438
0.0,11,30.249319
-1.0,11,30.250675
-1.0,11,30.252485
-2.0,11,30.25418
-3.0,11,30.255911
-1.0,11,30.257276
-2.0,11,30.259109
0.0,11,30.260982
0.0,11,30.262714
0.0,11,30.264105
-1.0,11,30.265887
-1.0,11,30.2677
-1.0,11,30.269488
-2.0,11,30.27084
-4.0,11,30.272592
-2.0,11,30.27437
-1.0,11,30.276187
-3.0,11,30.277511
-1.0,11,30.279335
-3.0,11,30.281061
-4.0,11,30.282849
-3.0,11,30.284137
-2.0,11,30.285818
0.0,11,30.287773
-2.0,11,30.289557
-2.0,11,30.290994
-2.0,11,30.292852
-2.0,11,30.294595
-1.0,11,30.296423
0.0,11,30.297884
-1.0,11,30.299894
-2.0,11,30.301645
-2.0,11,30.303425
-3.0,11,30.304846
-1.0,11,30.3068
-1.0,11,30.308693
-2.0,11,30.310477
-4.0,11,30.31178
-1.0,11,30.313709
-2.0,11,30.315562
-1.0,11,30.317531
-2.0,11,30.318946
-1.0,11,30.320766
-2.0,11,30.322528
-3.0,11,30.324323
-1.0,11,30.325714
-2.0,11,30.327533
-2.0,11,30.32928
-1.0,11,30.33102
-1.0,11,30.332716
-1.0,11,30.334619
-1.0,11,30.336402
0.0,11,30.338306
-2.0,11,30.339676
0.0,11,30.34202
-4.0,11,30.343924
-2.0,11,30.345873
-2.0,11,30.347252
-1.0,11,30.3492
0.0,11,30.351052
-1.0,11,30.352723
-2.0,11,30.354127
-2.0,11,30.355744
-2.0,11,30.357634
-3.0,11,30.359344
-3.0,11,30.360765
0.0,11,30.362739
-1.0,11,30.36454
-2.0,11,30.366513
-4.0,11,30.367921
-2.0,11,30.369731
-3.0,11,30.371473
-1.0,11,30.373193
-1.0,11,30.37497
-1.0,11,30.376963
-1.0,11,30.378696
0.0,11,30.380462
0.0,11,30.382081
-1.0,11,30.383937
-3.0,11,30.385729
0.0,11,30.387548
-1.0,11,30.388924
-1.0,11,30.39071
-1.0,11,30.392505
-3.0,11,30.394325
-2.0,11,30.395786
-1.0,11,30.397588
-1.0,11,30.399438
-1.0,11,30.401303
-3.0,11,30.40263
-1.0,11,30.404572
-3.0,11,30.406379
0.0,11,30.408179
0.0,11,30.409499
-2.0,11,30.411236
-1.0,11,30.413265
-2.0,11,30.415031
-1.0,11,30.416465
-1.0,11,30.418326
-2.0,11,30.420116
-1.0,11,30.421995
-3.0,11,30.423436
-1.0,11,30.425291
-1.0,11,30.427166
-2.0,11,30.42903
0.0,11,30.43048
-1.0,11,30.432308
-1.0,11,30.434277
0.0,11,30.43604
-1.0,11,30.437447
-3.0,11,30.439213
-2.0,11,30.440988
-1.0,11,30.442838
-3.0,11,30.444195
-1.0,11,30.445841
-2.0,11,30.44753
-2.0,11,30.449305
-1.0,11,30.450734
-2.0,11,30.452497
-1.0,11,30.454343
-1.0,11,30.456118
-1.0,11,30.457496
0.0,11,30.459315
-2.0,11,30.461137
-1.0,11,30.462992
-2.0,11,30.464353
-4.0,11,30.466091
-1.0,11,30.467841
-1.0,11,30.469632
-2.0,11,30.47108
-3.0,11,30.472809
-2.0,11,30.474605
-2.0,11,30.476287
-1.0,11,30.477725
-1.0,11,30.479724
-3.0,11,30.481451
-2.0,11,30.483242
-1.0,11,30.484651
-1.0,11,30.486616
-1.0,11,30.488395
-1.0,11,30.490236
-2.0,11,30.491564
-2.0,11,30.493415
-2.0,11,30.495243
0.0,11,30.49703
-3.0,11,30.498291
-3.0,11,30.49997
-2.0,11,30.501849
-3.0,11,30.503597
-1.0,11,30.505006
-1.0,11,30.506769
-2.0,11,30.508544
-1.0,11,30.510311
-2.0,11,30.511624
-2.0,11,30.513453
-1.0,11,30.515283
-1.0,11,30.517108
-2.0,11,30.518504
-2.0,11,30.520253
-2.0,11,30.522091
-1.0,11,30.523853
-2.0,11,30.525275
-2.0,11,30.526943
-2.0,11,30.528652
-1.0,11,30.530434
-2.0,11,30.531752
-2.0,11,30.533571
-2.0,11,30.535306
-1.0,11,30.537065
-1.0,11,30.538505
-1.0,11,30.540377
-2.0,11,30.542186
-1.0,11,30.543985
-3.0,11,30.545328
-1.0,11,30.54721
-1.0,11,30.54898
-2.0,11,30.550736
-2.0,11,30.552081
-1.0,11,30.553814
0.0,11,30.555706
-3.0,11,30.557476
-3.0,11,30.558767
-1.0,11,30.560529
-2.0,11,30.562311
-1.0,11,30.564038
-2.0,11,30.565407
-3.0,11,30.567104
-2.0,11,30.568853
-1.0,11,30.570694
-2.0,11,30.572139
-1.0,11,30.573873
-4.0,11,30.575599
-2.0,11,30.577317
-2.0,11,30.57883
-2.0,11,30.580536
-1.0,11,30.582339
0.0,11,30.584098
-1.0,11,30.585537
-1.0,11,30.587351
0.0,11,30.589153
-1.0,11,30.590933
-1.0,11,30.592368
-2.0,11,30.5942
-1.0,11,30.596011
-1.0,11,30.597812
-1.0,11,30.599242
-1.0,11,30.601027
-1.0,11,30.60283
-2.0,11,30.604613
-4.0,11,30.605948
-1.0,11,30.607769
-2.0,11,30.609518
-3.0,11,30.611205
-3.0,11,30.612546
-2.0,11,30.614345
0.0,11,30.616138
0.0,11,30.617979
-1.0,11,30.61931
-2.0,11,30.621064
-1.0,11,30.622848
-1.0,11,30.624661
-4.0,11,30.626021
-1.0,11,30.627896
-1.0,11,30.629645
-2.0,11,30.631454
-1.0,11,30.632854
-2.0,11,30.634692
-1.0,11,30.636474
0.0,11,30.638332
-3.0,11,30.639621
-2.0,11,30.641461
-2.0,11,30.64327
-2.0,11,30.645008
0.0,11,30.646401
-1.0,11,30.648262
-1.0,11,30.650056
0.0,11,30.651786
-3.0,11,30.65316
-1.0,11,30.655224
-1.0,11,30.657158
-1.0,11,30.658969
-3.0,11,30.66039
-1.0,11,30.662138
-1.0,11,30.663904
0.0,11,30.665773
-2.0,11,30.667158
0.0,11,30.668865
-2.0,11,30.670598
-1.0,11,30.672362
-2.0,11,30.673845
-1.0,11,30.67572
-1.0,11,30.677484
0.0,11,30.679303
-2.0,11,30.680781
-2.0,11,30.682508
-2.0,11,30.68435
-2.0,11,30.686106
-1.0,11,30.687475
-1.0,11,30.68923
-2.0,11,30.690909
-1.0,11,30.692789
-2.0,11,30.694257
-2.0,11,30.696105
-1.0,11,30.697938
-1.0,11,30.699661
-3.0,11,30.700953
-1.0,11,30.702805
-1.0,11,30.704536
-1.0,11,30.706378
-2.0,11,30.707627
-1.0,11,30.709401
-1.0,11,30.711219
-3.0,11,30.712949
-1.0,11,30.714357
-1.0,11,30.716118
-3.0,11,30.717794
-1.0,11,30.719585
-2.0,11,30.721029
-2.0,11,30.722805
-1.0,11,30.724568
-2.0,11,30.726319
-1.0,11,30.727701
-1.0,11,30.729457
-2.0,11,30.731216
-1.0,11,30.733042
-3.0,11,30.73436
-3.0,11,30.736115
-3.0,11,30.737756
-2.0,11,30.739456
-1.0,11,30.740851
-2.0,11,30.742648
-1.0,11,30.744464
-1.0,11,30.746187
-2.0,11,30.74748
-2.0,11,30.749235
-1.0,11,30.751079
-1.0,11,30.752927
-2.0,11,30.75425
-1.0,11,30.755952
-1.0,11,30.757646
-1.0,11,30.759431
-1.0,11,30.760897
-1.0,11,30.76272
-2.0,11,30.764524
-1.0,11,30.766355
-1.0,11,30.767787
-3.0,11,30.769426
-2.0,11,30.771292
-2.0,11,30.773029
-1.0,11,30.774459
-1.0,11,30.776314
-1.0,11,30.778027
-1.0,11,30.779859
-1.0,11,30.781259
-2.0,11,30.783048
-1.0,11,30.784797
-1.0,11,30.786595
-2.0,11,30.787965
-1.0,11,30.789818
-2.0,11,30.791481
-2.0,11,30.793254
-2.0,11,30.794589
-1.0,11,30.796374
-2.0,11,30.798208
-1.0,11,30.800003
-3.0,11,30.801364
-3.0,11,30.803162
-3.0,11,30.804904
-1.0,11,30.806764
-2.0,11,30.808013
-1.0,11,30.80961
-1.0,11,30.811389
-1.0,11,30.813167
-2.0,11,30.814583
0.0,11,30.816602
-3.0,11,30.818405
0.0,11,30.820165
-1.0,11,30.821685
-1.0,11,30.823756
-1.0,11,30.825702
-3.0,11,30.827496
-2.0,11,30.828836
-2.0,11,30.830621
-3.0,11,30.832478
0.0,11,30.834233
-2.0,11,30.835656
0.0,11,30.837551
-3.0,11,30.83935
0.0,11,30.841324
-2.0,11,30.84262
-2.0,11,30.844412
-3.0,11,30.846172
-2.0,11,30.848013
-3.0,11,30.849407
-1.0,11,30.851181
-2.0,11,30.853031
0.0,11,30.854955
-1.0,11,30.856382
-3.0,11,30.858164
-1.0,11,30.859859
-2.0,11,30.86165
-1.0,11,30.863007
-1.0,11,30.864755
-1.0,11,30.866446
-2.0,11,30.868222
-1.0,11,30.869662
-1.0,11,30.871506
-2.0,11,30.873444
-2.0,11,30.875218
-2.0,11,30.876584
-2.0,11,30.878424
-1.0,11,30.880285
0.0,11,30.882162
-3.0,11,30.883471
-1.0,11,30.885233
-1.0,11,30.887102
-2.0,11,30.888983
-2.0,11,30.890412
-3.0,11,30.89216
0.0,11,30.893953
-2.0,11,30.895705
-1.0,11,30.897094
0.0,11,30.898947
-2.0,11,30.900659
-4.0,11,30.90238
-2.0,11,30.903816
-2.0,11,30.90557
-1.0,11,30.907445
-1.0,11,30.909258
-2.0,11,30.910625
-1.0,11,30.912501
-1.0,11,30.914225
-3.0,11,30.916045
-2.0,11,30.917425
-2.0,11,30.919189
0.0,11,30.920952
-1.0,11,30.922748
-1.0,11,30.924149
-3.0,11,30.92575
-1.0,11,30.927498
-2.0,11,30.929242
-1.0,11,30.930682
-3.0,11,30.932377
-1.0,11,30.934143
-2.0,11,30.935933
-1.0,11,30.937351
-2.0,11,30.939237
-2.0,11,30.941021
-1.0,11,30.942707
-2.0,11,30.943999
-2.0,11,30.94582
0.0,11,30.947561
-1.0,11,30.94935
-1.0,11,30.950823
0.0,11,30.952695
-2.0,11,30.954457
-2.0,11,30.956164
-2.0,11,30.957517
-1.0,11,30.959384
-1.0,11,30.961219
-2.0,11,30.963041
-3.0,11,30.964405
-2.0,11,30.966171
-1.0,11,30.96799
-2.0,11,30.970022
-1.0,11,30.971529
-3.0,11,30.973137
0.0,11,30.974939
-2.0,11,30.976642
0.0,11,30.978007
-2.0,11,30.979801
-1.0,11,30.981618
-2.0,11,30.98342
-2.0,11,30.984773
0.0,11,30.9867
-1.0,11,30.988493
-1.0,11,30.990304
-2.0,11,30.991716
-1.0,11,30.993914
-2.0,11,30.99592
-1.0,11,30.997814
-3.0,11,30.999256
-2.0,11,31.000998
-1.0,11,31.002795
-2.0,11,31.004507
-1.0,11,31.005916
-1.0,11,31.007717
-1.0,11,31.009505
-1.0,11,31.011318
-1.0,11,31.012648
-1.0,11,31.014401
-1.0,11,31.016273
0.0,11,31.017987
0.0,11,31.019346
0.0,11,31.021179
-2.0,11,31.022912
-1.0,11,31.024607
-2.0,11,31.02598
-3.0,11,31.027784
-1.0,11,31.029554
0.0,11,31.031395
-3.0,11,31.032784
-1.0,11,31.034562
-2.0,11,31.036355
-1.0,11,31.038175
-1.0,11,31.039649
-1.0,11,31.041589
-1.0,11,31.043581
-2.0,11,31.045352
-2.0,11,31.046721
-2.0,11,31.048554
-2.0,11,31.05037
-3.0,11,31.052086
0.0,11,31.05355
-2.0,11,31.055308
-1.0,11,31.057116
-1.0,11,31.058972
-1.0,11,31.060381
-2.0,11,31.062172
-3.0,11,31.063861
-1.0,11,31.065562
-3.0,11,31.067013
-2.0,11,31.068777
-1.0,11,31.070519
-1.0,11,31.072245
-1.0,11,31.073698
-2.0,11,31.07546
-3.0,11,31.077204
0.0,11,31.078947
-3.0,11,31.080248
-2.0,11,31.082102
-2.0,11,31.083935
0.0,11,31.085823
-2.0,11,31.087146
0.0,11,31.088992
-2.0,11,31.090671
-1.0,11,31.092518
-1.0,11,31.093931
-1.0,11,31.095771
-1.0,11,31.097537
-3.0,11,31.099297
-2.0,11,31.100716
-1.0,11,31.102572
-3.0,11,31.104256
0.0,11,31.106129
-1.0,11,31.107439
-3.0,11,31.109234
0.0,11,31.111021
-2.0,11,31.112791
-2.0,11,31.114031
-1.0,11,31.115799
-1.0,11,31.117645
-2.0,11,31.119409
0.0,11,31.120803
-2.0,11,31.122556
-1.0,11,31.124364
-2.0,11,31.126182
-1.0,11,31.127586
-2.0,11,31.129457
-1.0,11,31.131255
0.0,11,31.133103
0.0,11,31.13454
-1.0,11,31.136313
-2.0,11,31.138068
-1.0,11,31.13986
0.0,11,31.141264
-2.0,11,31.143077
-1.0,11,31.144894
-2.0,11,31.146637
-2.0,11,31.147899
-1.0,11,31.149775
-1.0,11,31.151584
-4.0,11,31.153264
-1.0,11,31.154714
-1.0,11,31.156673
-1.0,11,31.158515
-1.0,11,31.160326
-2.0,11,31.161727
-2.0,11,31.163628
-2.0,11,31.165468
-2.0,11,31.167205
-2.0,11,31.168634
-1.0,11,31.170535
-1.0,11,31.172336
-1.0,11,31.174192
-2.0,11,31.175558
-1.0,11,31.177466
-1.0,11,31.179327
-1.0,11,31.181094
-2.0,11,31.182495
-1.0,11,31.184324
-3.0,11,31.18606
-3.0,11,31.18783
-2.0,11,31.189153
-2.0,11,31.190946
-1.0,11,31.192856
-2.0,11,31.194604
-1.0,11,31.195929
0.0,11,31.197835
-1.0,11,31.199655
-1.0,11,31.20143
-3.0,11,31.202734
-2.0,11,31.20446
-3.0,11,31.206156
-2.0,11,31.207971
-1.0,11,31.209363
-2.0,11,31.211109
0.0,11,31.212991
-2.0,11,31.214781
-1.0,11,31.216121
-1.0,11,31.217914
-2.0,11,31.219747
-1.0,11,31.221647
-1.0,11,31.223042
-1.0,11,31.22477
-1.0,11,31.226584
-2.0,11,31.228318
-3.0,11,31.229722
-1.0,11,31.231479
-2.0,11,31.233204
-3.0,11,31.234923
0.0,11,31.236388
-2.0,11,31.238202
-3.0,11,31.239966
-3.0,11,31.24161
-2.0,11,31.243018
-2.0,11,31.244778
-2.0,11,31.246623
-1.0,11,31.248389
0.0,11,31.249788
-1.0,11,31.251543
-1.0,11,31.253334
0.0,11,31.255244
-2.0,11,31.256639
-2.0,11,31.258352
-1.0,11,31.260174
-1.0,11,31.26203
-2.0,11,31.263344
-3.0,11,31.265042
-2.0,11,31.266845
-3.0,11,31.268586
-1.0,11,31.270039
-1.0,11,31.271725
-2.0,11,31.273576
0.0,11,31.27536
-2.0,11,31.276644
-1.0,11,31.27848
-3.0,11,31.280137
-1.0,11,31.281848
-2.0,11,31.283182
-1.0,11,31.284995
-1.0,11,31.28684
-2.0,11,31.288564
-2.0,11,31.290027
-1.0,11,31.29174
-2.0,11,31.29349
-1.0,11,31.295324
-1.0,11,31.296654
0.0,11,31.298454
-2.0,11,31.300145
-1.0,11,31.301941
-1.0,11,31.303299
-2.0,11,31.305013
-1.0,11,31.306766
-2.0,11,31.308524
0.0,11,31.309986
-1.0,11,31.311721
-2.0,11,31.31343
-1.0,11,31.315285
-2.0,11,31.316706
-1.0,11,31.318472
-2.0,11,31.320246
-1.0,11,31.321999
0.0,11,31.323441
-2.0,11,31.325367
-2.0,11,31.32709
-1.0,11,31.328816
-3.0,11,31.33024
0.0,11,31.332155
-2.0,11,31.33406
-1.0,11,31.335895
0.0,11,31.337353
-1.0,11,31.339206
-1.0,11,31.340968
-2.0,11,31.342831
-2.0,11,31.344147
-1.0,11,31.345934
-2.0,11,31.347652
0.0,11,31.349446
-2.0,11,31.350889
-3.0,11,31.352463
-3.0,11,31.354131
-1.0,11,31.355842
-2.0,11,31.357217
-3.0,11,31.359025
-1.0,11,31.360884
-1.0,11,31.362635
-3.0,11,31.363964
-1.0,11,31.365735
-2.0,11,31.367502
-2.0,11,31.369318
0.0,11,31.370764
-2.0,11,31.372562
-2.0,11,31.374337
-1.0,11,31.376198
-1.0,11,31.377597
-2.0,11,31.379244
-1.0,11,31.381018
-1.0,11,31.382833
0.0,11,31.384225
-2.0,11,31.386021
-1.0,11,31.387734
-1.0,11,31.389589
-1.0,11,31.391021
-1.0,11,31.392873
-2.0,11,31.394506
0.0,11,31.396362
-2.0,11,31.397744
-1.0,11,31.399602
-4.0,11,31.401368
0.0,11,31.403247
-2.0,11,31.404573
-2.0,11,31.406247
-2.0,11,31.407928
-3.0,11,31.409724
-1.0,11,31.411046
-1.0,11,31.41276
-2.0,11,31.414604
-2.0,11,31.416287
-1.0,11,31.41776
-2.0,11,31.419571
-1.0,11,31.421326
-2.0,11,31.422993
-1.0,11,31.424346
0.0,11,31.426147
-3.0,11,31.427921
-1.0,11,31.429744
-1.0,11,31.431165
-1.0,11,31.433006
-2.0,11,31.434802
-2.0,11,31.436609
-2.0,11,31.438013
-1.0,11,31.439792
-1.0,11,31.441608
-2.0,11,31.443438
-3.0,11,31.444826
-2.0,11,31.446557
-1.0,11,31.448286
-1.0,11,31.45005
0.0,11,31.451453
-1.0,11,31.453116
-1.0,11,31.454886
0.0,11,31.456762
-1.0,11,31.458128
0.0,11,31.459951
-1.0,11,31.461771
-2.0,11,31.463571
-1.0,11,31.46498
-1.0,11,31.466813
0.0,11,31.468653
-1.0,11,31.470484
-2.0,11,31.471871
-3.0,11,31.473577
-1.0,11,31.475409
-2.0,11,31.477184
-1.0,11,31.478626
-1.0,11,31.480461
-2.0,11,31.482199
-1.0,11,31.483953
-1.0,11,31.485417
-1.0,11,31.487237
-3.0,11,31.489001
-2.0,11,31.490782
-2.0,11,31.492171
-3.0,11,31.494058
-1.0,11,31.495861
-2.0,11,31.497611
-1.0,11,31.499091
-3.0,11,31.501043
-1.0,11,31.502959
-2.0,11,31.504826
-1.0,11,31.5063
-3.0,11,31.508097
-2.0,11,31.509966
0.0,11,31.511708
-1.0,11,31.513159
-1.0,11,31.515013
-1.0,11,31.5169
-1.0,11,31.518741
-3.0,11,31.520158
-1.0,11,31.521964
-1.0,11,31.523782
-2.0,11,31.525581
-1.0,11,31.527015
-2.0,11,31.528777
0.0,11,31.530571
-1.0,11,31.532388
-1.0,11,31.533721
-1.0,11,31.535516
-2.0,11,31.537289
-1.0,11,31.539151
-1.0,11,31.540768
-2.0,11,31.542566
-2.0,11,31.544462
-3.0,11,31.546295
-1.0,11,31.547734
0.0,11,31.549646
-1.0,11,31.551468
-2.0,11,31.553212
-3.0,11,31.554582
-2.0,11,31.556355
-1.0,11,31.558108
0.0,11,31.559974
-1.0,11,31.561385
-1.0,11,31.563195
-1.0,11,31.565088
-2.0,11,31.566811
-1.0,11,31.568228
-2.0,11,31.56999
-2.0,11,31.571759
-1.0,11,31.573568
-2.0,11,31.575
-1.0,11,31.576784
-2.0,11,31.578558
-1.0,11,31.58032
-1.0,11,31.581802
-1.0,11,31.583635
0.0,11,31.58547
0.0,11,31.5873
0.0,11,31.588754
-1.0,11,31.590569
-1.0,11,31.592472
-1.0,11,31.594226
-3.0,11,31.595525
-1.0,11,31.59736
-2.0,11,31.599138
-1.0,11,31.600943
-1.0,11,31.602364
-2.0,11,31.604161
-2.0,11,31.605981
-1.0,11,31.607799
-1.0,11,31.609118
-2.0,11,31.610909
-2.0,11,31.612751
-2.0,11,31.61451
-2.0,11,31.615978
-1.0,11,31.617768
-2.0,11,31.619466
0.0,11,31.621325
-1.0,11,31.622817
-1.0,11,31.624564
-1.0,11,31.626288
0.0,11,31.628042
-1.0,11,31.629414
-2.0,11,31.631183
-1.0,11,31.633008
-2.0,11,31.634818
-2.0,11,31.636233
-1.0,11,31.638082
-1.0,11,31.639881
0.0,11,31.641769
-1.0,11,31.643129
-2.0,11,31.644946
-2.0,11,31.646687
-2.0,11,31.648454
-1.0,11,31.649853
-1.0,11,31.65168
-1.0,11,31.653539
-1.0,11,31.655411
-2.0,11,31.656827
-2.0,11,31.65861
-2.0,11,31.660315
-1.0,11,31.662176
0.0,11,31.663528
-1.0,11,31.665461
-2.0,11,31.667265
-2.0,11,31.669026
-2.0,11,31.670434
-1.0,11,31.672481
-1.0,11,31.674418
-1.0,11,31.676237
0.0,11,31.6777
-1.0,11,31.679557
-1.0,11,31.681319
-1.0,11,31.683189
0.0,11,31.684601
0.0,11,31.686422
-2.0,11,31.688198
-2.0,11,31.689906
-2.0,11,31.691343
-1.0,11,31.693101
-2.0,11,31.694835
-2.0,11,31.69661
-1.0,11,31.698047
0.0,11,31.699916
-1.0,11,31.701717
-1.0,11,31.703571
-1.0,11,31.705017
0.0,11,31.706816
-2.0,11,31.708688
-2.0,11,31.710449
-1.0,11,31.711879
-2.0,11,31.713654
-1.0,11,31.715533
-3.0,11,31.717205
-2.0,11,31.718603
-4.0,11,31.720363
-1.0,11,31.72226
-1.0,11,31.724129
-1.0,11,31.725501
0.0,11,31.727337
-1.0,11,31.72916
-1.0,11,31.730964
-2.0,11,31.732399
-1.0,11,31.734279
-1.0,11,31.736075
-2.0,11,31.737838
-3.0,11,31.739233
-2.0,11,31.740988
-1.0,11,31.742722
-4.0,11,31.744409
-1.0,11,31.745833
-2.0,11,31.74763
-2.0,11,31.749423
-1.0,11,31.751255
0.0,11,31.752721
-2.0,11,31.754475
-1.0,11,31.75631
-5.0,11,31.757901
0.0,11,31.759369
-2.0,11,31.761209
-2.0,11,31.763013
0.0,11,31.76489
-2.0,11,31.766247
-1.0,11,31.768034
0.0,11,31.769912
-3.0,11,31.771671
-3.0,11,31.773065
-1.0,11,31.774832
-1.0,11,31.776585
-1.0,11,31.778406
-2.0,11,31.779691
-1.0,11,31.781416
-2.0,11,31.783134
-1.0,11,31.784934
-1.0,11,31.786365
-2.0,11,31.788111
-1.0,11,31.789833
-1.0,11,31.791608
-1.0,11,31.793148
-3.0,11,31.794818
-2.0,11,31.796563
-1.0,11,31.798344
-1.0,11,31.799596
-2.0,11,31.80144
-1.0,11,31.803329
0.0,11,31.805184
-1.0,11,31.806579
-1.0,11,31.808387
-3.0,11,31.810154
-3.0,11,31.811896
-2.0,11,31.813317
0.0,11,31.81517
-1.0,11,31.816979
-3.0,11,31.818652
-1.0,11,31.820139
-1.0,11,31.821904
-1.0,11,31.823699
-1.0,11,31.825524
0.0,11,31.826925
-2.0,11,31.828676
-2.0,11,31.830431
-1.0,11,31.832264
-2.0,11,31.8337
-1.0,11,31.835653
-2.0,11,31.837487
0.0,11,31.839322
-1.0,11,31.840829
0.0,11,31.842802
-2.0,11,31.844782
-1.0,11,31.846683
-2.0,11,31.848052
-2.0,11,31.849895
-2.0,11,31.851747
-2.0,11,31.853482
-1.0,11,31.854892
-3.0,11,31.856728
-1.0,11,31.858617
-1.0,11,31.860292
-1.0,11,31.861767
-2.0,11,31.86352
0.0,11,31.865332
-1.0,11,31.867117
-2.0,11,31.868591
-3.0,11,31.87023
-2.0,11,31.872019
-1.0,11,31.873833
-1.0,11,31.875212
-1.0,11,31.877087
-2.0,11,31.878868
-2.0,11,31.88071
-2.0,11,31.88211
-1.0,11,31.883928
-2.0,11,31.885735
-1.0,11,31.887528
-1.0,11,31.88894
0.0,11,31.890879
-1.0,11,31.892728
-1.0,11,31.894606
-3.0,11,31.89603
-2.0,11,31.897801
0.0,11,31.899698
-1.0,11,31.901435
-2.0,11,31.9029
-1.0,11,31.904935
-2.0,11,31.906704
0.0,11,31.90873
-1.0,11,31.910168
-2.0,11,31.91204
-1.0,11,31.91385
0.0,11,31.915783
-2.0,11,31.917289
-1.0,11,31.919108
-1.0,11,31.92092
0.0,11,31.922777
-1.0,11,31.924381
-1.0,11,31.92628
-3.0,11,31.9281
-2.0,11,31.929934
-1.0,11,31.93127
-1.0,11,31.933353
-1.0,11,31.935186
0.0,11,31.937055
-1.0,11,31.938441
-2.0,11,31.940303
0.0,11,31.942393
-2.0,11,31.944341
-2.0,11,31.945767
-1.0,11,31.947547
-1.0,11,31.949607
0.0,11,31.95164
-1.0,11,31.95318
-3.0,11,31.954922
-2.0,11,31.956664
-1.0,11,31.95888
-2.0,11,31.960312
-3.0,11,31.962117
-1.0,11,31.964066
-1.0,11,31.965913
-2.0,11,31.967547
-3.0,11,31.969344
-1.0,11,31.97114
-1.0,11,31.972936
0.0,11,31.974336
-1.0,11,31.976394
-1.0,11,31.978216
-2.0,11,31.980067
-2.0,11,31.981457
-1.0,11,31.983514
-2.0,11,31.985385
-1.0,11,31.987274
-1.0,11,31.988725
-1.0,11,31.990598
-1.0,11,31.99267
-1.0,11,31.994519
-2.0,11,31.995953
-2.0,11,31.997776
-1.0,11,31.999663
-2.0,11,32.001711
0.0,11,32.003148
0.0,11,32.004976
-1.0,11,32.006823
-2.0,11,32.008987
-1.0,11,32.010532
-1.0,11,32.012488
-1.0,11,32.014397
-1.0,11,32.016253
-2.0,11,32.017915
-1.0,11,32.019741
0.0,11,32.021632
-1.0,11,32.023463
-1.0,11,32.025082
0.0,11,32.027007
-3.0,11,32.028702
-1.0,11,32.030519
-3.0,11,32.031844
0.0,11,32.033988
-1.0,11,32.035858
-1.0,11,32.037765
-1.0,11,32.039152
-1.0,11,32.040929
0.0,11,32.043061
-2.0,11,32.044925
-2.0,11,32.046405
-1.0,11,32.048193
-2.0,11,32.050191
-1.0,11,32.052142
-2.0,11,32.053604
-1.0,11,32.055518
-1.0,11,32.057375
-1.0,11,32.059445
-1.0,11,32.060859
-1.0,11,32.062694
-1.0,11,32.064448
-1.0,11,32.066489
-1.0,11,32.06797
-2.0,11,32.069829
-3.0,11,32.071663
-3.0,11,32.073398
-1.0,11,32.075109
-1.0,11,32.077052
-2.0,11,32.078784
-1.0,11,32.080644
-2.0,11,32.082029
-2.0,11,32.08407
-2.0,11,32.085957
0.0,11,32.087761
-2.0,11,32.089182
-3.0,11,32.090916
-1.0,11,32.092885
-2.0,11,32.094758
-2.0,11,32.096186
-1.0,11,32.098046
-2.0,11,32.100006
-2.0,11,32.101997
-1.0,11,32.10359
-2.0,11,32.105353
0.0,11,32.107318
0.0,11,32.109452
-2.0,11,32.110933
-2.0,11,32.112779
-2.0,11,32.114553
-2.0,11,32.116621
-1.0,11,32.118206
-1.0,11,32.120093
-1.0,11,32.121984
-5.0,11,32.123751
-1.0,11,32.125521
-2.0,11,32.12735
-2.0,11,32.12911
0.0,11,32.130974
-1.0,11,32.132527
-2.0,11,32.134755
0.0,11,32.136667
0.0,11,32.138518
-2.0,11,32.139951
-3.0,11,32.142242
-1.0,11,32.144363
-1.0,11,32.146493
-1.0,11,32.148178
-2.0,11,32.15024
-2.0,11,32.15218
0.0,11,32.154152
0.0,11,32.155584
0.0,11,32.157566
-3.0,11,32.159597
-1.0,11,32.161637
-2.0,11,32.16318
-1.0,11,32.165434
-1.0,11,32.167993
-1.0,11,32.170242
-2.0,11,32.171953
-2.0,11,32.174068
0.0,11,32.176474
-2.0,11,32.178496
-3.0,11,32.180011
-3.0,11,32.182076
0.0,11,32.184172
-1.0,11,32.1862
-2.0,11,32.18771
0.0,11,32.18966
-2.0,11,32.19174
-2.0,11,32.193792
-1.0,11,32.195276
-1.0,11,32.197215
-1.0,11,32.199214
-2.0,11,32.201313
-1.0,11,32.202829
-1.0,11,32.20464
-2.0,11,32.20642
-1.0,11,32.208661
-1.0,11,32.210185
-1.0,11,32.212073
-1.0,11,32.213929
-1.0,11,32.215837
0.0,11,32.217374
-1.0,11,32.219236
-1.0,11,32.221084
-2.0,11,32.222918
-3.0,11,32.224404
-2.0,11,32.226531
-1.0,11,32.228444
-1.0,11,32.230339
-2.0,11,32.231709
0.0,11,32.233852
-1.0,11,32.235826
-2.0,11,32.237633
-2.0,11,32.239007
-1.0,11,32.241061
-1.0,11,32.242931
-1.0,11,32.244758
-1.0,11,32.246176
-1.0,11,32.248069
-2.0,11,32.250286
-1.0,11,32.252228
-3.0,11,32.253521
-2.0,11,32.255201
-3.0,11,32.257042
-1.0,11,32.259112
-2.0,11,32.260435
0.0,11,32.262325
-2.0,11,32.264063
-1.0,11,32.26604
-1.0,11,32.267532
-2.0,11,32.269351
0.0,11,32.271238
-2.0,11,32.273051
-2.0,11,32.274565
0.0,11,32.276581
-1.0,11,32.278333
-2.0,11,32.280151
-2.0,11,32.281539
-2.0,11,32.283594
-1.0,11,32.285528
-2.0,11,32.287253
-3.0,11,32.288565
-1.0,11,32.290348
-2.0,11,32.292402
-2.0,11,32.294292
-3.0,11,32.295639
-1.0,11,32.297495
-3.0,11,32.299546
-2.0,11,32.301497
-1.0,11,32.303001
0.0,11,32.304862
-2.0,11,32.306709
0.0,11,32.308827
-2.0,11,32.310363
-1.0,11,32.312269
0.0,11,32.314131
0.0,11,32.315948
-2.0,11,32.317614
-2.0,11,32.319493
-1.0,11,32.321353
0.0,11,32.323047
-1.0,11,32.324573
-2.0,11,32.326403
-2.0,11,32.328177
-1.0,11,32.329961
-1.0,11,32.33141
0.0,11,32.333575
0.0,11,32.335481
-2.0,11,32.337184
-1.0,11,32.338587
-1.0,11,32.34054
0.0,11,32.342638
-1.0,11,32.344533
-1.0,11,32.34592
-2.0,11,32.347758
-2.0,11,32.349545
-1.0,11,32.351656
-1.0,11,32.353139
-2.0,11,32.354967
-1.0,11,32.356895
-1.0,11,32.358939
-1.0,11,32.360443
0.0,11,32.362266
-1.0,11,32.364119
-1.0,11,32.366187
-1.0,11,32.367686
-1.0,11,32.369613
-2.0,11,32.371475
-1.0,11,32.373325
0.0,11,32.374874
-2.0,11,32.377039
0.0,11,32.378943
-2.0,11,32.380811
-1.0,11,32.382437
-2.0,11,32.384206
-1.0,11,32.386038
-2.0,11,32.387838
-2.0,11,32.389276
-2.0,11,32.391217
-2.0,11,32.393192
-4.0,11,32.394862
-3.0,11,32.396203
-1.0,11,32.398012
-1.0,11,32.399835
-2.0,11,32.401665
-1.0,11,32.403094
-3.0,11,32.405038
-2.0,11,32.406993
-2.0,11,32.408872
-2.0,11,32.410196
-2.0,11,32.41202
-2.0,11,32.413973
-2.0,11,32.41601
-3.0,11,32.417464
-1.0,11,32.419395
-1.0,11,32.421231
0.0,11,32.423157
-2.0,11,32.424683
-2.0,11,32.426544
-2.0,11,32.428428
-1.0,11,32.430359
-2.0,11,32.431719
-1.0,11,32.433762
-1.0,11,32.435523
-1.0,11,32.437445
-3.0,11,32.438948
-2.0,11,32.441058
-2.0,11,32.443029
-2.0,11,32.444868
-1.0,11,32.446393
-2.0,11,32.448316
-1.0,11,32.45041
-2.0,11,32.45223
-1.0,11,32.453697
-1.0,11,32.455502
-2.0,11,32.45744
0.0,11,32.459433
0.0,11,32.46085
-4.0,11,32.462588
0.0,11,32.464467
-2.0,11,32.466481
-1.0,11,32.468001
0.0,11,32.469897
0.0,11,32.471806
-2.0,11,32.473634
-2.0,11,32.475255
0.0,11,32.47716
-3.0,11,32.479055
-1.0,11,32.480926
-2.0,11,32.482369
0.0,11,32.484556
-1.0,11,32.486532
-2.0,11,32.488373
0.0,11,32.489945
-1.0,11,32.491938
-2.0,11,32.493867
-2.0,11,32.495688
-1.0,11,32.497034
-4.0,11,32.498741
-1.0,11,32.500792
-2.0,11,32.502576
-1.0,11,32.504048
0.0,11,32.505941
0.0,11,32.507926
-1.0,11,32.51002
-1.0,11,32.511563
-2.0,11,32.513441
-1.0,11,32.515367
-2.0,11,32.517479
-1.0,11,32.519035
-1.0,11,32.520882
-1.0,11,32.522812
-1.0,11,32.524667
-4.0,11,32.526095
-1.0,11,32.527868
-1.0,11,32.529675
-1.0,11,32.531494
-1.0,11,32.53313
0.0,11,32.535149
-2.0,11,32.537001
-1.0,11,32.53883
0.0,11,32.540395
-2.0,11,32.542514
-1.0,11,32.544422
-1.0,11,32.546271
-2.0,11,32.54774
0.0,11,32.549708
-3.0,11,32.55166
-3.0,11,32.553502
-1.0,11,32.554963
-3.0,11,32.557242
0.0,11,32.55926
-1.0,11,32.561102
-1.0,11,32.562672
-1.0,11,32.56456
-1.0,11,32.566445
0.0,11,32.568589
0.0,11,32.57009
-2.0,11,32.5719
-2.0,11,32.573855
-1.0,11,32.575916
-2.0,11,32.577461
-1.0,11,32.579296
-1.0,11,32.581169
-1.0,11,32.583102
-2.0,11,32.584573
-2.0,11,32.586328
-2.0,11,32.588158
-1.0,11,32.590028
-1.0,11,32.591608
-2.0,11,32.593574
-1.0,11,32.595457
-2.0,11,32.597222
-1.0,11,32.598659
-2.0,11,32.600735
-1.0,11,32.602697
-2.0,11,32.604528
-1.0,11,32.605963
-1.0,11,32.60786
-1.0,11,32.609989
-1.0,11,32.611881
0.0,11,32.613389
-1.0,11,32.615302
-2.0,11,32.617284
0.0,11,32.619183
0.0,11,32.620636
-3.0,11,32.622391
-1.0,11,32.624296
-2.0,11,32.626371
-3.0,11,32.627832
-1.0,11,32.629653
-2.0,11,32.631437
-1.0,11,32.633582
-2.0,11,32.635114
-3.0,11,32.636944
-1.0,11,32.638732
-2.0,11,32.64065
-1.0,11,32.642146
-1.0,11,32.644076
-1.0,11,32.645959
-1.0,11,32.64784
-1.0,11,32.649596
-1.0,11,32.651407
0.0,11,32.653265
0.0,11,32.65512
-1.0,11,32.656506
0.0,11,32.658577
-2.0,11,32.660421
-1.0,11,32.662289
-1.0,11,32.663806
-2.0,11,32.665678
-2.0,11,32.667643
-1.0,11,32.669545
0.0,11,32.670953
-1.0,11,32.672793
-1.0,11,32.674822
-1.0,11,32.676728
-2.0,11,32.678227
-1.0,11,32.680151
-1.0,11,32.681973
-2.0,11,32.683978
-1.0,11,32.68546
0.0,11,32.687359
-1.0,11,32.689201
-1.0,11,32.691052
-3.0,11,32.692743
-1.0,11,32.69463
-1.0,11,32.696489
-1.0,11,32.698253
-1.0,11,32.699887
-2.0,11,32.701707
-1.0,11,32.703529
-3.0,11,32.705346
-1.0,11,32.706849
-3.0,11,32.708685
-2.0,11,32.710537
0.0,11,32.712414
-2.0,11,32.713824
-1.0,11,32.715537
-1.0,11,32.717351
-1.0,11,32.719247
0.0,11,32.720753
-1.0,11,32.722601
-1.0,11,32.724516
-2.0,11,32.726333
-1.0,11,32.727744
-1.0,11,32.729572
-1.0,11,32.731333
-2.0,11,32.733219
-2.0,11,32.734704
0.0,11,32.736673
0.0,11,32.738504
0.0,11,32.740502
-1.0,11,32.742214
-1.0,11,32.744125
-3.0,11,32.745968
-1.0,11,32.747866
-1.0,11,32.749374
0.0,11,32.751366
0.0,11,32.753263
-2.0,11,32.755135
-1.0,11,32.756598
-1.0,11,32.758459
-2.0,11,32.760413
-2.0,11,32.762251
0.0,11,32.763799
-1.0,11,32.765608
-1.0,11,32.767435
-2.0,11,32.769322
-2.0,11,32.770836
-2.0,11,32.772678
-2.0,11,32.774447
0.0,11,32.776332
-2.0,11,32.777869
0.0,11,32.779955
-1.0,11,32.781927
-3.0,11,32.78378
-1.0,11,32.785309
-3.0,11,32.787217
0.0,11,32.789113
-2.0,11,32.79088
-2.0,11,32.792203
0.0,11,32.794121
0.0,11,32.796231
-2.0,11,32.798053
-3.0,11,32.799421
-1.0,11,32.801246
-3.0,11,32.803126
0.0,11,32.805216
-1.0,11,32.806686
-1.0,11,32.808511
-3.0,11,32.810313
-1.0,11,32.812115
-2.0,11,32.813632
-1.0,11,32.815553
-1.0,11,32.817446
-1.0,11,32.819368
-1.0,11,32.820982
-3.0,11,32.822897
-1.0,11,32.824778
-2.0,11,32.826632
-2.0,11,32.828178
-1.0,11,32.830086
-3.0,11,32.831978
-2.0,11,32.833819
-2.0,11,32.835201
-2.0,11,32.837007
0.0,11,32.839146
-1.0,11,32.840932
-2.0,11,32.842358
-1.0,11,32.844038
-3.0,11,32.846126
-2.0,11,32.848038
-2.0,11,32.849428
-1.0,11,32.851237
-2.0,11,32.853091
-2.0,11,32.855119
-2.0,11,32.856599
-1.0,11,32.858459
-3.0,11,32.860223
0.0,11,32.86214
-1.0,11,32.863716
-2.0,11,32.865527
0.0,11,32.867382
-3.0,11,32.869105
-2.0,11,32.870647
-1.0,11,32.872487
-1.0,11,32.874362
-1.0,11,32.876152
-1.0,11,32.877703
-3.0,11,32.87967
-3.0,11,32.881522
-2.0,11,32.883435
0.0,11,32.884934
0.0,11,32.886806
-2.0,11,32.888744
-1.0,11,32.890715
-4.0,11,32.892058
-1.0,11,32.893851
-1.0,11,32.895999
-1.0,11,32.897934
-1.0,11,32.899441
-1.0,11,32.901168
0.0,11,32.903081
-3.0,11,32.904893
-2.0,11,32.906394
-2.0,11,32.908215
-1.0,11,32.91014
-1.0,11,32.912075
0.0,11,32.918964
-2.0,11,32.927533
-1.0,11,32.934622
-1.0,11,32.937517
-1.0,11,32.939171
0.0,11,32.946362
-2.0,11,32.948571
-3.0,11,32.950457
-1.0,11,32.951957
-1.0,11,32.954134
-1.0,11,32.956281
-2.0,11,32.958118
-1.0,11,32.959575
-3.0,11,32.961469
-1.0,11,32.963632
-1.0,11,32.965594
-1.0,11,32.967153
0.0,11,32.969098
0.0,11,32.971326
-2.0,11,32.973316
-2.0,11,32.974709
-1.0,11,32.976574
-1.0,11,32.97846
0.0,11,32.980516
-1.0,11,32.98206
-1.0,11,32.983904
-2.0,11,32.985879
-1.0,11,32.987909
-1.0,11,32.989414
-1.0,11,32.991231
-2.0,11,32.993033
-1.0,11,32.99496
-3.0,11,32.99655
-1.0,11,32.998431
-2.0,11,33.000295
0.0,11,33.002219
0.0,11,33.003738
-1.0,11,33.005604
0.0,11,33.007564
-2.0,11,33.009315
0.0,11,33.010757
-1.0,11,33.012896
-3.0,11,33.014667
0.0,11,33.016642
0.0,11,33.018182
-2.0,11,33.020087
-1.0,11,33.022105
-1.0,11,33.023997
-1.0,11,33.025447
-2.0,11,33.027293
0.0,11,33.029329
-1.0,11,33.031242
-3.0,11,33.032598
-1.0,11,33.034492
0.0,11,33.036662
-3.0,11,33.038534
-2.0,11,33.040017
-1.0,11,33.04181
-2.0,11,33.043712
-2.0,11,33.045784
-1.0,11,33.047228
-1.0,11,33.049094
-1.0,11,33.050996
-2.0,11,33.052995
0.0,11,33.054509
-1.0,11,33.056405
-1.0,11,33.058215
-2.0,11,33.060039
-1.0,11,33.061479
-2.0,11,33.063347
-1.0,11,33.065161
-1.0,11,33.066966
-1.0,11,33.068542
-1.0,11,33.070404
-1.0,11,33.072266
-1.0,11,33.074056
-1.0,11,33.075531
-1.0,11,33.077393
-1.0,11,33.079247
-1.0,11,33.081077
-1.0,11,33.082563
-1.0,11,33.084403
-1.0,11,33.086437
-1.0,11,33.08842
-2.0,11,33.08981
-1.0,11,33.091672
-2.0,11,33.093657
-1.0,11,33.095654
0.0,11,33.097201
0.0,11,33.099123
-1.0,11,33.100885
-1.0,11,33.102758
-3.0,11,33.104374
-2.0,11,33.106268
-1.0,11,33.108253
-2.0,11,33.110094
-2.0,11,33.11149
-1.0,11,33.11334
-3.0,11,33.115195
-1.0,11,33.117092
-3.0,11,33.118468
-1.0,11,33.120377
-1.0,11,33.122239
-2.0,11,33.124277
-1.0,11,33.125784
-1.0,11,33.127703
-1.0,11,33.129585
-3.0,11,33.131364
-2.0,11,33.133091
-2.0,11,33.13491
0.0,11,33.136753
-1.0,11,33.138666
-2.0,11,33.140138
-1.0,11,33.142372
-1.0,11,33.144237
-1.0,11,33.146075
-1.0,11,33.147508
-1.0,11,33.149421
-1.0,11,33.151313
-1.0,11,33.153156
-2.0,11,33.154603
0.0,11,33.156529
0.0,11,33.158527
-2.0,11,33.160479
-1.0,11,33.161909
-1.0,11,33.163765
-3.0,11,33.16549
-1.0,11,33.167547
-2.0,11,33.168994
-1.0,11,33.170805
-2.0,11,33.172535
-3.0,11,33.17433
-1.0,11,33.176081
-1.0,11,33.178037
-3.0,11,33.179792
-1.0,11,33.181662
-1.0,11,33.183399
-3.0,11,33.185405
-1.0,11,33.187273
-1.0,11,33.189139
-2.0,11,33.190638
-1.0,11,33.192752
0.0,11,33.194619
-1.0,11,33.196505
-1.0,11,33.197964
-1.0,11,33.199981
-1.0,11,33.201903
-1.0,11,33.203846
-2.0,11,33.205325
-1.0,11,33.207286
-1.0,11,33.209273
-3.0,11,33.211155
-1.0,11,33.212449
0.0,11,33.214321
-1.0,11,33.216148
0.0,11,33.218336
-1.0,11,33.219714
-2.0,11,33.221545
-2.0,11,33.223412
-3.0,11,33.225282
-2.0,11,33.226845
-1.0,11,33.22864
0.0,11,33.230437
-2.0,11,33.232311
-2.0,11,33.233873
-3.0,11,33.235757
-1.0,11,33.237621
-2.0,11,33.239392
-1.0,11,33.240968
-1.0,11,33.24305
-2.0,11,33.244917
0.0,11,33.24675
-1.0,11,33.248166
-2.0,11,33.250089
-1.0,11,33.251993
0.0,11,33.253838
0.0,11,33.255337
-1.0,11,33.257243
-1.0,11,33.25938
-2.0,11,33.26114
0.0,11,33.262652
-1.0,11,33.264483
-3.0,11,33.266485
-2.0,11,33.26843
0.0,11,33.269865
-1.0,11,33.27177
-1.0,11,33.273646
-2.0,11,33.275615
-1.0,11,33.27704
0.0,11,33.2788
0.0,11,33.280652
0.0,11,33.282647
0.0,11,33.284327
-1.0,11,33.286198
-1.0,11,33.288018
0.0,11,33.289844
-1.0,11,33.291401
-1.0,11,33.293459
-1.0,11,33.2953
-2.0,11,33.297007
-1.0,11,33.298467
-1.0,11,33.300672
-2.0,11,33.302633
-1.0,11,33.304507
-2.0,11,33.306021
0.0,11,33.307987
-4.0,11,33.309989
-1.0,11,33.31188
-1.0,11,33.313279
-1.0,11,33.315096
-1.0,11,33.317238
-1.0,11,33.319115
-1.0,11,33.320502
-1.0,11,33.322455
-1.0,11,33.324354
-1.0,11,33.326236
-2.0,11,33.327602
-1.0,11,33.329554
-1.0,11,33.331259
-2.0,11,33.333288
-1.0,11,33.334827
-1.0,11,33.336672
-1.0,11,33.338502
-2.0,11,33.340468
-1.0,11,33.342094
-1.0,11,33.344013
-2.0,11,33.345863
-2.0,11,33.347593
-1.0,11,33.349103
-1.0,11,33.351024
-1.0,11,33.352886
-1.0,11,33.354796
-2.0,11,33.356279
-1.0,11,33.358298
-3.0,11,33.360083
0.0,11,33.362008
0.0,11,33.363463
-2.0,11,33.365353
-1.0,11,33.367292
-2.0,11,33.369203
-2.0,11,33.37066
-1.0,11,33.3725
-1.0,11,33.374479
-2.0,11,33.376329
-1.0,11,33.377713
0.0,11,33.379525
-1.0,11,33.381302
-2.0,11,33.383084
-2.0,11,33.384457
-3.0,11,33.386193
-1.0,11,33.388087
-2.0,11,33.389856
-1.0,11,33.391386
-2.0,11,33.393235
0.0,11,33.395026
0.0,11,33.396852
-2.0,11,33.398301
-1.0,11,33.400278
-1.0,11,33.402148
-1.0,11,33.404068
-1.0,11,33.405431
-2.0,11,33.407248
-1.0,11,33.40929
0.0,11,33.411223
-2.0,11,33.412608
-1.0,11,33.414491
-2.0,11,33.416461
-1.0,11,33.418394
-3.0,11,33.419778
-1.0,11,33.421706
-2.0,11,33.423495
0.0,11,33.425694
-1.0,11,33.427173
-2.0,11,33.429015
-3.0,11,33.430747
-2.0,11,33.432589
-1.0,11,33.434129
-1.0,11,33.436096
-2.0,11,33.437958
-1.0,11,33.439845
-1.0,11,33.441293
-1.0,11,33.443166
-1.0,11,33.445202
-1.0,11,33.447128
-2.0,11,33.448597
0.0,11,33.450485
-1.0,11,33.452472
0.0,11,33.454425
-1.0,11,33.455922
-3.0,11,33.457791
-1.0,11,33.459627
-2.0,11,33.461612
-1.0,11,33.46309
-1.0,11,33.464969
-3.0,11,33.466695
-2.0,11,33.468579
-2.0,11,33.470162
-2.0,11,33.472171
-1.0,11,33.473971
-3.0,11,33.475692
-3.0,11,33.477099
-1.0,11,33.479243
0.0,11,33.481266
-1.0,11,33.483105
-2.0,11,33.48456
-1.0,11,33.486672
-2.0,11,33.488659
-1.0,11,33.490672
-2.0,11,33.492191
-2.0,11,33.494172
-3.0,11,33.496192
-1.0,11,33.498145
-2.0,11,33.4995
0.0,11,33.501384
0.0,11,33.503352
-1.0,11,33.505351
-2.0,11,33.50679
-1.0,11,33.508642
-1.0,11,33.510541
-2.0,11,33.512633
-2.0,11,33.514194
-1.0,11,33.516089
-1.0,11,33.517884
-3.0,11,33.51979
-3.0,11,33.521251
-1.0,11,33.523173
-1.0,11,33.525027
-1.0,11,33.526865
-1.0,11,33.528345
-2.0,11,33.530276
-2.0,11,33.532116
-1.0,11,33.534014
-1.0,11,33.535435
0.0,11,33.53748
0.0,11,33.539504
-1.0,11,33.541257
-4.0,11,33.542597
-1.0,11,33.544584
-1.0,11,33.546645
-2.0,11,33.548512
-1.0,11,33.549845
-1.0,11,33.551677
-1.0,11,33.553627
-2.0,11,33.555717
-2.0,11,33.557219
-2.0,11,33.559041
-3.0,11,33.560777
0.0,11,33.562876
-1.0,11,33.56437
-2.0,11,33.566233
0.0,11,33.56798
-1.0,11,33.56991
-1.0,11,33.571366
-2.0,11,33.573256
-1.0,11,33.575117
-1.0,11,33.576896
0.0,11,33.578392
-1.0,11,33.58049
-3.0,11,33.58222
-1.0,11,33.584103
-1.0,11,33.585514
-2.0,11,33.587497
-1.0,11,33.589507
-1.0,11,33.591407
-2.0,11,33.592742
-1.0,11,33.594625
-1.0,11,33.596817
-2.0,11,33.598749
-2.0,11,33.600274
-1.0,11,33.602349
0.0,11,33.604364
-1.0,11,33.606274
-1.0,11,33.607756
0.0,11,33.609663
0.0,11,33.611636
-2.0,11,33.613703
-1.0,11,33.615136
-1.0,11,33.617053
-1.0,11,33.618988
0.0,11,33.621129
-4.0,11,33.622567
0.0,11,33.624539
-2.0,11,33.626372
0.0,11,33.628274
-1.0,11,33.629853
-3.0,11,33.631758
-1.0,11,33.633668
0.0,11,33.635627
-1.0,11,33.63718
-1.0,11,33.639291
-2.0,11,33.641132
-2.0,11,33.642942
-1.0,11,33.644371
-1.0,11,33.646486
-3.0,11,33.648331
-1.0,11,33.650248
0.0,11,33.651763
0.0,11,33.653892
-1.0,11,33.655725
-1.0,11,33.657659
0.0,11,33.659122
0.0,11,33.661189
-1.0,11,33.663268
-2.0,11,33.665168
-1.0,11,33.666646
0.0,11,33.66862
-1.0,11,33.670455
-1.0,11,33.672547
-1.0,11,33.674001
-1.0,11,33.675788
-2.0,11,33.677544
0.0,11,33.679437
-1.0,11,33.680903
-1.0,11,33.682733
-2.0,11,33.684703
-1.0,11,33.686728
-2.0,11,33.688214
-1.0,11,33.69002
-1.0,11,33.69197
-2.0,11,33.69381
-1.0,11,33.695364
-2.0,11,33.697172
-2.0,11,33.699084
-2.0,11,33.700994
-2.0,11,33.702313
-1.0,11,33.704278
-2.0,11,33.706049
0.0,11,33.707888
-1.0,11,33.709354
-1.0,11,33.711243
-2.0,11,33.713191
-2.0,11,33.715053
0.0,11,33.716545
-1.0,11,33.718396
-1.0,11,33.720516
0.0,11,33.72237
0.0,11,33.723898
-1.0,11,33.725812
0.0,11,33.727674
-1.0,11,33.7297
-1.0,11,33.731139
0.0,11,33.733074
-1.0,11,33.734864
-1.0,11,33.736702
-2.0,11,33.738209
-2.0,11,33.740225
-2.0,11,33.742051
0.0,11,33.743797
-1.0,11,33.745277
-1.0,11,33.74722
-1.0,11,33.749228
-2.0,11,33.751185
-2.0,11,33.752573
-3.0,11,33.754321
-2.0,11,33.756155
-1.0,11,33.758208
-1.0,11,33.759762
-1.0,11,33.761681
-3.0,11,33.76354
-1.0,11,33.765414
-1.0,11,33.767004
-2.0,11,33.768898
-1.0,11,33.77075
-2.0,11,33.772506
-1.0,11,33.774082
-1.0,11,33.776009
0.0,11,33.778017
-2.0,11,33.779903
-1.0,11,33.781319
0.0,11,33.783422
-1.0,11,33.785458
-1.0,11,33.787272
-1.0,11,33.788702
-1.0,11,33.790649
-3.0,11,33.792478
-1.0,11,33.794407
-2.0,11,33.795896
-1.0,11,33.797762
0.0,11,33.799698
-1.0,11,33.801727
-2.0,11,33.803167
-1.0,11,33.8051
0.0,11,33.807037
-1.0,11,33.809048
-1.0,11,33.810562
-1.0,11,33.81243
-2.0,11,33.814238
-2.0,11,33.816238
-2.0,11,33.817575
-2.0,11,33.819406
-1.0,11,33.821287
0.0,11,33.823187
-1.0,11,33.824749
0.0,11,33.826814
-4.0,11,33.828622
0.0,11,33.830597
0.0,11,33.832022
-2.0,11,33.833919
-2.0,11,33.835739
0.0,11,33.837723
-2.0,11,33.839052
-1.0,11,33.841171
-2.0,11,33.843137
-2.0,11,33.844942
-1.0,11,33.846459
-1.0,11,33.848395
-1.0,11,33.850429
-2.0,11,33.852433
0.0,11,33.853929
-1.0,11,33.855675
0.0,11,33.857595
0.0,11,33.859693
-2.0,11,33.861175
-2.0,11,33.863047
-1.0,11,33.864949
-1.0,11,33.866953
-2.0,11,33.868485
-2.0,11,33.870347
-1.0,11,33.872141
-2.0,11,33.874215
0.0,11,33.87565
-2.0,11,33.877471
-2.0,11,33.879328
-3.0,11,33.881193
-2.0,11,33.882651
-2.0,11,33.884712
-1.0,11,33.886627
-1.0,11,33.888605
0.0,11,33.89008
-3.0,11,33.892099
0.0,11,33.89396
-1.0,11,33.895741
0.0,11,33.897279
-1.0,11,33.899294
-1.0,11,33.901193
-1.0,11,33.903063
-1.0,11,33.904567
-2.0,11,33.906427
0.0,11,33.908519
-1.0,11,33.910441
-2.0,11,33.911965
0.0,11,33.913805
-1.0,11,33.915743
-1.0,11,33.917768
-2.0,11,33.919252
-3.0,11,33.921152
-2.0,11,33.922972
-3.0,11,33.92474
-3.0,11,33.926263
-2.0,11,33.928125
-4.0,11,33.930029
-2.0,11,33.932148
-2.0,11,33.93364
-1.0,11,33.935389
-1.0,11,33.937213
-1.0,11,33.939124
0.0,11,33.940618
-1.0,11,33.94248
-3.0,11,33.94435
-1.0,11,33.946238
-1.0,11,33.947593
-1.0,11,33.949572
-2.0,11,33.951563
-1.0,11,33.953463
-2.0,11,33.954917
-1.0,11,33.956889
0.0,11,33.958976
-1.0,11,33.960817
-1.0,11,33.962254
-1.0,11,33.964085
-1.0,11,33.966135
-2.0,11,33.968011
-1.0,11,33.969464
0.0,11,33.971322
-2.0,11,33.973157
-2.0,11,33.975007
-1.0,11,33.976403
-1.0,11,33.978271
-1.0,11,33.98029
0.0,11,33.982319
-1.0,11,33.98384
-2.0,11,33.985643
-1.0,11,33.987479
-3.0,11,33.989338
-1.0,11,33.99091
-1.0,11,33.992911
0.0,11,33.994781
0.0,11,33.996775
-1.0,11,33.998145
0.0,11,34.000141
-2.0,11,34.001901
-1.0,11,34.003854
-1.0,11,34.005297
-1.0,11,34.00729
-1.0,11,34.009219
0.0,11,34.011036
-1.0,11,34.012534
-1.0,11,34.014395
-2.0,11,34.016339
-1.0,11,34.018247
-2.0,11,34.019735
-2.0,11,34.02167
-2.0,11,34.023441
-2.0,11,34.025573
0.0,11,34.027024
0.0,11,34.028969
-2.0,11,34.030785
-1.0,11,34.032716
-2.0,11,34.034339
-2.0,11,34.036182
-1.0,11,34.038063
-1.0,11,34.04001
-1.0,11,34.041699
0.0,11,34.043673
-1.0,11,34.045584
-1.0,11,34.047363
-2.0,11,34.048916
-1.0,11,34.050947
-2.0,11,34.052876
-2.0,11,34.054686
0.0,11,34.056091
-2.0,11,34.057989
-1.0,11,34.060064
-1.0,11,34.061962
-2.0,11,34.063397
-2.0,11,34.065282
-2.0,11,34.067384
-2.0,11,34.069184
0.0,11,34.070639
-3.0,11,34.072333
-1.0,11,34.07426
-1.0,11,34.076328
-1.0,11,34.077823
-2.0,11,34.079622
0.0,11,34.081526
-1.0,11,34.083526
-1.0,11,34.085069
-2.0,11,34.086886
-1.0,11,34.08876
-1.0,11,34.090785
-1.0,11,34.092346
-1.0,11,34.094166
-1.0,11,34.09612
-1.0,11,34.097996
-1.0,11,34.099444
-1.0,11,34.101442
0.0,11,34.103422
-1.0,11,34.105303
0.0,11,34.106888
-1.0,11,34.108961
-3.0,11,34.110839
-1.0,11,34.112649
-1.0,11,34.114098
-3.0,11,34.116182
-1.0,11,34.118058
-1.0,11,34.119823
-1.0,11,34.121277
0.0,11,34.123069
-2.0,11,34.125024
-1.0,11,34.127077
-4.0,11,34.128486
0.0,11,34.130423
-3.0,11,34.132299
-2.0,11,34.134293
0.0,11,34.135752
0.0,11,34.13763
-1.0,11,34.139434
-2.0,11,34.141415
-1.0,11,34.142827
0.0,11,34.144706
0.0,11,34.146592
-1.0,11,34.148525
0.0,11,34.150148
0.0,11,34.152159
-3.0,11,34.153958
-1.0,11,34.155744
-2.0,11,34.157262
-1.0,11,34.159285
-3.0,11,34.161118
-1.0,11,34.16293
0.0,11,34.164342
0.0,11,34.166359
-1.0,11,34.168464
-3.0,11,34.170295
-1.0,11,34.171705
-1.0,11,34.173665
0.0,11,34.175679
-1.0,11,34.177594
-3.0,11,34.179038
-1.0,11,34.180846
-2.0,11,34.182742
-2.0,11,34.184758
-3.0,11,34.186168
0.0,11,34.188091
-1.0,11,34.189979
-1.0,11,34.192174
-1.0,11,34.193698
-3.0,11,34.195403
0.0,11,34.197211
-1.0,11,34.199089
-2.0,11,34.200712
-2.0,11,34.202689
-1.0,11,34.204614
-2.0,11,34.206449
-1.0,11,34.208209
-2.0,11,34.210228
-1.0,11,34.212075
-1.0,11,34.213947
0.0,11,34.215443
-2.0,11,34.217459
-2.0,11,34.219621
0.0,11,34.221478
-1.0,11,34.222958
-1.0,11,34.225016
0.0,11,34.227003
-1.0,11,34.228968
0.0,11,34.230478
-2.0,11,34.232411
-1.0,11,34.234322
-1.0,11,34.236209
-1.0,11,34.237599
-1.0,11,34.239492
-2.0,11,34.241281
0.0,11,34.243205
0.0,11,34.244677
-4.0,11,34.246372
-2.0,11,34.248064
-1.0,11,34.249897
0.0,11,34.251514
-1.0,11,34.253558
0.0,11,34.255488
0.0,11,34.257716
-3.0,11,34.259333
-1.0,11,34.261422
0.0,11,34.263536
-1.0,11,34.266238
0.0,11,34.267902
-2.0,11,34.26989
-2.0,11,34.271857
-1.0,11,34.274067
-1.0,11,34.275676
-2.0,11,34.277578
-2.0,11,34.279655
-1.0,11,34.28185
-1.0,11,34.283949
-1.0,11,34.286469
-2.0,11,34.288878
-2.0,11,34.291093
-1.0,11,34.292732
-1.0,11,34.295048
-1.0,11,34.297175
-2.0,11,34.29918
-2.0,11,34.300701
-1.0,11,34.302861
-2.0,11,34.305146
-2.0,11,34.307269
0.0,11,34.308895
-2.0,11,34.310971
-1.0,11,34.313319
-1.0,11,34.315384
0.0,11,34.316997
0.0,11,34.319015
-1.0,11,34.321037
-3.0,11,34.323038
-1.0,11,34.324532
0.0,11,34.32649
-1.0,11,34.328418
0.0,11,34.330563
-1.0,11,34.332102
-2.0,11,34.333942
-1.0,11,34.335845
-2.0,11,34.337837
-1.0,11,34.339384
-1.0,11,34.341281
-2.0,11,34.342996
0.0,11,34.344948
-1.0,11,34.346528
-3.0,11,34.348325
-1.0,11,34.350229
-1.0,11,34.352171
-2.0,11,34.353682
-2.0,11,34.355767
-3.0,11,34.357663
-1.0,11,34.359581
-1.0,11,34.361153
-1.0,11,34.363302
-2.0,11,34.365179
-1.0,11,34.367022
-3.0,11,34.36853
-1.0,11,34.37071
-1.0,11,34.37271
-3.0,11,34.374546
-1.0,11,34.375955
-2.0,11,34.37774
-1.0,11,34.37976
-1.0,11,34.381676
-1.0,11,34.383181
-1.0,11,34.385051
-1.0,11,34.387092
-2.0,11,34.389053
-2.0,11,34.39048
-1.0,11,34.392487
-2.0,11,34.394292
-1.0,11,34.39615
-1.0,11,34.397669
0.0,11,34.399636
-2.0,11,34.401528
-1.0,11,34.403475
-1.0,11,34.404962
-2.0,11,34.406943
-2.0,11,34.408816
-2.0,11,34.410603
-3.0,11,34.412088
-1.0,11,34.413992
-1.0,11,34.4158
-1.0,11,34.417691
0.0,11,34.419204
-1.0,11,34.42102
-1.0,11,34.422802
-1.0,11,34.424527
-2.0,11,34.426011
-2.0,11,34.427792
-1.0,11,34.429589
-3.0,11,34.431306
-1.0,11,34.432836
-1.0,11,34.434748
-2.0,11,34.436565
-2.0,11,34.438418
-2.0,11,34.439859
0.0,11,34.441817
-1.0,11,34.443814
-2.0,11,34.445739
0.0,11,34.447342
-1.0,11,34.449382
-2.0,11,34.45129
-2.0,11,34.453108
-2.0,11,34.45456
-2.0,11,34.4564
-1.0,11,34.458365
-2.0,11,34.46017
-3.0,11,34.461486
-2.0,11,34.463228
-1.0,11,34.465171
-2.0,11,34.466946
-1.0,11,34.468454
-2.0,11,34.470331
-2.0,11,34.472049
0.0,11,34.473917
-1.0,11,34.475316
0.0,11,34.477263
-2.0,11,34.479134
-1.0,11,34.480992
-1.0,11,34.48238
-2.0,11,34.484094
-1.0,11,34.485835
0.0,11,34.487789
-1.0,11,34.48928
-1.0,11,34.4911
0.0,11,34.493012
-2.0,11,34.49499
-3.0,11,34.496393
-2.0,11,34.498116
-1.0,11,34.499996
-1.0,11,34.501884
-1.0,11,34.503362
-1.0,11,34.505329
0.0,11,34.507208
-1.0,11,34.509132
-2.0,11,34.51062
-1.0,11,34.512604
-1.0,11,34.514465
-1.0,11,34.516249
-2.0,11,34.517628
-1.0,11,34.519572
0.0,11,34.521477
-2.0,11,34.523293
0.0,11,34.524652
0.0,11,34.526502
-1.0,11,34.528267
-3.0,11,34.530108
0.0,11,34.531482
-1.0,11,34.533326
0.0,11,34.535162
-1.0,11,34.537023
-1.0,11,34.538475
-1.0,11,34.540344
-3.0,11,34.542191
-2.0,11,34.54403
-1.0,11,34.545682
-1.0,11,34.547596
-1.0,11,34.54956
-1.0,11,34.551418
-1.0,11,34.552902
-1.0,11,34.554804
-1.0,11,34.556644
-1.0,11,34.558524
-1.0,11,34.55994
-1.0,11,34.561783
-2.0,11,34.563594
0.0,11,34.565477
-1.0,11,34.566908
-2.0,11,34.56888
-1.0,11,34.570748
0.0,11,34.572543
0.0,11,34.57403
-3.0,11,34.575786
0.0,11,34.57766
0.0,11,34.579661
-2.0,11,34.581022
-2.0,11,34.582793
-1.0,11,34.584651
-3.0,11,34.586473
-2.0,11,34.587926
-1.0,11,34.589757
-1.0,11,34.591733
-1.0,11,34.593482
-1.0,11,34.594941
-1.0,11,34.596814
-1.0,11,34.598699
-2.0,11,34.600588
-2.0,11,34.601913
-1.0,11,34.603752
-1.0,11,34.605576
-2.0,11,34.607496
0.0,11,34.608989
0.0,11,34.610874
-2.0,11,34.612806
-1.0,11,34.614645
-1.0,11,34.616127
-2.0,11,34.617921
-1.0,11,34.619757
-1.0,11,34.621611
-1.0,11,34.622939
-1.0,11,34.624754
-1.0,11,34.62663
0.0,11,34.628543
-2.0,11,34.629942
0.0,11,34.631758
-2.0,11,34.633582
-1.0,11,34.635368
-2.0,11,34.63685
0.0,11,34.638606
-1.0,11,34.640402
-1.0,11,34.64221
-2.0,11,34.643617
-1.0,11,34.645568
-2.0,11,34.647287
-2.0,11,34.649165
-1.0,11,34.650654
-2.0,11,34.65252
0.0,11,34.654398
-1.0,11,34.656304
-1.0,11,34.657617
-1.0,11,34.659324
0.0,11,34.661231
-2.0,11,34.663117
-2.0,11,34.6645
-2.0,11,34.666272
-2.0,11,34.66808
-2.0,11,34.669884
-1.0,11,34.671337
-3.0,11,34.673114
0.0,11,34.674999
-1.0,11,34.676764
-2.0,11,34.678183
-2.0,11,34.680001
-1.0,11,34.681684
0.0,11,34.683489
-1.0,11,34.684929
-1.0,11,34.686789
0.0,11,34.688655
-2.0,11,34.690453
-1.0,11,34.691781
-1.0,11,34.693582
0.0,11,34.695478
-3.0,11,34.697278
-1.0,11,34.698818
-2.0,11,34.700583
0.0,11,34.702486
-2.0,11,34.704442
-3.0,11,34.705807
0.0,11,34.707613
0.0,11,34.709407
-1.0,11,34.711342
-1.0,11,34.712766
-2.0,11,34.714503
-1.0,11,34.716352
0.0,11,34.718189
0.0,11,34.719716
-1.0,11,34.721631
-1.0,11,34.723535
-1.0,11,34.725358
-3.0,11,34.726592
-3.0,11,34.728369
-1.0,11,34.730273
-1.0,11,34.732037
-1.0,11,34.733444
-1.0,11,34.735295
-1.0,11,34.73725
-1.0,11,34.739129
-2.0,11,34.740504
-3.0,11,34.742359
-1.0,11,34.74409
-2.0,11,34.746001
-1.0,11,34.747536
-3.0,11,34.749196
0.0,11,34.750957
0.0,11,34.752838
-1.0,11,34.754395
0.0,11,34.756304
0.0,11,34.758298
-2.0,11,34.760075
-1.0,11,34.761503
-2.0,11,34.763386
-2.0,11,34.765206
-1.0,11,34.767129
0.0,11,34.768589
0.0,11,34.770466
-2.0,11,34.772302
-1.0,11,34.774059
-2.0,11,34.775506
-1.0,11,34.777321
-1.0,11,34.779254
0.0,11,34.781115
-1.0,11,34.7825
-1.0,11,34.784441
-1.0,11,34.786248
-3.0,11,34.788054
-3.0,11,34.789346
-1.0,11,34.791085
-2.0,11,34.792889
0.0,11,34.794782
-1.0,11,34.796187
-1.0,11,34.798088
-1.0,11,34.799832
0.0,11,34.801697
-2.0,11,34.80305
0.0,11,34.804946
-1.0,11,34.806827
-1.0,11,34.808679
-1.0,11,34.810168
-1.0,11,34.811992
-2.0,11,34.813886
-1.0,11,34.81565
-1.0,11,34.817047
0.0,11,34.8189
-1.0,11,34.820802
-1.0,11,34.822686
-3.0,11,34.824051
0.0,11,34.825941
-1.0,11,34.827795
0.0,11,34.829655
0.0,11,34.83116
-1.0,11,34.832957
-1.0,11,34.834828
-2.0,11,34.836724
0.0,11,34.838228
-2.0,11,34.839943
-1.0,11,34.841805
-2.0,11,34.843683
-1.0,11,34.845226
-1.0,11,34.847096
-2.0,11,34.848926
-1.0,11,34.850798
-3.0,11,34.852099
-1.0,11,34.853938
-1.0,11,34.85575
-2.0,11,34.857564
-1.0,11,34.859025
-1.0,11,34.860927
-2.0,11,34.862694
-2.0,11,34.864553
-2.0,11,34.865943
-2.0,11,34.867824
0.0,11,34.869686
-1.0,11,34.871595
0.0,11,34.872881
-2.0,11,34.874645
-1.0,11,34.876551
-1.0,11,34.87838
-1.0,11,34.879883
-1.0,11,34.881783
-1.0,11,34.883569
0.0,11,34.885477
-1.0,11,34.886943
0.0,11,34.888897
-1.0,11,34.890721
-2.0,11,34.892594
-1.0,11,34.894001
-1.0,11,34.89587
-1.0,11,34.897656
-1.0,11,34.899539
-1.0,11,34.900977
-1.0,11,34.902843
-2.0,11,34.904617
-2.0,11,34.906424
-1.0,11,34.907933
-1.0,11,34.909852
-1.0,11,34.911661
0.0,11,34.913541
-1.0,11,34.915018
-1.0,11,34.916895
-1.0,11,34.918861
-1.0,11,34.920746
-1.0,11,34.92226
-1.0,11,34.924065
-2.0,11,34.925821
-1.0,11,34.927803
-2.0,11,34.929376
0.0,11,34.931246
-2.0,11,34.933024
-1.0,11,34.934945
-1.0,11,34.936389
-1.0,11,34.93821
-2.0,11,34.940104
-2.0,11,34.941958
0.0,11,34.943399
-3.0,11,34.945298
0.0,11,34.94708
-2.0,11,34.948893
-1.0,11,34.950212
-1.0,11,34.952068
-1.0,11,34.953937
-2.0,11,34.955788
-1.0,11,34.957265
-3.0,11,34.959073
-2.0,11,34.960881
0.0,11,34.962731
-2.0,11,34.964265
0.0,11,34.966119
-2.0,11,34.967928
-2.0,11,34.96973
0.0,11,34.971157
-3.0,11,34.973015
-1.0,11,34.974835
0.0,11,34.976765
-1.0,11,34.978236
-1.0,11,34.980114
-1.0,11,34.981935
-1.0,11,34.983781
-2.0,11,34.985279
-1.0,11,34.987169
-3.0,11,34.98891
-1.0,11,34.990777
-1.0,11,34.992095
0.0,11,34.99399
-1.0,11,34.995935
0.0,11,34.997879
-1.0,11,34.999305
0.0,11,35.001156
-1.0,11,35.002992
-1.0,11,35.004812
-1.0,11,35.006411
-1.0,11,35.008247
-1.0,11,35.010131
-1.0,11,35.011976
-1.0,11,35.013519
-1.0,11,35.015318
-2.0,11,35.017049
-1.0,11,35.018824
-3.0,11,35.020184
0.0,11,35.022168
-1.0,11,35.024053
-2.0,11,35.025862
-1.0,11,35.027284
-2.0,11,35.029097
-2.0,11,35.0309
0.0,11,35.032703
-1.0,11,35.034165
0.0,11,35.036054
-2.0,11,35.037869
-1.0,11,35.039752
-1.0,11,35.041253
-2.0,11,35.042968
-2.0,11,35.044839
-1.0,11,35.046769
-1.0,11,35.04812
-1.0,11,35.049968
0.0,11,35.051908
-2.0,11,35.053717
-2.0,11,35.055151
-2.0,11,35.057001
0.0,11,35.05884
-1.0,11,35.060672
-1.0,11,35.062129
-1.0,11,35.064012
0.0,11,35.065782
-1.0,11,35.067627
-1.0,11,35.069063
-1.0,11,35.070954
-1.0,11,35.072826
-1.0,11,35.074596
-1.0,11,35.076004
-1.0,11,35.077857
-2.0,11,35.079654
0.0,11,35.081418
-1.0,11,35.08287
0.0,11,35.084683
-1.0,11,35.086586
0.0,11,35.088506
-1.0,11,35.089959
-1.0,11,35.091928
-2.0,11,35.09374
-1.0,11,35.095577
-3.0,11,35.096999
0.0,11,35.098916
-1.0,11,35.100798
-1.0,11,35.102713
-2.0,11,35.104132
-1.0,11,35.106086
-1.0,11,35.108041
-1.0,11,35.109858
-2.0,11,35.111344
-1.0,11,35.113295
-2.0,11,35.115125
-1.0,11,35.116914
-1.0,11,35.118325
-2.0,11,35.120139
-2.0,11,35.122138
-1.0,11,35.124105
-2.0,11,35.125552
-2.0,11,35.127288
-1.0,11,35.129134
-1.0,11,35.131067
0.0,11,35.132567
-2.0,11,35.13442
-1.0,11,35.136233
-2.0,11,35.138331
-3.0,11,35.139745
-3.0,11,35.141508
-1.0,11,35.143395
0.0,11,35.145322
-1.0,11,35.146745
0.0,11,35.148579
-1.0,11,35.15044
0.0,11,35.15226
-3.0,11,35.153668
-1.0,11,35.155558
-1.0,11,35.157485
-2.0,11,35.159272
-1.0,11,35.16075
0.0,11,35.162632
0.0,11,35.164564
-1.0,11,35.166429
-3.0,11,35.167905
-1.0,11,35.169774
-1.0,11,35.171686
-2.0,11,35.173473
-1.0,11,35.174931
0.0,11,35.176771
0.0,11,35.178676
-1.0,11,35.180503
-2.0,11,35.181956
-1.0,11,35.183805
-2.0,11,35.185591
-4.0,11,35.187325
-1.0,11,35.188796
-2.0,11,35.190623
-2.0,11,35.192392
0.0,11,35.194252
0.0,11,35.195701
-2.0,11,35.197563
-2.0,11,35.199389
0.0,11,35.201291
-3.0,11,35.202662
-3.0,11,35.204561
-1.0,11,35.206333
-1.0,11,35.208155
-2.0,11,35.209635
-4.0,11,35.211378
0.0,11,35.213202
-1.0,11,35.21515
-1.0,11,35.216599
-1.0,11,35.218478
-1.0,11,35.220376
-2.0,11,35.222228
-2.0,11,35.223671
-1.0,11,35.225539
-1.0,11,35.227356
-1.0,11,35.229203
-2.0,11,35.230568
-2.0,11,35.232351
-2.0,11,35.234182
-2.0,11,35.236066
-2.0,11,35.237558
-1.0,11,35.239412
-1.0,11,35.241269
-2.0,11,35.243152
0.0,11,35.244624
-2.0,11,35.246507
-1.0,11,35.248408
-1.0,11,35.250164
-2.0,11,35.251604
-1.0,11,35.253391
0.0,11,35.25537
0.0,11,35.257221
-2.0,11,35.258524
-2.0,11,35.260374
-1.0,11,35.262308
-1.0,11,35.264236
0.0,11,35.265779
0.0,11,35.267791
-1.0,11,35.269638
0.0,11,35.271587
-1.0,11,35.272986
-1.0,11,35.275114
-1.0,11,35.276979
-1.0,11,35.278939
-1.0,11,35.280401
-2.0,11,35.282342
-1.0,11,35.284227
-2.0,11,35.28599
-1.0,11,35.287418
-2.0,11,35.289275
0.0,11,35.291215
-1.0,11,35.293052
0.0,11,35.294496
-2.0,11,35.296264
-2.0,11,35.298138
-2.0,11,35.29995
-1.0,11,35.301363
0.0,11,35.303213
0.0,11,35.305068
-3.0,11,35.306812
-1.0,11,35.308295
-2.0,11,35.310144
-1.0,11,35.312045
-1.0,11,35.313904
0.0,11,35.315371
-1.0,11,35.317252
-2.0,11,35.319076
0.0,11,35.321057
-2.0,11,35.322574
-2.0,11,35.324416
-2.0,11,35.326181
-1.0,11,35.328003
-1.0,11,35.329496
-1.0,11,35.331258
-1.0,11,35.333182
-1.0,11,35.33505
-1.0,11,35.336541
-3.0,11,35.338371
-1.0,11,35.34026
-1.0,11,35.342137
-2.0,11,35.343462
-1.0,11,35.345339
-2.0,11,35.347133
-2.0,11,35.348956
-1.0,11,35.350442
-1.0,11,35.352257
-2.0,11,35.354065
0.0,11,35.355977
-1.0,11,35.357462
-3.0,11,35.359288
-1.0,11,35.361128
0.0,11,35.362998
-1.0,11,35.364419
-1.0,11,35.366269
0.0,11,35.368195
0.0,11,35.370114
0.0,11,35.371541
-2.0,11,35.373336
0.0,11,35.375202
0.0,11,35.376896
0.0,11,35.378322
-1.0,11,35.380144
-2.0,11,35.382016
-2.0,11,35.38382
-3.0,11,35.385199
-2.0,11,35.386985
-1.0,11,35.388675
-2.0,11,35.390487
-2.0,11,35.391888
-1.0,11,35.393772
-1.0,11,35.395636
-1.0,11,35.397504
-1.0,11,35.398959
0.0,11,35.400827
0.0,11,35.402746
0.0,11,35.404602
-3.0,11,35.405999
-3.0,11,35.407743
-1.0,11,35.409626
-2.0,11,35.411422
-1.0,11,35.4129
-1.0,11,35.414851
-1.0,11,35.416772
0.0,11,35.418653
-2.0,11,35.420088
-1.0,11,35.421896
-1.0,11,35.423673
-2.0,11,35.425539
-1.0,11,35.427047
-3.0,11,35.428826
-2.0,11,35.430675
-1.0,11,35.432492
-1.0,11,35.433902
-1.0,11,35.435733
-1.0,11,35.43757
-1.0,11,35.439418
-1.0,11,35.44091
-1.0,11,35.442918
-2.0,11,35.444736
-1.0,11,35.446529
0.0,11,35.448
-1.0,11,35.450043
-2.0,11,35.451826
0.0,11,35.453778
-2.0,11,35.455204
-2.0,11,35.457066
-2.0,11,35.45892
0.0,11,35.460826
-2.0,11,35.462283
-1.0,11,35.464237
0.0,11,35.466066
-2.0,11,35.467915
-1.0,11,35.46942
-1.0,11,35.471302
0.0,11,35.473169
0.0,11,35.475073
-2.0,11,35.476506
-1.0,11,35.478273
-1.0,11,35.480194
-2.0,11,35.481979
-1.0,11,35.483423
-1.0,11,35.485322
0.0,11,35.48719
0.0,11,35.489111
-1.0,11,35.490526
-1.0,11,35.492383
-1.0,11,35.494236
-1.0,11,35.496069
-2.0,11,35.49756
-1.0,11,35.499401
-2.0,11,35.501279
0.0,11,35.503086
-1.0,11,35.504566
-4.0,11,35.50636
-1.0,11,35.508232
0.0,11,35.510103
-1.0,11,35.511604
-1.0,11,35.513487
-3.0,11,35.515291
-1.0,11,35.517059
-3.0,11,35.518386
-2.0,11,35.520184
-1.0,11,35.521985
-1.0,11,35.523843
-3.0,11,35.52525
-1.0,11,35.527055
0.0,11,35.528949
0.0,11,35.530808
0.0,11,35.532274
0.0,11,35.534129
-1.0,11,35.53603
-1.0,11,35.537832
0.0,11,35.539315
-1.0,11,35.541169
-1.0,11,35.543049
-2.0,11,35.54487
-1.0,11,35.546377
-2.0,11,35.548236
-1.0,11,35.550074
-1.0,11,35.551935
-1.0,11,35.553477
0.0,11,35.555386
0.0,11,35.557334
-1.0,11,35.559074
-2.0,11,35.560424
-1.0,11,35.562257
-2.0,11,35.564091
-1.0,11,35.565937
-1.0,11,35.567338
0.0,11,35.569172
-2.0,11,35.570946
0.0,11,35.572861
-1.0,11,35.574223
-2.0,11,35.575989
0.0,11,35.57779
-1.0,11,35.579539
0.0,11,35.581166
0.0,11,35.583065
-1.0,11,35.584902
-2.0,11,35.586718
-1.0,11,35.588205
-1.0,11,35.589964
-2.0,11,35.591803
-1.0,11,35.593649
-1.0,11,35.595033
-1.0,11,35.596833
0.0,11,35.598683
-1.0,11,35.600589
-1.0,11,35.602021
0.0,11,35.603879
-2.0,11,35.605716
-1.0,11,35.607609
0.0,11,35.60908
-1.0,11,35.61097
-1.0,11,35.612863
-2.0,11,35.614821
-1.0,11,35.616191
-1.0,11,35.618102
-1.0,11,35.619957
-1.0,11,35.621839
-2.0,11,35.62331
-1.0,11,35.62523
-1.0,11,35.627028
-2.0,11,35.628925
0.0,11,35.630468
-2.0,11,35.632326
-2.0,11,35.634155
0.0,11,35.636042
0.0,11,35.637569
-1.0,11,35.639429
-1.0,11,35.64123
-1.0,11,35.643106
0.0,11,35.64454
-2.0,11,35.646365
-3.0,11,35.648079
-1.0,11,35.64997
-1.0,11,35.651403
-1.0,11,35.653318
-1.0,11,35.65522
-1.0,11,35.657043
0.0,11,35.658456
0.0,11,35.660241
-1.0,11,35.662055
-1.0,11,35.6639
-3.0,11,35.665331
0.0,11,35.667249
0.0,11,35.669114
0.0,11,35.670978
-2.0,11,35.672415
0.0,11,35.674371
0.0,11,35.676162
-1.0,11,35.678053
-2.0,11,35.679484
0.0,11,35.681386
-2.0,11,35.683178
-2.0,11,35.685018
-2.0,11,35.686459
-1.0,11,35.688357
0.0,11,35.690197
-1.0,11,35.691927
-1.0,11,35.693344
0.0,11,35.695212
-1.0,11,35.697033
-1.0,11,35.698868
-2.0,11,35.700235
0.0,11,35.702072
-1.0,11,35.703874
0.0,11,35.705698
0.0,11,35.707162
-1.0,11,35.709009
-1.0,11,35.71076
-3.0,11,35.712517
-3.0,11,35.713916
-1.0,11,35.715837
0.0,11,35.717716
-2.0,11,35.719441
-1.0,11,35.720837
0.0,11,35.722686
-2.0,11,35.724588
-2.0,11,35.726419
-4.0,11,35.72774
-3.0,11,35.729598
-2.0,11,35.731444
-1.0,11,35.733262
-1.0,11,35.734774
-1.0,11,35.736593
0.0,11,35.738477
-2.0,11,35.740264
-2.0,11,35.741682
0.0,11,35.743571
0.0,11,35.7454
-1.0,11,35.747289
-2.0,11,35.748782
-1.0,11,35.75059
-1.0,11,35.752442
-3.0,11,35.754242
-1.0,11,35.755757
-2.0,11,35.757651
-2.0,11,35.759455
0.0,11,35.76128
-1.0,11,35.762693
-1.0,11,35.764551
-2.0,11,35.766387
-1.0,11,35.768291
-1.0,11,35.769737
-1.0,11,35.771619
-1.0,11,35.77351
-2.0,11,35.775257
-2.0,11,35.776612
-2.0,11,35.778445
-2.0,11,35.780278
-1.0,11,35.782177
-1.0,11,35.78357
-1.0,11,35.785395
0.0,11,35.787224
0.0,11,35.789107
-1.0,11,35.790527
0.0,11,35.792507
-1.0,11,35.794412
-1.0,11,35.796178
-1.0,11,35.797675
0.0,11,35.799595
-1.0,11,35.801557
-1.0,11,35.803576
0.0,11,35.805091
-3.0,11,35.806896
0.0,11,35.8088
0.0,11,35.810663
-2.0,11,35.81213
-2.0,11,35.813991
-1.0,11,35.815928
-2.0,11,35.817786
-3.0,11,35.819173
-1.0,11,35.821069
-1.0,11,35.822977
-1.0,11,35.825089
0.0,11,35.826533
0.0,11,35.828344
-2.0,11,35.830146
-2.0,11,35.831973
-1.0,11,35.83341
-2.0,11,35.835203
-1.0,11,35.837066
-2.0,11,35.83878
-1.0,11,35.840217
0.0,11,35.842084
0.0,11,35.843986
-1.0,11,35.845814
-1.0,11,35.847332
-2.0,11,35.849161
-2.0,11,35.851018
-1.0,11,35.852853
-1.0,11,35.854319
-2.0,11,35.856123
-2.0,11,35.857957
-2.0,11,35.859814
0.0,11,35.861309
-1.0,11,35.863112
-1.0,11,35.864906
-2.0,11,35.866776
-1.0,11,35.868225
0.0,11,35.870124
-2.0,11,35.872054
-2.0,11,35.873891
-3.0,11,35.875261
-2.0,11,35.877092
-1.0,11,35.878951
-1.0,11,35.880823
0.0,11,35.882274
-2.0,11,35.884105
-1.0,11,35.885969
0.0,11,35.887813
0.0,11,35.889267
0.0,11,35.891021
0.0,11,35.892899
-1.0,11,35.894699
-2.0,11,35.89609
-2.0,11,35.897937
-1.0,11,35.899765
-2.0,11,35.901492
0.0,11,35.902921
-1.0,11,35.904775
-2.0,11,35.906586
0.0,11,35.908363
-1.0,11,35.909831
0.0,11,35.911685
-2.0,11,35.913478
-1.0,11,35.915399
-3.0,11,35.916798
-1.0,11,35.918689
0.0,11,35.920539
-1.0,11,35.922245
-1.0,11,35.923688
-2.0,11,35.925565
0.0,11,35.927436
-1.0,11,35.929266
-2.0,11,35.930704
0.0,11,35.93261
-1.0,11,35.9344
-2.0,11,35.93623
-1.0,11,35.937672
0.0,11,35.939587
-1.0,11,35.941436
-2.0,11,35.94328
-1.0,11,35.944757
0.0,11,35.946551
-1.0,11,35.94843
-2.0,11,35.950271
-1.0,11,35.951758
-2.0,11,35.953513
0.0,11,35.955304
-1.0,11,35.957158
-2.0,11,35.958506
-2.0,11,35.960382
-2.0,11,35.962228
-1.0,11,35.964087
-2.0,11,35.965488
-2.0,11,35.967466
-1.0,11,35.969335
0.0,11,35.971138
-1.0,11,35.972813
-2.0,11,35.97473
-1.0,11,35.976602
-3.0,11,35.978455
-1.0,11,35.979816
-2.0,11,35.981624
-1.0,11,35.983557
0.0,11,35.985442
0.0,11,35.986921
0.0,11,35.988695
-2.0,11,35.99049
-1.0,11,35.992376
-1.0,11,35.993816
-2.0,11,35.995663
-1.0,11,35.997554
-3.0,11,35.999366
-1.0,11,36.000889
-2.0,11,36.00264
-1.0,11,36.004516
0.0,11,36.006381
-3.0,11,36.007849
0.0,11,36.009766
-1.0,11,36.011618
-3.0,11,36.013457
0.0,11,36.014831
-1.0,11,36.01667
0.0,11,36.018565
-2.0,11,36.020394
-2.0,11,36.021792
-1.0,11,36.02367
-2.0,11,36.025474
-2.0,11,36.027227
-1.0,11,36.028661
-1.0,11,36.030503
0.0,11,36.032394
-1.0,11,36.034226
0.0,11,36.035714
-1.0,11,36.037472
-2.0,11,36.039373
-2.0,11,36.041325
-1.0,11,36.042782
-1.0,11,36.044607
-1.0,11,36.046423
-1.0,11,36.048301
-2.0,11,36.04978
0.0,11,36.051679
0.0,11,36.053581
-1.0,11,36.055413
0.0,11,36.05695
-1.0,11,36.058844
-1.0,11,36.060646
-1.0,11,36.062487
-2.0,11,36.063943
-1.0,11,36.065669
-2.0,11,36.067431
-2.0,11,36.069129
-1.0,11,36.070532
0.0,11,36.07231
-1.0,11,36.074082
-1.0,11,36.075923
-1.0,11,36.077312
-2.0,11,36.079029
-2.0,11,36.080864
0.0,11,36.082658
-1.0,11,36.084138
-2.0,11,36.085967
-1.0,11,36.087866
-1.0,11,36.089577
0.0,11,36.091041
-3.0,11,36.092855
-1.0,11,36.094617
-2.0,11,36.096383
-2.0,11,36.097783
-3.0,11,36.099556
-2.0,11,36.101304
-2.0,11,36.103118
0.0,11,36.10467
-1.0,11,36.106523
-1.0,11,36.108421
-2.0,11,36.110329
0.0,11,36.111788
-2.0,11,36.113659
-1.0,11,36.115385
-1.0,11,36.117213
0.0,11,36.118701
-1.0,11,36.120592
-1.0,11,36.122326
-2.0,11,36.124074
-1.0,11,36.125588
-1.0,11,36.127406
-1.0,11,36.129206
-2.0,11,36.131014
-2.0,11,36.132444
-1.0,11,36.134275
-1.0,11,36.136163
0.0,11,36.137998
-2.0,11,36.139332
-2.0,11,36.141292
-1.0,11,36.14318
-2.0,11,36.144973
-1.0,11,36.146533
-3.0,11,36.148476
-2.0,11,36.150313
-1.0,11,36.152171
-2.0,11,36.153631
-2.0,11,36.15548
-3.0,11,36.157325
-1.0,11,36.159322
-1.0,11,36.16077
0.0,11,36.162638
-1.0,11,36.164487
-1.0,11,36.166418
-1.0,11,36.167897
-1.0,11,36.169748
-3.0,11,36.171615
-1.0,11,36.173403
-1.0,11,36.174847
-2.0,11,36.17659
-2.0,11,36.178505
-2.0,11,36.180332
-2.0,11,36.181781
-3.0,11,36.183646
-2.0,11,36.185423
-1.0,11,36.187293
0.0,11,36.18875
-3.0,11,36.190475
-1.0,11,36.19234
0.0,11,36.194164
-2.0,11,36.195469
-1.0,11,36.197233
-1.0,11,36.199121
-3.0,11,36.200885
-3.0,11,36.202104
-2.0,11,36.203915
-1.0,11,36.205801
-1.0,11,36.207535
-2.0,11,36.2089
-1.0,11,36.210702
-1.0,11,36.212555
-1.0,11,36.214385
-1.0,11,36.215805
-1.0,11,36.217724
-2.0,11,36.219515
0.0,11,36.221342
0.0,11,36.222702
-1.0,11,36.224557
-1.0,11,36.226387
-2.0,11,36.228145
-1.0,11,36.229644
-1.0,11,36.231437
-3.0,11,36.233239
-2.0,11,36.234953
-1.0,11,36.236412
-1.0,11,36.238288
-2.0,11,36.240102
-1.0,11,36.241881
0.0,11,36.243307
0.0,11,36.245174
-1.0,11,36.246967
0.0,11,36.248739
0.0,11,36.250221
0.0,11,36.252059
-3.0,11,36.253682
-3.0,11,36.25549
-1.0,11,36.256855
-2.0,11,36.258729
-2.0,11,36.260613
-2.0,11,36.262448
-1.0,11,36.263825
-2.0,11,36.265644
-1.0,11,36.267486
0.0,11,36.269337
-1.0,11,36.270778
0.0,11,36.272669
-1.0,11,36.274522
0.0,11,36.276363
-1.0,11,36.277781
-1.0,11,36.279543
0.0,11,36.281453
0.0,11,36.283327
-2.0,11,36.28464
0.0,11,36.286473
-4.0,11,36.288161
-2.0,11,36.290017
-1.0,11,36.291419
0.0,11,36.293301
-2.0,11,36.295147
-2.0,11,36.296966
-1.0,11,36.298478
-2.0,11,36.300253
-1.0,11,36.302099
-1.0,11,36.303855
0.0,11,36.305283
0.0,11,36.307194
0.0,11,36.309092
-1.0,11,36.310954
-3.0,11,36.312279
-2.0,11,36.314158
-6.0,11,36.315861
0.0,11,36.317728
-1.0,11,36.319205
-1.0,11,36.321215
-2.0,11,36.323079
-1.0,11,36.32493
-1.0,11,36.326444
-1.0,11,36.328356
-1.0,11,36.33026
-3.0,11,36.332129
-2.0,11,36.333577
-2.0,11,36.335374
-1.0,11,36.337131
-1.0,11,36.33896
-1.0,11,36.340436
-2.0,11,36.342266
-3.0,11,36.344033
0.0,11,36.34588
-1.0,11,36.347338
0.0,11,36.349195
0.0,11,36.351047
-1.0,11,36.352883
-2.0,11,36.354278
-2.0,11,36.356168
-1.0,11,36.358005
-2.0,11,36.359802
-2.0,11,36.361215
0.0,11,36.363072
0.0,11,36.36492
-2.0,11,36.366678
-1.0,11,36.368008
-1.0,11,36.369852
-1.0,11,36.371797
-2.0,11,36.373708
0.0,11,36.375205
-3.0,11,36.377033
0.0,11,36.379011
-1.0,11,36.380936
-2.0,11,36.382547
-1.0,11,36.384497
-2.0,11,36.386805
-3.0,11,36.388846
-2.0,11,36.390293
-2.0,11,36.392056
-1.0,11,36.393897
0.0,11,36.395773
-1.0,11,36.397343
-1.0,11,36.399531
-2.0,11,36.401651
-1.0,11,36.403837
-1.0,11,36.405597
-1.0,11,36.407839
-1.0,11,36.409809
-2.0,11,36.411725
0.0,11,36.4133
-2.0,11,36.415183
-1.0,11,36.417039
-1.0,11,36.418906
-3.0,11,36.420361
-1.0,11,36.422271
0.0,11,36.42417
-1.0,11,36.425993
-2.0,11,36.427476
-2.0,11,36.429282
-2.0,11,36.431098
-1.0,11,36.433016
-1.0,11,36.434513
-1.0,11,36.436321
-3.0,11,36.438048
-2.0,11,36.439864
-1.0,11,36.441328
-1.0,11,36.44319
-1.0,11,36.445046
0.0,11,36.446947
-2.0,11,36.448356
-1.0,11,36.450149
-2.0,11,36.451936
0.0,11,36.453673
-1.0,11,36.455117
-1.0,11,36.457032
-2.0,11,36.458797
-1.0,11,36.460681
0.0,11,36.462207
-2.0,11,36.463961
-1.0,11,36.465783
-2.0,11,36.467674
-1.0,11,36.469144
-1.0,11,36.470957
-1.0,11,36.472827
0.0,11,36.474675
-2.0,11,36.476045
-2.0,11,36.477803
-2.0,11,36.479592
-1.0,11,36.481356
-2.0,11,36.482732
0.0,11,36.484481
-1.0,11,36.486343
-2.0,11,36.488157
-2.0,11,36.489563
-2.0,11,36.491477
-1.0,11,36.493307
-1.0,11,36.495156
-1.0,11,36.496615
0.0,11,36.498787
-1.0,11,36.500693
-2.0,11,36.502482
-1.0,11,36.503928
0.0,11,36.50578
-1.0,11,36.507731
-2.0,11,36.509561
-1.0,11,36.511034
-2.0,11,36.512935
-1.0,11,36.514754
-2.0,11,36.516686
-2.0,11,36.518223
-2.0,11,36.520054
-2.0,11,36.521924
-1.0,11,36.523769
-1.0,11,36.525233
-2.0,11,36.526996
-1.0,11,36.528776
0.0,11,36.530635
0.0,11,36.532131
-2.0,11,36.533898
-1.0,11,36.53577
-1.0,11,36.537626
-1.0,11,36.539076
-2.0,11,36.54102
-1.0,11,36.542999
-1.0,11,36.544728
-3.0,11,36.546183
-1.0,11,36.548035
-2.0,11,36.549932
-1.0,11,36.55172
-1.0,11,36.553198
0.0,11,36.555057
0.0,11,36.55684
-2.0,11,36.558706
0.0,11,36.56018
-1.0,11,36.562081
0.0,11,36.563939
-2.0,11,36.565666
-3.0,11,36.566985
-2.0,11,36.56869
0.0,11,36.570617
-1.0,11,36.57245
-1.0,11,36.573826
-1.0,11,36.575699
-1.0,11,36.577538
-2.0,11,36.579278
0.0,11,36.580645
0.0,11,36.582448
-1.0,11,36.584302
-1.0,11,36.58617
-2.0,11,36.587658
0.0,11,36.589507
0.0,11,36.591374
-1.0,11,36.593253
-1.0,11,36.594607
-2.0,11,36.596413
-2.0,11,36.598282
-1.0,11,36.600192
-1.0,11,36.601615
0.0,11,36.603424
0.0,11,36.605261
0.0,11,36.607129
-1.0,11,36.608534
-1.0,11,36.610336
-3.0,11,36.612139
-2.0,11,36.613968
-1.0,11,36.615407
-1.0,11,36.617319
-1.0,11,36.619265
-2.0,11,36.62104
-2.0,11,36.622433
-1.0,11,36.624209
-1.0,11,36.626103
0.0,11,36.627948
-1.0,11,36.629407
-1.0,11,36.631215
0.0,11,36.633089
0.0,11,36.634892
-2.0,11,36.636315
-2.0,11,36.638186
-2.0,11,36.640055
-1.0,11,36.641896
-2.0,11,36.643279
-1.0,11,36.64503
0.0,11,36.646879
0.0,11,36.648686
0.0,11,36.650095
-2.0,11,36.651897
-1.0,11,36.653686
0.0,11,36.655599
-1.0,11,36.657106
0.0,11,36.658873
-1.0,11,36.660646
-1.0,11,36.662442
-1.0,11,36.663899
-1.0,11,36.66578
-2.0,11,36.667648
-2.0,11,36.669545
-1.0,11,36.670943
-2.0,11,36.672861
-1.0,11,36.674684
-1.0,11,36.67661
-2.0,11,36.678195
0.0,11,36.680131
-1.0,11,36.681909
-1.0,11,36.68376
-3.0,11,36.685159
-1.0,11,36.687134
-1.0,11,36.689024
-3.0,11,36.690805
-2.0,11,36.692184
-1.0,11,36.694006
-3.0,11,36.695857
0.0,11,36.697768
-3.0,11,36.699135
0.0,11,36.701015
-2.0,11,36.702881
-2.0,11,36.704741
0.0,11,36.706251
0.0,11,36.708113
-1.0,11,36.710004
-2.0,11,36.711803
-2.0,11,36.713219
0.0,11,36.715129
-3.0,11,36.716892
-1.0,11,36.718741
-1.0,11,36.72022
0.0,11,36.722088
-2.0,11,36.723872
-1.0,11,36.725733
-1.0,11,36.727141
-2.0,11,36.728994
-1.0,11,36.730855
-2.0,11,36.73263
-2.0,11,36.734024
-3.0,11,36.735828
-1.0,11,36.737694
0.0,11,36.739502
-1.0,11,36.740984
-3.0,11,36.742794
-1.0,11,36.744672
-1.0,11,36.746523
0.0,11,36.747909
-2.0,11,36.749754
-1.0,11,36.75156
-1.0,11,36.753393
0.0,11,36.754836
0.0,11,36.756749
0.0,11,36.758645
0.0,11,36.760549
-1.0,11,36.761981
0.0,11,36.763848
0.0,11,36.765712
-1.0,11,36.767609
-1.0,11,36.76907
-1.0,11,36.770934
-2.0,11,36.772715
-2.0,11,36.774532
-2.0,11,36.775928
-1.0,11,36.777691
-1.0,11,36.77944
-1.0,11,36.781239
-1.0,11,36.782702
-1.0,11,36.784588
-1.0,11,36.786395
-1.0,11,36.788226
-1.0,11,36.789671
-1.0,11,36.791506
-2.0,11,36.793289
0.0,11,36.795111
0.0,11,36.796624
-2.0,11,36.798356
-1.0,11,36.800237
0.0,11,36.802096
0.0,11,36.803521
0.0,11,36.805374
-1.0,11,36.807164
0.0,11,36.809051
-1.0,11,36.810503
0.0,11,36.812404
-2.0,11,36.814154
0.0,11,36.816003
-1.0,11,36.817322
0.0,11,36.819201
-1.0,11,36.820945
-1.0,11,36.822809
-1.0,11,36.824325
0.0,11,36.826141
-3.0,11,36.827897
-2.0,11,36.829802
-1.0,11,36.831227
-2.0,11,36.832934
-1.0,11,36.834679
-1.0,11,36.836573
-1.0,11,36.837983
-1.0,11,36.839905
0.0,11,36.841746
-1.0,11,36.843593
-1.0,11,36.845214
-2.0,11,36.847043
-1.0,11,36.84891
0.0,11,36.850804
-2.0,11,36.852211
-2.0,11,36.853962
0.0,11,36.855833
-1.0,11,36.857824
-2.0,11,36.8592
-2.0,11,36.860931
-1.0,11,36.862772
-2.0,11,36.864532
0.0,11,36.866064
-1.0,11,36.867923
0.0,11,36.869837
-2.0,11,36.871491
0.0,11,36.873011
-2.0,11,36.87481
-1.0,11,36.876654
-1.0,11,36.878449
-2.0,11,36.879806
-1.0,11,36.881619
-1.0,11,36.883379
-1.0,11,36.885248
-1.0,11,36.886637
0.0,11,36.888509
-2.0,11,36.890268
-2.0,11,36.892088
-1.0,11,36.893527
0.0,11,36.895414
-2.0,11,36.89725
0.0,11,36.89915
0.0,11,36.900554
-1.0,11,36.902379
-2.0,11,36.904169
-1.0,11,36.906025
-2.0,11,36.907474
0.0,11,36.909354
-1.0,11,36.911196
-1.0,11,36.913031
-2.0,11,36.91439
-1.0,11,36.916144
-1.0,11,36.917926
0.0,11,36.919741
-3.0,11,36.921043
-2.0,11,36.922828
-1.0,11,36.924662
0.0,11,36.926484
-1.0,11,36.927949
-1.0,11,36.92985
-1.0,11,36.931678
-2.0,11,36.93356
0.0,11,36.935043
-1.0,11,36.936819
-1.0,11,36.938681
-1.0,11,36.940525
-2.0,11,36.941921
-1.0,11,36.943834
-1.0,11,36.945633
-3.0,11,36.947356
0.0,11,36.948831
-1.0,11,36.950661
-1.0,11,36.952452
-3.0,11,36.95421
-1.0,11,36.955633
-1.0,11,36.957437
-1.0,11,36.959299
-1.0,11,36.961165
0.0,11,36.962685
-2.0,11,36.964536
-1.0,11,36.966361
-1.0,11,36.968218
0.0,11,36.969679
0.0,11,36.971558
-1.0,11,36.973303
-1.0,11,36.975116
0.0,11,36.97654
-1.0,11,36.978438
0.0,11,36.980329
-2.0,11,36.982158
-1.0,11,36.983555
-1.0,11,36.985437
-1.0,11,36.987275
0.0,11,36.989148
-1.0,11,36.990606
-1.0,11,36.992384
-1.0,11,36.994302
-1.0,11,36.996168
-1.0,11,36.997644
-2.0,11,36.999399
-1.0,11,37.001242
-1.0,11,37.00306
0.0,11,37.004435
-1.0,11,37.006205
-1.0,11,37.008078
-2.0,11,37.009869
-1.0,11,37.011371
-1.0,11,37.013337
0.0,11,37.015177
-1.0,11,37.017012
-1.0,11,37.018672
-1.0,11,37.020652
0.0,11,37.022519
-3.0,11,37.024328
-2.0,11,37.025741
-1.0,11,37.027624
-1.0,11,37.029578
-1.0,11,37.031473
0.0,11,37.032892
-1.0,11,37.034741
-1.0,11,37.036549
-1.0,11,37.038457
-2.0,11,37.039982
0.0,11,37.042
-1.0,11,37.043825
-2.0,11,37.04568
0.0,11,37.047127
-1.0,11,37.04891
-1.0,11,37.050767
-1.0,11,37.052606
-3.0,11,37.053974
-2.0,11,37.055807
-1.0,11,37.057621
-1.0,11,37.05949
-1.0,11,37.060953
-1.0,11,37.062639
-1.0,11,37.064517
0.0,11,37.066413
-1.0,11,37.067924
-2.0,11,37.069751
0.0,11,37.071713
-1.0,11,37.073528
-1.0,11,37.074969
-1.0,11,37.076786
0.0,11,37.078634
-2.0,11,37.080537
-2.0,11,37.08189
-2.0,11,37.083798
0.0,11,37.085602
-2.0,11,37.087406
-2.0,11,37.088855
-1.0,11,37.090733
0.0,11,37.09265
-1.0,11,37.09455
-1.0,11,37.095937
-1.0,11,37.097789
-2.0,11,37.09964
0.0,11,37.101411
-2.0,11,37.102891
-1.0,11,37.104784
-1.0,11,37.106661
0.0,11,37.108528
-1.0,11,37.109996
-2.0,11,37.111716
-2.0,11,37.11354
-1.0,11,37.115337
-2.0,11,37.116778
-1.0,11,37.118633
-1.0,11,37.120467
-1.0,11,37.122323
0.0,11,37.123806
-2.0,11,37.125581
0.0,11,37.127434
0.0,11,37.129321
-2.0,11,37.130739
-1.0,11,37.132519
0.0,11,37.134306
-2.0,11,37.136121
-1.0,11,37.137604
0.0,11,37.139388
-1.0,11,37.141193
-1.0,11,37.143074
0.0,11,37.144585
0.0,11,37.146357
-2.0,11,37.148207
-1.0,11,37.150086
-1.0,11,37.151518
-1.0,11,37.153348
-1.0,11,37.155246
-1.0,11,37.157064
-1.0,11,37.158452
-2.0,11,37.160288
-1.0,11,37.162135
-1.0,11,37.163944
0.0,11,37.16546
0.0,11,37.167292
-1.0,11,37.169129
-2.0,11,37.170975
0.0,11,37.172444
-1.0,11,37.174259
0.0,11,37.176107
0.0,11,37.177929
-2.0,11,37.179364
-3.0,11,37.181148
-2.0,11,37.182984
-1.0,11,37.184849
-1.0,11,37.186298
-1.0,11,37.188299
-1.0,11,37.190153
0.0,11,37.19206
0.0,11,37.193713
0.0,11,37.195642
-2.0,11,37.197462
0.0,11,37.19954
0.0,11,37.201048
-1.0,11,37.202983
-1.0,11,37.204872
0.0,11,37.206727
-1.0,11,37.208174
-2.0,11,37.210026
-1.0,11,37.21187
-3.0,11,37.2137
-1.0,11,37.215085
-2.0,11,37.216839
-1.0,11,37.218674
-2.0,11,37.220419
-1.0,11,37.221851
-3.0,11,37.223546
-2.0,11,37.225427
0.0,11,37.227324
-1.0,11,37.228742
-1.0,11,37.230659
-1.0,11,37.232458
-1.0,11,37.234287
0.0,11,37.235781
0.0,11,37.237653
-1.0,11,37.23948
0.0,11,37.241346
0.0,11,37.242715
0.0,11,37.244638
-1.0,11,37.24651
-1.0,11,37.248385
-2.0,11,37.249823
-1.0,11,37.251625
-1.0,11,37.253504
0.0,11,37.255326
-1.0,11,37.256742
-1.0,11,37.258499
-1.0,11,37.260376
-2.0,11,37.262124
0.0,11,37.263611
-1.0,11,37.265502
-3.0,11,37.267313
-1.0,11,37.269079
-1.0,11,37.270521
-2.0,11,37.27232
0.0,11,37.274235
-1.0,11,37.276064
-1.0,11,37.277462
-1.0,11,37.279219
-1.0,11,37.281134
-2.0,11,37.28298
-2.0,11,37.28439
0.0,11,37.2863
-2.0,11,37.288084
-2.0,11,37.289773
-1.0,11,37.291128
-1.0,11,37.292955
-2.0,11,37.294715
-1.0,11,37.296585
0.0,11,37.29802
-3.0,11,37.299806
-1.0,11,37.301675
-1.0,11,37.303497
-1.0,11,37.304935
-1.0,11,37.306702
-2.0,11,37.308607
-1.0,11,37.310411
-2.0,11,37.311854
-1.0,11,37.313679
-1.0,11,37.315593
-1.0,11,37.317457
-3.0,11,37.318842
0.0,11,37.320758
0.0,11,37.322593
-1.0,11,37.324482
-2.0,11,37.325869
0.0,11,37.327777
-1.0,11,37.32961
-1.0,11,37.331369
-1.0,11,37.332733
0.0,11,37.334573
0.0,11,37.336425
-1.0,11,37.338302
0.0,11,37.33976
-1.0,11,37.341581
-2.0,11,37.343396
0.0,11,37.345247
0.0,11,37.346651
-1.0,11,37.348487
-4.0,11,37.3502
0.0,11,37.352025
-2.0,11,37.353452
0.0,11,37.355243
-3.0,11,37.357018
-1.0,11,37.358954
0.0,11,37.360429
-1.0,11,37.362413
-1.0,11,37.364196
-1.0,11,37.365977
0.0,11,37.367445
0.0,11,37.369592
-1.0,11,37.371436
-2.0,11,37.373324
0.0,11,37.374738
-1.0,11,37.376606
0.0,11,37.378564
-2.0,11,37.380478
0.0,11,37.381955
-2.0,11,37.383852
-1.0,11,37.385606
0.0,11,37.387507
0.0,11,37.388901
-1.0,11,37.390724
-2.0,11,37.392487
-1.0,11,37.394346
-1.0,11,37.395799
-1.0,11,37.397675
-1.0,11,37.399542
0.0,11,37.401412
-2.0,11,37.402865
-1.0,11,37.404682
-1.0,11,37.40649
-1.0,11,37.408315
-1.0,11,37.410021
0.0,11,37.411845
-1.0,11,37.413694
-1.0,11,37.415542
-1.0,11,37.416941
-1.0,11,37.418876
-1.0,11,37.420681
-2.0,11,37.422497
-2.0,11,37.423936
0.0,11,37.425832
-2.0,11,37.42762
-1.0,11,37.429409
-2.0,11,37.430746
-1.0,11,37.43258
-2.0,11,37.43438
0.0,11,37.436265
-2.0,11,37.437623
-1.0,11,37.439399
0.0,11,37.44129
-1.0,11,37.443178
-1.0,11,37.444647
-1.0,11,37.446446
-2.0,11,37.448238
0.0,11,37.450029
-2.0,11,37.451428
-1.0,11,37.453267
-1.0,11,37.455127
0.0,11,37.456924
-2.0,11,37.458376
0.0,11,37.460252
-1.0,11,37.462089
-1.0,11,37.463963
-1.0,11,37.465388
-1.0,11,37.467271
0.0,11,37.469171
-1.0,11,37.470988
-1.0,11,37.472373
-2.0,11,37.474174
0.0,11,37.476048
-2.0,11,37.477888
-2.0,11,37.479308
0.0,11,37.481128
0.0,11,37.482996
-2.0,11,37.484845
-1.0,11,37.486212
0.0,11,37.488109
0.0,11,37.48994
-1.0,11,37.491847
-2.0,11,37.493227
-1.0,11,37.49513
-2.0,11,37.49694
-1.0,11,37.498762
-2.0,11,37.500159
-1.0,11,37.501995
-2.0,11,37.503799
-1.0,11,37.505626
-1.0,11,37.507134
-2.0,11,37.50894
-1.0,11,37.510756
-1.0,11,37.512653
-2.0,11,37.514073
-1.0,11,37.515908
-1.0,11,37.517735
-2.0,11,37.51952
-2.0,11,37.521023
-1.0,11,37.522848
-1.0,11,37.524693
-2.0,11,37.526442
-1.0,11,37.527912
-1.0,11,37.529684
-1.0,11,37.531547
-1.0,11,37.533401
-1.0,11,37.534812
-1.0,11,37.536743
-1.0,11,37.53853
-2.0,11,37.540405
-1.0,11,37.541986
-1.0,11,37.54388
-1.0,11,37.545769
-2.0,11,37.547507
-1.0,11,37.54914
0.0,11,37.551029
-3.0,11,37.552926
0.0,11,37.554767
-2.0,11,37.5562
-2.0,11,37.558163
-1.0,11,37.560036
-1.0,11,37.561924
-1.0,11,37.563466
-1.0,11,37.56532
-1.0,11,37.567124
-2.0,11,37.569007
-2.0,11,37.570445
0.0,11,37.572343
0.0,11,37.574267
-2.0,11,37.576104
-1.0,11,37.577541
-2.0,11,37.579377
0.0,11,37.581239
-1.0,11,37.583055
0.0,11,37.584512
0.0,11,37.586323
-1.0,11,37.588198
0.0,11,37.590064
-2.0,11,37.591477
-1.0,11,37.593313
-1.0,11,37.595152
0.0,11,37.596977
-1.0,11,37.598412
-2.0,11,37.60021
-2.0,11,37.602096
-1.0,11,37.603961
-1.0,11,37.605355
0.0,11,37.607287
-1.0,11,37.609189
-2.0,11,37.611094
-2.0,11,37.61257
-1.0,11,37.614449
-1.0,11,37.616289
-1.0,11,37.618104
0.0,11,37.619569
0.0,11,37.621395
-1.0,11,37.623157
-2.0,11,37.625002
-1.0,11,37.626467
-3.0,11,37.628284
-1.0,11,37.630195
0.0,11,37.632084
-1.0,11,37.633556
0.0,11,37.635465
-1.0,11,37.637225
-1.0,11,37.639049
0.0,11,37.640474
-1.0,11,37.642302
0.0,11,37.644097
-2.0,11,37.645898
-1.0,11,37.647361
-2.0,11,37.649146
-1.0,11,37.650982
0.0,11,37.652881
-2.0,11,37.654353
0.0,11,37.656289
-3.0,11,37.65812
0.0,11,37.6599
-3.0,11,37.661249
-1.0,11,37.663113
-2.0,11,37.664947
0.0,11,37.66677
-1.0,11,37.668179
0.0,11,37.670081
0.0,11,37.671949
0.0,11,37.673863
-1.0,11,37.67533
-1.0,11,37.677197
0.0,11,37.679022
0.0,11,37.680868
-1.0,11,37.682338
-1.0,11,37.684169
-1.0,11,37.686004
-1.0,11,37.687761
-1.0,11,37.689216
0.0,11,37.691129
0.0,11,37.693033
-2.0,11,37.694851
-1.0,11,37.696293
-2.0,11,37.69813
0.0,11,37.699989
-3.0,11,37.701776
0.0,11,37.703304
0.0,11,37.705209
-1.0,11,37.707079
-2.0,11,37.708856
-1.0,11,37.710302
-1.0,11,37.712309
-1.0,11,37.714119
-1.0,11,37.715879
0.0,11,37.717527
-1.0,11,37.71956
-1.0,11,37.721416
-2.0,11,37.723327
-2.0,11,37.724761
0.0,11,37.726613
-1.0,11,37.728483
-2.0,11,37.730232
0.0,11,37.731615
-1.0,11,37.733466
-1.0,11,37.735305
0.0,11,37.737216
-1.0,11,37.73871
-2.0,11,37.740527
-1.0,11,37.742326
-1.0,11,37.744139
-1.0,11,37.745592
-2.0,11,37.747475
-2.0,11,37.749286
0.0,11,37.751177
-2.0,11,37.752612
-1.0,11,37.754432
-2.0,11,37.7562
-1.0,11,37.757999
-1.0,11,37.759402
-1.0,11,37.761204
-2.0,11,37.762913
-1.0,11,37.76476
-3.0,11,37.766175
-1.0,11,37.768062
-2.0,11,37.769859
-1.0,11,37.771669
-1.0,11,37.773102
-2.0,11,37.774964
-1.0,11,37.776735
-1.0,11,37.77852
-3.0,11,37.77992
-1.0,11,37.781772
-1.0,11,37.78355
-1.0,11,37.785422
-1.0,11,37.78686
-1.0,11,37.788726
-2.0,11,37.790546
0.0,11,37.792387
0.0,11,37.793889
-1.0,11,37.795703
-1.0,11,37.797523
-1.0,11,37.799339
-1.0,11,37.800828
0.0,11,37.802654
0.0,11,37.804521
0.0,11,37.806404
-2.0,11,37.807794
-2.0,11,37.809611
-1.0,11,37.811481
-1.0,11,37.813278
-1.0,11,37.814687
-1.0,11,37.816511
-2.0,11,37.81835
0.0,11,37.82023
-1.0,11,37.821658
-1.0,11,37.823414
-1.0,11,37.825261
-1.0,11,37.827127
-2.0,11,37.828532
-1.0,11,37.83036
-2.0,11,37.832062
-1.0,11,37.833897
0.0,11,37.835414
-2.0,11,37.837093
-1.0,11,37.838948
0.0,11,37.840848
-3.0,11,37.842226
-1.0,11,37.844023
-2.0,11,37.845902
-2.0,11,37.847694
-1.0,11,37.849081
-2.0,11,37.850979
0.0,11,37.852872
-1.0,11,37.854693
0.0,11,37.856045
0.0,11,37.8579
-1.0,11,37.859748
-1.0,11,37.861599
-2.0,11,37.863067
-1.0,11,37.864853
-1.0,11,37.866751
0.0,11,37.868677
0.0,11,37.870195
-2.0,11,37.872025
-1.0,11,37.873806
0.0,11,37.875629
0.0,11,37.877071
0.0,11,37.878968
-2.0,11,37.880789
0.0,11,37.882776
0.0,11,37.884249
-1.0,11,37.886367
-2.0,11,37.888401
-2.0,11,37.890812
-2.0,11,37.892637
0.0,11,37.894934
0.0,11,37.897148
0.0,11,37.899587
-1.0,11,37.901167
0.0,11,37.903259
-1.0,11,37.905446
-1.0,11,37.907571
-1.0,11,37.909106
-1.0,11,37.911089
-1.0,11,37.913238
-1.0,11,37.915253
-1.0,11,37.916772
-1.0,11,37.918727
-1.0,11,37.92074
-2.0,11,37.922821
-1.0,11,37.924559
-1.0,11,37.926623
-1.0,11,37.928608
0.0,11,37.930757
-1.0,11,37.932406
-2.0,11,37.934404
0.0,11,37.93636
-2.0,11,37.938188
-2.0,11,37.939685
-2.0,11,37.941588
-1.0,11,37.943554
-1.0,11,37.945425
0.0,11,37.946871
-1.0,11,37.94888
-2.0,11,37.950806
-1.0,11,37.952701
0.0,11,37.954248
0.0,11,37.956115
0.0,11,37.957996
-1.0,11,37.959917
-2.0,11,37.961423
0.0,11,37.963302
-1.0,11,37.965163
-1.0,11,37.967061
-1.0,11,37.968512
-1.0,11,37.970335
0.0,11,37.972185
-2.0,11,37.974051
-3.0,11,37.975459
-1.0,11,37.977314
-1.0,11,37.97913
-1.0,11,37.981051
-1.0,11,37.982478
-3.0,11,37.984313
-2.0,11,37.986118
-2.0,11,37.987959
-1.0,11,37.989377
0.0,11,37.991297
-2.0,11,37.993147
0.0,11,37.995033
-1.0,11,37.996561
0.0,11,37.998407
-1.0,11,38.000325
-1.0,11,38.002229
0.0,11,38.003696
-1.0,11,38.005577
-1.0,11,38.007348
-1.0,11,38.00918
-1.0,11,38.010611
-2.0,11,38.012542
-1.0,11,38.014498
-1.0,11,38.016385
-2.0,11,38.017871
-1.0,11,38.019712
0.0,11,38.021614
-1.0,11,38.023364
0.0,11,38.024911
-1.0,11,38.026843
-1.0,11,38.028761
-1.0,11,38.030615
-3.0,11,38.032011
-1.0,11,38.033818
-1.0,11,38.035668
0.0,11,38.037574
-1.0,11,38.03909
-1.0,11,38.041095
-1.0,11,38.043036
0.0,11,38.045041
-2.0,11,38.046637
-1.0,11,38.048678
-2.0,11,38.050792
-2.0,11,38.052717
-1.0,11,38.054346
-2.0,11,38.056347
0.0,11,38.058318
-1.0,11,38.060143
-1.0,11,38.061629
0.0,11,38.063507
0.0,11,38.065419
-1.0,11,38.067253
-1.0,11,38.068694
-1.0,11,38.070642
-2.0,11,38.072404
-2.0,11,38.074219
0.0,11,38.075762
-1.0,11,38.077824
-1.0,11,38.079701
-3.0,11,38.081533
-1.0,11,38.083115
-2.0,11,38.084978
0.0,11,38.086926
-1.0,11,38.088653
-2.0,11,38.090168
-1.0,11,38.092026
-2.0,11,38.093794
-1.0,11,38.095605
-1.0,11,38.097044
-3.0,11,38.098874
-1.0,11,38.100768
0.0,11,38.102619
-3.0,11,38.104038
0.0,11,38.105967
-1.0,11,38.107867
-1.0,11,38.109738
-1.0,11,38.111164
-1.0,11,38.113058
-1.0,11,38.114936
-1.0,11,38.116802
-1.0,11,38.118225
-2.0,11,38.120104
-1.0,11,38.121977
0.0,11,38.123878
0.0,11,38.125342
-2.0,11,38.127249
-1.0,11,38.12915
-1.0,11,38.130995
-2.0,11,38.132452
-3.0,11,38.134314
-1.0,11,38.136193
-1.0,11,38.138031
-3.0,11,38.139485
-3.0,11,38.141235
-2.0,11,38.143069
-1.0,11,38.14494
-2.0,11,38.146368
0.0,11,38.148221
-1.0,11,38.150093
0.0,11,38.152028
0.0,11,38.153505
-1.0,11,38.155382
-2.0,11,38.157235
0.0,11,38.159119
-1.0,11,38.16045
-1.0,11,38.16224
-1.0,11,38.164152
-1.0,11,38.16606
0.0,11,38.167496
0.0,11,38.169355
0.0,11,38.171202
-1.0,11,38.172951
0.0,11,38.174389
-1.0,11,38.176192
-2.0,11,38.178053
-2.0,11,38.17984
-1.0,11,38.181275
-1.0,11,38.183068
-1.0,11,38.185024
-3.0,11,38.186862
0.0,11,38.188368
-1.0,11,38.190208
-1.0,11,38.192122
0.0,11,38.194037
0.0,11,38.195509
-1.0,11,38.19738
-1.0,11,38.199176
-2.0,11,38.20098
-2.0,11,38.202484
-2.0,11,38.204298
-1.0,11,38.206094
0.0,11,38.20802
0.0,11,38.209552
0.0,11,38.211398
0.0,11,38.213306
-1.0,11,38.215177
-2.0,11,38.216632
-1.0,11,38.218433
-1.0,11,38.220303
-1.0,11,38.222139
-1.0,11,38.223595
-1.0,11,38.225458
-2.0,11,38.227336
-1.0,11,38.229171
-1.0,11,38.230605
-1.0,11,38.232548
-1.0,11,38.234422
-1.0,11,38.236289
-1.0,11,38.237796
-1.0,11,38.239668
-1.0,11,38.241506
0.0,11,38.243381
-2.0,11,38.244813
-2.0,11,38.246769
0.0,11,38.248648
0.0,11,38.250558
0.0,11,38.252204
0.0,11,38.254215
-2.0,11,38.256232
-2.0,11,38.258086
-1.0,11,38.259577
-2.0,11,38.261513
-1.0,11,38.263368
-1.0,11,38.265272
-1.0,11,38.266713
-1.0,11,38.26858
-1.0,11,38.27042
-1.0,11,38.272257
0.0,11,38.273756
-1.0,11,38.275578
-1.0,11,38.277439
0.0,11,38.279338
0.0,11,38.280806
-1.0,11,38.282635
0.0,11,38.284472
0.0,11,38.286335
-1.0,11,38.28782
-1.0,11,38.289687
0.0,11,38.291602
-1.0,11,38.293508
-2.0,11,38.294866
0.0,11,38.296705
-2.0,11,38.298497
-3.0,11,38.30027
-1.0,11,38.301729
-2.0,11,38.303683
-2.0,11,38.305505
-1.0,11,38.307408
-1.0,11,38.308892
-2.0,11,38.310766
-1.0,11,38.312668
0.0,11,38.314507
-1.0,11,38.315996
-2.0,11,38.317793
0.0,11,38.319634
0.0,11,38.321518
-1.0,11,38.322918
-1.0,11,38.324765
0.0,11,38.326656
-1.0,11,38.328544
0.0,11,38.329995
-1.0,11,38.331798
-1.0,11,38.333666
-2.0,11,38.335497
0.0,11,38.336966
-1.0,11,38.338767
-1.0,11,38.340639
0.0,11,38.342518
0.0,11,38.344028
-1.0,11,38.345849
-3.0,11,38.347712
-1.0,11,38.349554
-2.0,11,38.35095
-2.0,11,38.352789
-2.0,11,38.354557
0.0,11,38.35641
-1.0,11,38.357827
-2.0,11,38.359648
-1.0,11,38.361504
0.0,11,38.363328
0.0,11,38.364724
-1.0,11,38.366589
-1.0,11,38.368472
0.0,11,38.370386
-1.0,11,38.371852
0.0,11,38.373654
-1.0,11,38.375496
0.0,11,38.377328
0.0,11,38.378808
0.0,11,38.380706
0.0,11,38.382592
-1.0,11,38.384314
-1.0,11,38.385625
0.0,11,38.387479
-1.0,11,38.389296
-2.0,11,38.39113
-1.0,11,38.392587
0.0,11,38.394447
-2.0,11,38.396294
0.0,11,38.398146
0.0,11,38.399594
0.0,11,38.401415
-1.0,11,38.403211
-1.0,11,38.405039
-2.0,11,38.406444
-2.0,11,38.40821
0.0,11,38.410109
0.0,11,38.412004
-3.0,11,38.41345
0.0,11,38.415319
-1.0,11,38.417119
-1.0,11,38.418939
-1.0,11,38.420374
-1.0,11,38.422379
-1.0,11,38.42426
0.0,11,38.426028
-1.0,11,38.427591
0.0,11,38.429637
-1.0,11,38.431595
-2.0,11,38.43347
-1.0,11,38.434991
-2.0,11,38.436981
-1.0,11,38.438932
-1.0,11,38.440752
-2.0,11,38.442132
-1.0,11,38.444059
0.0,11,38.445961
-2.0,11,38.447849
0.0,11,38.449319
-1.0,11,38.451163
-1.0,11,38.453027
-2.0,11,38.454813
-1.0,11,38.456248
-2.0,11,38.457945
0.0,11,38.459845
-1.0,11,38.461608
-1.0,11,38.463137
-1.0,11,38.464939
-2.0,11,38.466756
-1.0,11,38.468568
-1.0,11,38.470078
0.0,11,38.471986
-2.0,11,38.473882
-1.0,11,38.475766
-1.0,11,38.47715
0.0,11,38.479073
0.0,11,38.480999
0.0,11,38.482875
-1.0,11,38.484281
-1.0,11,38.486187
-1.0,11,38.488056
-1.0,11,38.48992
-1.0,11,38.491397
-1.0,11,38.493307
0.0,11,38.495203
-4.0,11,38.497127
-1.0,11,38.498564
-1.0,11,38.500329
-1.0,11,38.502351
-1.0,11,38.504394
-1.0,11,38.505945
-3.0,11,38.508026
-2.0,11,38.510088
-1.0,11,38.512011
-1.0,11,38.5135
0.0,11,38.515343
0.0,11,38.517228
-1.0,11,38.519098
0.0,11,38.520582
-2.0,11,38.522469
0.0,11,38.524434
-1.0,11,38.526672
-1.0,11,38.528428
-2.0,11,38.530716
0.0,11,38.532919
0.0,11,38.535183
-2.0,11,38.536849
-2.0,11,38.538902
-3.0,11,38.541008
-1.0,11,38.543114
-3.0,11,38.544612
-1.0,11,38.546603
-1.0,11,38.548543
-2.0,11,38.550445
-2.0,11,38.551868
-1.0,11,38.553799
-1.0,11,38.555665
-2.0,11,38.55749
-1.0,11,38.558965
-2.0,11,38.56087
-2.0,11,38.562717
0.0,11,38.564602
0.0,11,38.565965
0.0,11,38.567805
-1.0,11,38.569655
0.0,11,38.571567
-1.0,11,38.573045
-1.0,11,38.574925
-1.0,11,38.576743
0.0,11,38.578642
-1.0,11,38.58015
-1.0,11,38.58202
-1.0,11,38.583895
-1.0,11,38.585761
-2.0,11,38.587244
-1.0,11,38.58897
-1.0,11,38.590836
0.0,11,38.592747
0.0,11,38.594285
-1.0,11,38.596209
-3.0,11,38.598006
-2.0,11,38.599842
-1.0,11,38.601364
-1.0,11,38.603408
0.0,11,38.605208
-1.0,11,38.607096
-2.0,11,38.608845
-2.0,11,38.610856
0.0,11,38.613018
-3.0,11,38.61485
-2.0,11,38.61632
-2.0,11,38.618062
-1.0,11,38.619947
-2.0,11,38.621822
-3.0,11,38.623243
0.0,11,38.625099
-1.0,11,38.626981
0.0,11,38.628882
0.0,11,38.630357
0.0,11,38.632271
-1.0,11,38.63405
-1.0,11,38.635899
-1.0,11,38.637388
0.0,11,38.63939
-1.0,11,38.641336
-1.0,11,38.643144
0.0,11,38.644766
-1.0,11,38.646722
-1.0,11,38.648631
0.0,11,38.650484
0.0,11,38.652008
-1.0,11,38.653835
0.0,11,38.655773
-5.0,11,38.657426
-2.0,11,38.658912
-1.0,11,38.660776
0.0,11,38.662697
0.0,11,38.664626
-2.0,11,38.665985
-1.0,11,38.667905
-1.0,11,38.669738
-1.0,11,38.671656
0.0,11,38.673187
-1.0,11,38.675071
0.0,11,38.676846
-2.0,11,38.678663
0.0,11,38.680082
-2.0,11,38.681845
-2.0,11,38.683679
0.0,11,38.685469
-2.0,11,38.686881
-1.0,11,38.688784
-1.0,11,38.690603
0.0,11,38.692472
-1.0,11,38.693955
-2.0,11,38.695754
-1.0,11,38.697546
0.0,11,38.699457
-2.0,11,38.700927
0.0,11,38.702812
-1.0,11,38.704679
-1.0,11,38.706528
-1.0,11,38.708004
-1.0,11,38.709866
0.0,11,38.711759
0.0,11,38.713623
0.0,11,38.715057
-1.0,11,38.716892
0.0,11,38.718708
-3.0,11,38.720548
-1.0,11,38.722
-2.0,11,38.723889
-3.0,11,38.725683
0.0,11,38.72758
-1.0,11,38.728984
-1.0,11,38.730838
0.0,11,38.732669
-1.0,11,38.734441
0.0,11,38.735901
0.0,11,38.737737
-1.0,11,38.739568
0.0,11,38.741395
-1.0,11,38.742856
-1.0,11,38.744599
-1.0,11,38.746428
-1.0,11,38.748241
0.0,11,38.749731
-1.0,11,38.751587
0.0,11,38.753404
0.0,11,38.755174
-1.0,11,38.75668
0.0,11,38.758583
-1.0,11,38.76033
-1.0,11,38.76216
0.0,11,38.763657
0.0,11,38.765515
-1.0,11,38.767394
-1.0,11,38.769181
-1.0,11,38.770653
0.0,11,38.772537
-2.0,11,38.774377
-1.0,11,38.776229
0.0,11,38.777679
-1.0,11,38.77963
0.0,11,38.781512
-1.0,11,38.783426
-1.0,11,38.785032
-1.0,11,38.787014
-1.0,11,38.788967
-1.0,11,38.79087
-2.0,11,38.792257
0.0,11,38.794139
-1.0,11,38.796165
-1.0,11,38.798078
-1.0,11,38.799565
0.0,11,38.801409
-1.0,11,38.803331
-2.0,11,38.805165
-1.0,11,38.806655
0.0,11,38.808522
0.0,11,38.810384
-1.0,11,38.81222
0.0,11,38.813641
-1.0,11,38.815509
-1.0,11,38.817424
-2.0,11,38.819204
0.0,11,38.820712
-1.0,11,38.822548
-1.0,11,38.824387
-1.0,11,38.826246
-2.0,11,38.827621
-1.0,11,38.829508
-1.0,11,38.83142
0.0,11,38.83329
-1.0,11,38.834767
-1.0,11,38.836625
-2.0,11,38.838497
-1.0,11,38.840368
-1.0,11,38.841774
-1.0,11,38.843659
-1.0,11,38.845577
-2.0,11,38.847372
-1.0,11,38.848908
0.0,11,38.850787
0.0,11,38.852708
-1.0,11,38.854549
0.0,11,38.856023
-2.0,11,38.857848
0.0,11,38.859634
0.0,11,38.86148
-1.0,11,38.862956
0.0,11,38.864789
-1.0,11,38.866651
-1.0,11,38.868476
-2.0,11,38.869883
-1.0,11,38.871769
-1.0,11,38.87354
-2.0,11,38.875264
0.0,11,38.87672
-2.0,11,38.878607
0.0,11,38.880478
-2.0,11,38.882267
-1.0,11,38.883706
0.0,11,38.885605
0.0,11,38.887489
-1.0,11,38.889332
-2.0,11,38.890745
-1.0,11,38.892664
0.0,11,38.894553
0.0,11,38.896436
-2.0,11,38.897938
-2.0,11,38.899811
-2.0,11,38.901696
-2.0,11,38.903551
-1.0,11,38.905024
-2.0,11,38.906873
0.0,11,38.908711
0.0,11,38.910607
-1.0,11,38.912027
0.0,11,38.913931
-1.0,11,38.915753
0.0,11,38.917651
0.0,11,38.919176
-1.0,11,38.921046
-1.0,11,38.9229
-2.0,11,38.924761
0.0,11,38.92624
-1.0,11,38.928106
-1.0,11,38.929967
0.0,11,38.93179
-1.0,11,38.933281
0.0,11,38.93516
-2.0,11,38.937046
-2.0,11,38.93894
-1.0,11,38.940368
-1.0,11,38.942232
-2.0,11,38.94404
-1.0,11,38.945871
-1.0,11,38.947365
-2.0,11,38.949161
-1.0,11,38.951018
-2.0,11,38.952876
-1.0,11,38.954382
-2.0,11,38.956295
-3.0,11,38.958112
0.0,11,38.960008
-1.0,11,38.961651
-1.0,11,38.963652
0.0,11,38.965517
-1.0,11,38.967348
0.0,11,38.968894
-1.0,11,38.97073
-2.0,11,38.972507
-1.0,11,38.974442
-2.0,11,38.975971
-1.0,11,38.977846
-1.0,11,38.979764
-1.0,11,38.98169
-1.0,11,38.983102
0.0,11,38.985011
-1.0,11,38.986888
-1.0,11,38.988736
0.0,11,38.990226
-1.0,11,38.992087
-1.0,11,38.993958
-1.0,11,38.995803
0.0,11,38.997269
-1.0,11,38.999147
-2.0,11,39.000972
-1.0,11,39.002811
0.0,11,39.004273
-1.0,11,39.006073
-1.0,11,39.00795
0.0,11,39.009817
-1.0,11,39.011253
-1.0,11,39.013081
-1.0,11,39.014894
-1.0,11,39.016741
-1.0,11,39.018226
-1.0,11,39.020344
-1.0,11,39.022174
0.0,11,39.024092
-1.0,11,39.025528
-1.0,11,39.02741
-2.0,11,39.029243
-3.0,11,39.030993
-1.0,11,39.032487
-2.0,11,39.034324
-1.0,11,39.036091
-2.0,11,39.037862
-2.0,11,39.039326
-1.0,11,39.041344
0.0,11,39.043289
-1.0,11,39.045124
-1.0,11,39.046555
-1.0,11,39.04842
-1.0,11,39.050224
-1.0,11,39.05208
-1.0,11,39.053487
-2.0,11,39.055313
-3.0,11,39.057188
-1.0,11,39.059108
0.0,11,39.060615
-2.0,11,39.062503
-1.0,11,39.064385
-1.0,11,39.066239
-2.0,11,39.067677
-1.0,11,39.069499
-2.0,11,39.071178
0.0,11,39.073004
0.0,11,39.074494
-1.0,11,39.076408
-2.0,11,39.078193
-2.0,11,39.080019
0.0,11,39.081522
-2.0,11,39.083407
0.0,11,39.085164
-1.0,11,39.087018
-2.0,11,39.088487
-1.0,11,39.090352
-1.0,11,39.092176
-1.0,11,39.094081
-1.0,11,39.095575
-2.0,11,39.097428
0.0,11,39.099353
-1.0,11,39.101128
-1.0,11,39.102605
0.0,11,39.104498
-1.0,11,39.106368
-1.0,11,39.108208
-3.0,11,39.109599
-1.0,11,39.111466
-1.0,11,39.113375
-2.0,11,39.115234
0.0,11,39.116722
-2.0,11,39.118566
0.0,11,39.120379
0.0,11,39.122165
-1.0,11,39.123654
-1.0,11,39.125536
-3.0,11,39.127364
-2.0,11,39.129119
-2.0,11,39.130525
0.0,11,39.132465
-1.0,11,39.13437
0.0,11,39.136198
-1.0,11,39.137765
-1.0,11,39.139786
0.0,11,39.141885
-2.0,11,39.143668
-2.0,11,39.145074
-2.0,11,39.146847
-2.0,11,39.148665
0.0,11,39.150532
-1.0,11,39.151982
-1.0,11,39.153897
-1.0,11,39.155786
0.0,11,39.157698
-2.0,11,39.15911
0.0,11,39.161002
-2.0,11,39.162891
0.0,11,39.164781
-1.0,11,39.166257
-1.0,11,39.1681
0.0,11,39.169948
-1.0,11,39.171748
-2.0,11,39.173222
-2.0,11,39.175022
-1.0,11,39.176885
0.0,11,39.178806
-1.0,11,39.180292
-2.0,11,39.182176
-3.0,11,39.183928
-1.0,11,39.185791
0.0,11,39.187204
-3.0,11,39.189061
0.0,11,39.190957
-1.0,11,39.192798
-1.0,11,39.194268
-1.0,11,39.196182
0.0,11,39.198098
-2.0,11,39.199893
-2.0,11,39.201245
0.0,11,39.203174
0.0,11,39.205097
0.0,11,39.206963
-3.0,11,39.208352
0.0,11,39.21025
-1.0,11,39.212157
-2.0,11,39.214038
-2.0,11,39.215456
-1.0,11,39.21722
-1.0,11,39.219118
-2.0,11,39.220983
-2.0,11,39.222392
0.0,11,39.224231
-1.0,11,39.226096
-1.0,11,39.227928
0.0,11,39.229434
-2.0,11,39.231202
-1.0,11,39.233018
-1.0,11,39.234877
-2.0,11,39.236272
0.0,11,39.238162
-1.0,11,39.239998
0.0,11,39.241846
0.0,11,39.243348
-2.0,11,39.245172
-1.0,11,39.247052
-2.0,11,39.248913
0.0,11,39.250438
-3.0,11,39.252228
-1.0,11,39.254068
-1.0,11,39.255933
-1.0,11,39.257327
0.0,11,39.259183
-1.0,11,39.261005
-2.0,11,39.262814
-1.0,11,39.264345
-2.0,11,39.266092
-1.0,11,39.267979
0.0,11,39.269894
-1.0,11,39.271407
-1.0,11,39.273367
-1.0,11,39.275311
-2.0,11,39.277235
-3.0,11,39.278771
-1.0,11,39.280646
-1.0,11,39.282691
0.0,11,39.284672
-1.0,11,39.286115
-1.0,11,39.288004
-1.0,11,39.289874
0.0,11,39.291809
-2.0,11,39.293296
-1.0,11,39.295246
-2.0,11,39.297189
-2.0,11,39.299083
0.0,11,39.300687
-2.0,11,39.302572
0.0,11,39.304542
0.0,11,39.306643
-1.0,11,39.308239
0.0,11,39.31043
-1.0,11,39.31234
-1.0,11,39.314325
-1.0,11,39.315991
-1.0,11,39.317843
-1.0,11,39.320664
0.0,11,39.322548
-2.0,11,39.325257
-2.0,11,39.328548
-2.0,11,39.330388
0.0,11,39.332265
-2.0,11,39.333715
-1.0,11,39.335536
0.0,11,39.33738
0.0,11,39.339285
0.0,11,39.340829
-1.0,11,39.342699
0.0,11,39.344587
-1.0,11,39.346393
-1.0,11,39.347767
-1.0,11,39.349626
-1.0,11,39.351457
-1.0,11,39.353318
-2.0,11,39.354733
0.0,11,39.356604
-2.0,11,39.358478
-1.0,11,39.360359
-1.0,11,39.36177
0.0,11,39.363597
0.0,11,39.36555
-1.0,11,39.367437
-1.0,11,39.368917
-1.0,11,39.370759
0.0,11,39.372561
-1.0,11,39.374336
-1.0,11,39.375862
-1.0,11,39.377741
0.0,11,39.379629
-1.0,11,39.38151
0.0,11,39.382958
-1.0,11,39.384797
-1.0,11,39.38667
-1.0,11,39.388501
0.0,11,39.390054
-1.0,11,39.391952
0.0,11,39.393788
-2.0,11,39.395627
0.0,11,39.39711
0.0,11,39.399019
0.0,11,39.400928
0.0,11,39.402717
-1.0,11,39.404142
-1.0,11,39.405971
0.0,11,39.407799
0.0,11,39.409597
-1.0,11,39.411027
-1.0,11,39.412856
0.0,11,39.414728
-1.0,11,39.416648
-2.0,11,39.418087
-1.0,11,39.419983
-1.0,11,39.421806
-2.0,11,39.423664
0.0,11,39.425167
-2.0,11,39.427027
-1.0,11,39.428844
0.0,11,39.430695
-1.0,11,39.432143
-2.0,11,39.434001
-1.0,11,39.435801
-2.0,11,39.437623
-2.0,11,39.439088
-2.0,11,39.440914
-1.0,11,39.442768
-2.0,11,39.444632
-1.0,11,39.446077
-2.0,11,39.447973
-1.0,11,39.449719
0.0,11,39.451595
-1.0,11,39.453009
-3.0,11,39.454761
-3.0,11,39.45657
0.0,11,39.458446
-1.0,11,39.459812
-1.0,11,39.461642
-1.0,11,39.463479
-1.0,11,39.465389
-1.0,11,39.466823
-1.0,11,39.468716
0.0,11,39.470612
-2.0,11,39.472458
0.0,11,39.473982
-1.0,11,39.475883
-1.0,11,39.477745
0.0,11,39.479606
0.0,11,39.481075
0.0,11,39.482956
-1.0,11,39.484832
-1.0,11,39.486684
-3.0,11,39.488071
-1.0,11,39.490063
0.0,11,39.491937
0.0,11,39.493848
-1.0,11,39.495523
-2.0,11,39.497454
-1.0,11,39.499269
0.0,11,39.501225
-3.0,11,39.502675
-1.0,11,39.504616
-1.0,11,39.506492
-1.0,11,39.508555
0.0,11,39.510014
0.0,11,39.511872
-1.0,11,39.513718
-1.0,11,39.515588
-2.0,11,39.517008
-2.0,11,39.518766
-2.0,11,39.520557
-2.0,11,39.522426
0.0,11,39.523859
0.0,11,39.525761
-1.0,11,39.527616
0.0,11,39.529381
-1.0,11,39.530818
-1.0,11,39.532694
0.0,11,39.534589
-1.0,11,39.536499
-1.0,11,39.537889
-1.0,11,39.539816
-2.0,11,39.54171
-1.0,11,39.543658
-1.0,11,39.545108
-3.0,11,39.546975
0.0,11,39.548921
-2.0,11,39.550727
-1.0,11,39.552124
-1.0,11,39.553964
0.0,11,39.555898
-1.0,11,39.557778
-1.0,11,39.559264
-1.0,11,39.561117
-1.0,11,39.563018
-1.0,11,39.564811
-3.0,11,39.566335
0.0,11,39.568233
-1.0,11,39.570091
0.0,11,39.571976
0.0,11,39.573495
-1.0,11,39.575358
-1.0,11,39.577077
-1.0,11,39.578982
-1.0,11,39.580441
-3.0,11,39.582277
0.0,11,39.584154
0.0,11,39.586041
0.0,11,39.587554
0.0,11,39.589429
0.0,11,39.591348
0.0,11,39.593239
-3.0,11,39.594614
-2.0,11,39.596441
-1.0,11,39.59831
0.0,11,39.600162
-1.0,11,39.601674
-1.0,11,39.603573
-1.0,11,39.605363
-1.0,11,39.607236
-1.0,11,39.608702
0.0,11,39.610613
-1.0,11,39.612437
0.0,11,39.614326
0.0,11,39.615825
0.0,11,39.617717
0.0,11,39.619563
0.0,11,39.621344
-2.0,11,39.622796
-2.0,11,39.62463
0.0,11,39.626479
0.0,11,39.62836
-1.0,11,39.629822
-1.0,11,39.631726
-1.0,11,39.633589
-1.0,11,39.635403
-1.0,11,39.636827
0.0,11,39.638737
0.0,11,39.640595
-2.0,11,39.64244
-1.0,11,39.643934
-2.0,11,39.645801
0.0,11,39.647665
-2.0,11,39.649549
-1.0,11,39.651039
-1.0,11,39.652877
-1.0,11,39.654815
-2.0,11,39.656633
0.0,11,39.658136
-1.0,11,39.660003
0.0,11,39.661868
-2.0,11,39.663746
-1.0,11,39.665244
0.0,11,39.667285
-1.0,11,39.669145
0.0,11,39.670906
-1.0,11,39.672416
-1.0,11,39.674488
0.0,11,39.676454
0.0,11,39.678423
-1.0,11,39.679926
-2.0,11,39.681795
0.0,11,39.68377
-2.0,11,39.685648
-1.0,11,39.687105
0.0,11,39.688952
-1.0,11,39.690907
0.0,11,39.692749
-2.0,11,39.694173
-1.0,11,39.696044
-1.0,11,39.697959
0.0,11,39.699791
-1.0,11,39.701328
0.0,11,39.703199
-1.0,11,39.705108
-1.0,11,39.706966
0.0,11,39.708496
-1.0,11,39.710312
-2.0,11,39.712203
-2.0,11,39.71404
-1.0,11,39.715416
-1.0,11,39.717221
-1.0,11,39.719016
0.0,11,39.720791
-1.0,11,39.722275
0.0,11,39.724161
-1.0,11,39.725997
0.0,11,39.727873
0.0,11,39.729313
0.0,11,39.731186
0.0,11,39.733082
0.0,11,39.734944
-1.0,11,39.736393
-1.0,11,39.738257
-1.0,11,39.740171
-2.0,11,39.742067
-1.0,11,39.743545
0.0,11,39.745348
-1.0,11,39.747174
-1.0,11,39.749053
0.0,11,39.750509
-1.0,11,39.752359
-1.0,11,39.754213
-1.0,11,39.756064
-1.0,11,39.757536
-1.0,11,39.759408
0.0,11,39.761322
-1.0,11,39.763122
-3.0,11,39.764482
-1.0,11,39.766371
-1.0,11,39.768285
-1.0,11,39.770177
-1.0,11,39.771683
-1.0,11,39.773495
-1.0,11,39.775328
0.0,11,39.777223
0.0,11,39.778683
-1.0,11,39.780559
-1.0,11,39.782442
-1.0,11,39.784269
0.0,11,39.785769
0.0,11,39.787684
0.0,11,39.789575
-1.0,11,39.791394
-1.0,11,39.792878
-1.0,11,39.794756
-1.0,11,39.796633
-2.0,11,39.798483
0.0,11,39.799991
-1.0,11,39.801799
-2.0,11,39.803595
0.0,11,39.805424
-1.0,11,39.806861
-1.0,11,39.808762
-1.0,11,39.810682
-1.0,11,39.812478
-1.0,11,39.813917
-3.0,11,39.815746
0.0,11,39.817616
0.0,11,39.819456
-1.0,11,39.820816
0.0,11,39.822692
-2.0,11,39.824485
0.0,11,39.826345
0.0,11,39.827802
-1.0,11,39.829675
-1.0,11,39.831518
0.0,11,39.833253
0.0,11,39.83473
-2.0,11,39.836549
-1.0,11,39.83846
-1.0,11,39.840324
-2.0,11,39.841686
-2.0,11,39.843702
0.0,11,39.845548
-1.0,11,39.847393
0.0,11,39.849057
-1.0,11,39.850982
0.0,11,39.852868
-2.0,11,39.854748
-1.0,11,39.856227
-1.0,11,39.858111
-1.0,11,39.859961
-1.0,11,39.861897
-1.0,11,39.863414
-1.0,11,39.865301
-1.0,11,39.867168
-1.0,11,39.869057
0.0,11,39.870535
-1.0,11,39.872405
0.0,11,39.874258
-2.0,11,39.876058
-2.0,11,39.877563
-2.0,11,39.8794
-2.0,11,39.881274
0.0,11,39.883096
0.0,11,39.884578
-1.0,11,39.886576
-1.0,11,39.888515
-3.0,11,39.890343
0.0,11,39.891862
-1.0,11,39.893696
-1.0,11,39.895618
0.0,11,39.897532
-3.0,11,39.898926
-1.0,11,39.90081
0.0,11,39.902667
-1.0,11,39.904543
-1.0,11,39.905963
-1.0,11,39.907917
0.0,11,39.909711
-2.0,11,39.911509
-1.0,11,39.912924
0.0,11,39.914802
-2.0,11,39.916641
-1.0,11,39.918555
0.0,11,39.920064
-2.0,11,39.921885
0.0,11,39.92375
0.0,11,39.925586
0.0,11,39.927127
-1.0,11,39.929004
-2.0,11,39.930855
0.0,11,39.932769
-1.0,11,39.934217
0.0,11,39.936094
0.0,11,39.937968
-3.0,11,39.939706
-1.0,11,39.941138
-1.0,11,39.942958
-1.0,11,39.944764
-1.0,11,39.946653
-1.0,11,39.948122
-1.0,11,39.949943
-1.0,11,39.951838
-1.0,11,39.953733
-1.0,11,39.955161
-2.0,11,39.956948
-1.0,11,39.958783
-2.0,11,39.960496
0.0,11,39.961913
-1.0,11,39.963807
-1.0,11,39.965607
-1.0,11,39.967499
-2.0,11,39.969026
-1.0,11,39.97089
-2.0,11,39.972634
-2.0,11,39.974497
-1.0,11,39.975937
0.0,11,39.977783
-1.0,11,39.979616
-1.0,11,39.981498
-1.0,11,39.982999
0.0,11,39.984825
-2.0,11,39.986625
-3.0,11,39.988409
-2.0,11,39.989777
-1.0,11,39.991661
-2.0,11,39.993592
0.0,11,39.995571
0.0,11,39.997171
0.0,11,39.999034
-1.0,11,40.000942
-1.0,11,40.00273
-1.0,11,40.004217
-1.0,11,40.006099
-1.0,11,40.007951
0.0,11,40.009854
-1.0,11,40.011309
-2.0,11,40.013106
0.0,11,40.014938
0.0,11,40.01676
-1.0,11,40.018184
-1.0,11,40.020149
-1.0,11,40.021975
-1.0,11,40.023811
0.0,11,40.025362
0.0,11,40.027457
0.0,11,40.029374
-2.0,11,40.031263
-1.0,11,40.032725
-1.0,11,40.034639
-1.0,11,40.036658
0.0,11,40.038677
-1.0,11,40.040156
-1.0,11,40.042068
0.0,11,40.043891
-1.0,11,40.045924
-1.0,11,40.047435
-1.0,11,40.049334
-1.0,11,40.051246
-1.0,11,40.05307
-1.0,11,40.054595
0.0,11,40.056499
-1.0,11,40.058365
-1.0,11,40.060245
-1.0,11,40.061774
-2.0,11,40.06362
-1.0,11,40.065491
-1.0,11,40.067309
-2.0,11,40.068655
-1.0,11,40.070496
-1.0,11,40.072324
-1.0,11,40.074183
-1.0,11,40.075654
-2.0,11,40.077521
0.0,11,40.079392
0.0,11,40.081242
0.0,11,40.082668
-2.0,11,40.084452
-2.0,11,40.086361
-1.0,11,40.088187
-2.0,11,40.089608
-1.0,11,40.091412
-1.0,11,40.093168
-1.0,11,40.095023
-1.0,11,40.096521
0.0,11,40.098422
-3.0,11,40.10023
-2.0,11,40.101979
0.0,11,40.103515
-2.0,11,40.105388
-1.0,11,40.107141
-2.0,11,40.108933
-2.0,11,40.110392
-1.0,11,40.112278
-1.0,11,40.114085
-1.0,11,40.115907
-1.0,11,40.117377
-1.0,11,40.119243
-2.0,11,40.121053
-1.0,11,40.122905
-1.0,11,40.124381
-1.0,11,40.126232
-2.0,11,40.128073
-1.0,11,40.129905
-1.0,11,40.131342
-1.0,11,40.133188
-1.0,11,40.135107
-2.0,11,40.136943
-2.0,11,40.138426
0.0,11,40.140317
0.0,11,40.142175
-2.0,11,40.14401
-1.0,11,40.145507
-1.0,11,40.147368
-1.0,11,40.149144
-1.0,11,40.150957
-1.0,11,40.152387
-1.0,11,40.154224
-1.0,11,40.156176
-1.0,11,40.158083
0.0,11,40.159607
-3.0,11,40.161396
-1.0,11,40.16326
-2.0,11,40.165111
-1.0,11,40.166603
-1.0,11,40.168474
-2.0,11,40.170294
-2.0,11,40.172043
0.0,11,40.173509
0.0,11,40.175329
-1.0,11,40.177211
0.0,11,40.179116
-2.0,11,40.180497
-2.0,11,40.182356
-1.0,11,40.184211
0.0,11,40.186088
-1.0,11,40.187582
-1.0,11,40.189455
0.0,11,40.19131
-2.0,11,40.193124
0.0,11,40.194585
0.0,11,40.196591
-2.0,11,40.198402
0.0,11,40.200255
-1.0,11,40.201943
-1.0,11,40.204121
-1.0,11,40.206008
-2.0,11,40.207908
-1.0,11,40.209287
0.0,11,40.211153
-1.0,11,40.213025
-2.0,11,40.214863
0.0,11,40.216366
0.0,11,40.218214
0.0,11,40.219993
-1.0,11,40.22186
-1.0,11,40.223309
0.0,11,40.22518
-1.0,11,40.227052
-1.0,11,40.228836
-1.0,11,40.23027
-2.0,11,40.232152
-1.0,11,40.234074
0.0,11,40.235961
-1.0,11,40.239253
-1.0,11,40.241075
-3.0,11,40.24282
0.0,11,40.244682
-1.0,11,40.246151
0.0,11,40.247983
-1.0,11,40.249878
-2.0,11,40.251647
-2.0,11,40.252975
-1.0,11,40.25481
0.0,11,40.256709
-2.0,11,40.258566
-2.0,11,40.260039
-2.0,11,40.261915
0.0,11,40.263724
0.0,11,40.265624
-1.0,11,40.267078
0.0,11,40.268991
-3.0,11,40.270876
0.0,11,40.272751
-3.0,11,40.274175
0.0,11,40.276074
0.0,11,40.277953
0.0,11,40.279873
-1.0,11,40.281335
-1.0,11,40.283216
-1.0,11,40.285063
-1.0,11,40.286922
-2.0,11,40.288377
-1.0,11,40.290154
-1.0,11,40.291975
-1.0,11,40.293848
-1.0,11,40.295288
-2.0,11,40.297097
0.0,11,40.298988
-1.0,11,40.300857
0.0,11,40.302325
0.0,11,40.30423
-1.0,11,40.306099
0.0,11,40.308039
-1.0,11,40.309489
-1.0,11,40.311352
-2.0,11,40.313175
0.0,11,40.314966
0.0,11,40.316368
-1.0,11,40.318199
-1.0,11,40.320057
-1.0,11,40.321899
-2.0,11,40.323391
-1.0,11,40.325234
-2.0,11,40.327088
-2.0,11,40.328907
0.0,11,40.330392
-1.0,11,40.332233
-1.0,11,40.334095
-1.0,11,40.336014
0.0,11,40.337481
-1.0,11,40.339312
-2.0,11,40.341228
-1.0,11,40.343088
-1.0,11,40.344509
0.0,11,40.346404
-1.0,11,40.348227
0.0,11,40.350122
0.0,11,40.351562
-1.0,11,40.353371
0.0,11,40.35525
-1.0,11,40.357188
0.0,11,40.358705
-2.0,11,40.360482
-2.0,11,40.362292
-1.0,11,40.364151
0.0,11,40.365564
-2.0,11,40.367472
-2.0,11,40.369342
-1.0,11,40.371247
-1.0,11,40.372728
-2.0,11,40.374721
0.0,11,40.376625
0.0,11,40.378485
-2.0,11,40.380019
-1.0,11,40.381952
-1.0,11,40.383922
-2.0,11,40.38581
0.0,11,40.387436
-2.0,11,40.389303
-2.0,11,40.391095
0.0,11,40.393041
0.0,11,40.394538
0.0,11,40.396408
-2.0,11,40.398287
0.0,11,40.400081
-1.0,11,40.401518
-2.0,11,40.403355
-1.0,11,40.405262
-2.0,11,40.407089
-1.0,11,40.40853
-1.0,11,40.410477
-1.0,11,40.412301
-2.0,11,40.414078
-3.0,11,40.415562
-2.0,11,40.417432
0.0,11,40.419322
-1.0,11,40.421194
0.0,11,40.422654
-1.0,11,40.424472
-2.0,11,40.426271
-1.0,11,40.428121
0.0,11,40.429626
-1.0,11,40.431476
0.0,11,40.433385
-1.0,11,40.435242
0.0,11,40.436648
-1.0,11,40.438581
-1.0,11,40.440424
-1.0,11,40.442282
-1.0,11,40.443703
-1.0,11,40.445582
-1.0,11,40.447454
-1.0,11,40.449302
-1.0,11,40.450737
-1.0,11,40.452655
-1.0,11,40.454517
0.0,11,40.456413
-1.0,11,40.4578
0.0,11,40.45958
-2.0,11,40.461404
-2.0,11,40.463279
0.0,11,40.464753
-2.0,11,40.466536
-2.0,11,40.468407
-2.0,11,40.470166
-1.0,11,40.471568
-1.0,11,40.47346
0.0,11,40.475356
-1.0,11,40.477188
-1.0,11,40.478667
0.0,11,40.480561
-1.0,11,40.482462
0.0,11,40.484284
-1.0,11,40.485778
-2.0,11,40.487653
-1.0,11,40.489513
-3.0,11,40.491306
-1.0,11,40.492789
0.0,11,40.494706
-1.0,11,40.49653
-1.0,11,40.4984
-1.0,11,40.499851
0.0,11,40.501749
-2.0,11,40.503637
-1.0,11,40.505539
-2.0,11,40.506991
-3.0,11,40.508757
-1.0,11,40.510656
-1.0,11,40.512544
-1.0,11,40.514024
0.0,11,40.515876
-1.0,11,40.517748
-1.0,11,40.519631
-1.0,11,40.521023
-1.0,11,40.522896
0.0,11,40.524758
0.0,11,40.526602
-1.0,11,40.528108
0.0,11,40.530005
-2.0,11,40.531749
-1.0,11,40.53366
-2.0,11,40.535127
-1.0,11,40.536986
-1.0,11,40.538886
-1.0,11,40.540904
-1.0,11,40.542469
-1.0,11,40.544406
-1.0,11,40.546284
-1.0,11,40.54811
-2.0,11,40.549546
-1.0,11,40.551541
-2.0,11,40.553329
0.0,11,40.555201
-1.0,11,40.556735
-1.0,11,40.558636
0.0,11,40.560493
-1.0,11,40.562526
-1.0,11,40.564011
-1.0,11,40.565944
-2.0,11,40.567822
0.0,11,40.569837
-1.0,11,40.57139
-1.0,11,40.573297
0.0,11,40.575164
-2.0,11,40.577017
-1.0,11,40.578489
-1.0,11,40.580297
-1.0,11,40.582165
-2.0,11,40.584035
0.0,11,40.58551
0.0,11,40.587381
-1.0,11,40.589295
-2.0,11,40.591157
-2.0,11,40.592603
0.0,11,40.594475
-1.0,11,40.596185
-1.0,11,40.598041
0.0,11,40.599516
-1.0,11,40.601391
-1.0,11,40.603315
0.0,11,40.605249
-1.0,11,40.606743
-2.0,11,40.608609
0.0,11,40.610485
0.0,11,40.612357
-2.0,11,40.613784
-1.0,11,40.615656
-1.0,11,40.617509
0.0,11,40.619525
-2.0,11,40.621047
0.0,11,40.622936
-1.0,11,40.624979
0.0,11,40.627102
-2.0,11,40.628782
-2.0,11,40.63095
0.0,11,40.633254
0.0,11,40.635186
-1.0,11,40.636675
-1.0,11,40.638622
0.0,11,40.640576
-2.0,11,40.642521
-2.0,11,40.643899
-2.0,11,40.645805
-1.0,11,40.647975
0.0,11,40.650276
-1.0,11,40.652103
-2.0,11,40.654458
-1.0,11,40.656665
-1.0,11,40.658829
-1.0,11,40.660511
-1.0,11,40.662538
-1.0,11,40.664549
-1.0,11,40.66648
-1.0,11,40.667986
-1.0,11,40.669915
-1.0,11,40.671821
-1.0,11,40.673734
-1.0,11,40.675204
0.0,11,40.677124
-1.0,11,40.67896
0.0,11,40.680885
-1.0,11,40.682401
-1.0,11,40.684358
-1.0,11,40.686203
-1.0,11,40.688099
-3.0,11,40.689567
-2.0,11,40.691446
0.0,11,40.693279
0.0,11,40.695155
-2.0,11,40.696655
0.0,11,40.698566
0.0,11,40.700466
-1.0,11,40.702383
0.0,11,40.70385
-2.0,11,40.705679
0.0,11,40.707558
0.0,11,40.709393
-2.0,11,40.710904
-1.0,11,40.712781
0.0,11,40.714686
0.0,11,40.716563
-1.0,11,40.717976
-1.0,11,40.71991
0.0,11,40.721819
-1.0,11,40.723734
-1.0,11,40.725205
-2.0,11,40.727041
-2.0,11,40.728886
0.0,11,40.730743
-2.0,11,40.732211
0.0,11,40.734243
-1.0,11,40.736159
-1.0,11,40.737969
-1.0,11,40.739547
-1.0,11,40.741791
-1.0,11,40.743751
-1.0,11,40.745757
0.0,11,40.747212
-1.0,11,40.749083
0.0,11,40.750902
-1.0,11,40.7528
-3.0,11,40.754221
0.0,11,40.756096
-2.0,11,40.757962
-2.0,11,40.759778
0.0,11,40.761286
0.0,11,40.763213
-1.0,11,40.765073
-1.0,11,40.766959
-2.0,11,40.768399
0.0,11,40.77023
-1.0,11,40.772149
-2.0,11,40.773984
-1.0,11,40.775467
-1.0,11,40.77731
-2.0,11,40.779151
-2.0,11,40.780983
0.0,11,40.782479
-1.0,11,40.784403
-2.0,11,40.786172
-1.0,11,40.78808
-1.0,11,40.789498
-1.0,11,40.791415
-1.0,11,40.793247
-2.0,11,40.795103
-1.0,11,40.796597
-1.0,11,40.79847
-3.0,11,40.800333
-1.0,11,40.802214
-2.0,11,40.803717
-2.0,11,40.805525
-1.0,11,40.807432
0.0,11,40.809225
-1.0,11,40.810724
-1.0,11,40.812535
0.0,11,40.814416
-2.0,11,40.816305
-2.0,11,40.817717
0.0,11,40.819596
-1.0,11,40.821394
0.0,11,40.823335
0.0,11,40.824784
-2.0,11,40.82665
-1.0,11,40.828528
-1.0,11,40.830402
-2.0,11,40.83189
-1.0,11,40.833767
-2.0,11,40.835589
0.0,11,40.837435
-1.0,11,40.83886
-1.0,11,40.840794
0.0,11,40.842631
-1.0,11,40.844515
0.0,11,40.846029
-1.0,11,40.847903
0.0,11,40.849814
0.0,11,40.851729
0.0,11,40.853164
-1.0,11,40.855053
-1.0,11,40.856959
-1.0,11,40.858847
-2.0,11,40.860315
0.0,11,40.862178
-1.0,11,40.864069
-2.0,11,40.865963
0.0,11,40.867475
-1.0,11,40.869377
-1.0,11,40.871261
-1.0,11,40.872972
0.0,11,40.874481
0.0,11,40.876384
0.0,11,40.878274
0.0,11,40.880167
-3.0,11,40.881568
-2.0,11,40.883443
0.0,11,40.885333
-1.0,11,40.887152
0.0,11,40.888575
-1.0,11,40.890413
-1.0,11,40.892284
-2.0,11,40.894144
0.0,11,40.895658
-3.0,11,40.897428
-1.0,11,40.899344
-1.0,11,40.901203
-2.0,11,40.902673
0.0,11,40.90454
-2.0,11,40.906371
0.0,11,40.908241
-1.0,11,40.90972
0.0,11,40.91166
-1.0,11,40.913512
-2.0,11,40.915341
-1.0,11,40.916924
-3.0,11,40.918989
-1.0,11,40.920939
0.0,11,40.922832
-1.0,11,40.924501
-2.0,11,40.926432
-1.0,11,40.928345
0.0,11,40.930303
-1.0,11,40.931818
-1.0,11,40.933722
-2.0,11,40.935631
0.0,11,40.937547
-2.0,11,40.939032
-1.0,11,40.940834
-1.0,11,40.942716
-1.0,11,40.944551
-2.0,11,40.945979
-1.0,11,40.947818
-1.0,11,40.949674
-1.0,11,40.951546
-1.0,11,40.953021
-1.0,11,40.954848
-1.0,11,40.956767
-1.0,11,40.958516
0.0,11,40.960037
-2.0,11,40.961867
-1.0,11,40.96373
-2.0,11,40.96562
-1.0,11,40.967124
-1.0,11,40.968977
-2.0,11,40.970783
0.0,11,40.972684
0.0,11,40.974179
0.0,11,40.97606
0.0,11,40.977929
-1.0,11,40.979799
0.0,11,40.981306
-1.0,11,40.98314
0.0,11,40.984855
-1.0,11,40.986731
0.0,11,40.988261
0.0,11,40.990168
-1.0,11,40.992029
0.0,11,40.993909
-1.0,11,40.995415
0.0,11,40.997252
-1.0,11,40.999113
-1.0,11,41.000974
-1.0,11,41.002472
0.0,11,41.004379
-1.0,11,41.006249
0.0,11,41.008035
-2.0,11,41.009484
-2.0,11,41.011343
0.0,11,41.013193
0.0,11,41.015099
0.0,11,41.016591
-2.0,11,41.018475
0.0,11,41.020356
-1.0,11,41.022252
-2.0,11,41.023771
0.0,11,41.025663
-1.0,11,41.027588
0.0,11,41.029527
0.0,11,41.03103
-1.0,11,41.032928
0.0,11,41.034891
-1.0,11,41.036765
-1.0,11,41.038316
-1.0,11,41.040297
-1.0,11,41.042177
0.0,11,41.044087
-1.0,11,41.045581
-1.0,11,41.047426
-2.0,11,41.049258
0.0,11,41.051151
-1.0,11,41.05275
-1.0,11,41.054602
-1.0,11,41.056465
-1.0,11,41.05837
-1.0,11,41.059843
-1.0,11,41.061728
-2.0,11,41.06359
0.0,11,41.065488
0.0,11,41.066999
-1.0,11,41.068821
-1.0,11,41.070754
-1.0,11,41.072668
0.0,11,41.07415
-1.0,11,41.076019
0.0,11,41.077978
-1.0,11,41.079809
-1.0,11,41.081293
-1.0,11,41.083092
-1.0,11,41.084999
-1.0,11,41.086809
-1.0,11,41.088305
-1.0,11,41.090273
0.0,11,41.092176
-1.0,11,41.094151
-1.0,11,41.095919
-1.0,11,41.097819
-1.0,11,41.099746
0.0,11,41.101697
-3.0,11,41.103242
0.0,11,41.105182
-1.0,11,41.107079
-1.0,11,41.108967
-2.0,11,41.110382
-2.0,11,41.112229
-2.0,11,41.114095
-1.0,11,41.115878
-1.0,11,41.117359
-1.0,11,41.119238
-2.0,11,41.121069
0.0,11,41.122985
0.0,11,41.124466
-1.0,11,41.126322
-2.0,11,41.128097
-2.0,11,41.12997
0.0,11,41.131433
-1.0,11,41.133348
-2.0,11,41.135222
-1.0,11,41.137098
0.0,11,41.138631
0.0,11,41.140536
0.0,11,41.142443
-1.0,11,41.144332
0.0,11,41.145765
0.0,11,41.147709
-1.0,11,41.149581
-2.0,11,41.151328
-2.0,11,41.152751
-1.0,11,41.15466
-2.0,11,41.156658
-3.0,11,41.158493
-1.0,11,41.159927
0.0,11,41.161876
-2.0,11,41.163778
-2.0,11,41.165637
0.0,11,41.167127
0.0,11,41.169063
-1.0,11,41.170979
-1.0,11,41.172817
-1.0,11,41.174325
0.0,11,41.176218
-1.0,11,41.178089
-1.0,11,41.179977
0.0,11,41.181452
0.0,11,41.183372
0.0,11,41.185249
-1.0,11,41.187134
-1.0,11,41.188611
-1.0,11,41.190495
0.0,11,41.192373
-1.0,11,41.194238
-2.0,11,41.195637
0.0,11,41.197496
0.0,11,41.199385
0.0,11,41.201249
-3.0,11,41.202678
0.0,11,41.204567
-2.0,11,41.206361
0.0,11,41.208203
-1.0,11,41.209622
-1.0,11,41.211526
0.0,11,41.213391
-2.0,11,41.215256
-1.0,11,41.216721
-1.0,11,41.218611
-1.0,11,41.220487
-1.0,11,41.222346
0.0,11,41.223809
-1.0,11,41.225645
-1.0,11,41.227515
-2.0,11,41.229342
-1.0,11,41.230855
0.0,11,41.232753
0.0,11,41.234649
-1.0,11,41.236466
-2.0,11,41.237894
-1.0,11,41.23977
-1.0,11,41.241708
-3.0,11,41.243581
-2.0,11,41.245007
0.0,11,41.246903
-2.0,11,41.248682
-2.0,11,41.250503
0.0,11,41.251971
-1.0,11,41.253864
-1.0,11,41.25575
-1.0,11,41.257609
-1.0,11,41.259084
0.0,11,41.260965
-2.0,11,41.26286
-1.0,11,41.264767
-2.0,11,41.266226
-1.0,11,41.268243
-1.0,11,41.270157
0.0,11,41.272057
0.0,11,41.273702
-1.0,11,41.275637
0.0,11,41.277574
-1.0,11,41.279387
0.0,11,41.280945
-2.0,11,41.282854
-2.0,11,41.284693
-2.0,11,41.28661
0.0,11,41.288159
-1.0,11,41.290044
-1.0,11,41.291934
-2.0,11,41.293757
-1.0,11,41.295319
-1.0,11,41.297187
-2.0,11,41.298979
0.0,11,41.300849
-1.0,11,41.302281
-1.0,11,41.304145
-1.0,11,41.306022
0.0,11,41.30795
-1.0,11,41.309376
-1.0,11,41.311273
-1.0,11,41.31314
-1.0,11,41.31504
0.0,11,41.316525
-1.0,11,41.318467
0.0,11,41.320433
-2.0,11,41.322294
-2.0,11,41.323765
-1.0,11,41.325663
-2.0,11,41.327594
0.0,11,41.329477
-1.0,11,41.330998
-1.0,11,41.332839
-1.0,11,41.334698
-2.0,11,41.33653
-1.0,11,41.33797
-2.0,11,41.339908
-1.0,11,41.341767
-1.0,11,41.343624
-1.0,11,41.345053
-1.0,11,41.346972
-1.0,11,41.348863
-1.0,11,41.350657
-1.0,11,41.352084
-1.0,11,41.353956
0.0,11,41.35579
-1.0,11,41.357727
-1.0,11,41.359219
-1.0,11,41.361119
0.0,11,41.362932
-2.0,11,41.364752
-1.0,11,41.366256
-1.0,11,41.368054
-1.0,11,41.369901
0.0,11,41.371763
-1.0,11,41.37328
0.0,11,41.375171
-1.0,11,41.377062
0.0,11,41.379011
0.0,11,41.380508
-1.0,11,41.382378
-1.0,11,41.384237
0.0,11,41.386115
-1.0,11,41.387581
0.0,11,41.389448
-3.0,11,41.391169
0.0,11,41.393038
0.0,11,41.394534
0.0,11,41.396396
-2.0,11,41.398216
-1.0,11,41.400121
-1.0,11,41.401581
-1.0,11,41.403525
-2.0,11,41.405341
-1.0,11,41.407221
-1.0,11,41.408661
0.0,11,41.410547
0.0,11,41.412463
-2.0,11,41.414291
-1.0,11,41.415764
-1.0,11,41.41758
0.0,11,41.419449
-1.0,11,41.421327
-1.0,11,41.422838
-2.0,11,41.424652
-1.0,11,41.426477
-1.0,11,41.42826
0.0,11,41.429751
0.0,11,41.431608
0.0,11,41.433432
-2.0,11,41.435319
-1.0,11,41.436802
-2.0,11,41.43872
0.0,11,41.440597
0.0,11,41.442444
0.0,11,41.443936
-1.0,11,41.445942
-3.0,11,41.447822
0.0,11,41.449729
-2.0,11,41.451312
-2.0,11,41.453331
-1.0,11,41.455232
0.0,11,41.457257
0.0,11,41.458805
0.0,11,41.460666
-1.0,11,41.462579
-1.0,11,41.464476
-1.0,11,41.465996
-2.0,11,41.467861
-1.0,11,41.469755
-2.0,11,41.471586
-1.0,11,41.473011
-1.0,11,41.474881
-1.0,11,41.476741
0.0,11,41.478634
-1.0,11,41.480053
-2.0,11,41.481877
-1.0,11,41.483735
0.0,11,41.48557
0.0,11,41.487071
-1.0,11,41.488975
-2.0,11,41.490852
0.0,11,41.492759
0.0,11,41.494259
-1.0,11,41.496073
0.0,11,41.49798
-2.0,11,41.499845
-1.0,11,41.501329
0.0,11,41.503273
-2.0,11,41.50521
-1.0,11,41.507042
-1.0,11,41.508562
-1.0,11,41.510488
-1.0,11,41.512306
-1.0,11,41.51417
-2.0,11,41.51564
0.0,11,41.517536
-1.0,11,41.519453
-1.0,11,41.521334
-1.0,11,41.522845
-1.0,11,41.524692
0.0,11,41.526617
0.0,11,41.528518
-2.0,11,41.530007
-1.0,11,41.53188
0.0,11,41.533743
0.0,11,41.535661
-1.0,11,41.537092
0.0,11,41.538988
0.0,11,41.541079
-1.0,11,41.543002
-1.0,11,41.5445
-1.0,11,41.546317
-1.0,11,41.548239
-1.0,11,41.550069
-1.0,11,41.551548
-1.0,11,41.553557
-1.0,11,41.555439
-1.0,11,41.557298
0.0,11,41.558749
0.0,11,41.560669
-2.0,11,41.562538
-3.0,11,41.564408
-1.0,11,41.565874
-1.0,11,41.567718
0.0,11,41.569627
0.0,11,41.571513
-2.0,11,41.572962
-1.0,11,41.57483
-1.0,11,41.576774
0.0,11,41.578581
-1.0,11,41.580057
-1.0,11,41.581932
-2.0,11,41.583808
0.0,11,41.585697
-1.0,11,41.587186
-1.0,11,41.589102
-2.0,11,41.590942
-1.0,11,41.592761
-1.0,11,41.594191
-2.0,11,41.596052
-1.0,11,41.597903
-1.0,11,41.599812
-1.0,11,41.601237
-1.0,11,41.60312
-2.0,11,41.604948
-1.0,11,41.606863
0.0,11,41.608357
0.0,11,41.610252
0.0,11,41.612189
0.0,11,41.61412
0.0,11,41.615563
-1.0,11,41.617417
0.0,11,41.619264
0.0,11,41.621169
-1.0,11,41.622599
-1.0,11,41.624551
0.0,11,41.626444
-1.0,11,41.628289
0.0,11,41.62995
-1.0,11,41.631925
-1.0,11,41.633822
-1.0,11,41.635817
-1.0,11,41.637298
0.0,11,41.639226
-1.0,11,41.641045
-1.0,11,41.642967
-1.0,11,41.64445
-1.0,11,41.646378
-2.0,11,41.648185
-1.0,11,41.649988
-1.0,11,41.651393
-1.0,11,41.653278
0.0,11,41.655153
-1.0,11,41.656988
0.0,11,41.658481
-2.0,11,41.66027
0.0,11,41.662192
-1.0,11,41.664105
-1.0,11,41.665567
-1.0,11,41.667521
-1.0,11,41.669487
-1.0,11,41.671384
-1.0,11,41.67286
0.0,11,41.674816
-3.0,11,41.676684
0.0,11,41.678557
-1.0,11,41.680068
-1.0,11,41.682019
-1.0,11,41.683906
0.0,11,41.685827
-2.0,11,41.68726
0.0,11,41.68915
-2.0,11,41.691028
-2.0,11,41.692851
-1.0,11,41.69431
0.0,11,41.696196
-1.0,11,41.698118
-2.0,11,41.699995
-1.0,11,41.70142
-1.0,11,41.703253
-1.0,11,41.705095
0.0,11,41.70699
-1.0,11,41.708433
0.0,11,41.710354
-1.0,11,41.712222
-2.0,11,41.71402
-1.0,11,41.715478
0.0,11,41.717301
-1.0,11,41.719085
-2.0,11,41.720906
-1.0,11,41.722381
0.0,11,41.724308
0.0,11,41.726248
-2.0,11,41.728108
0.0,11,41.729614
-1.0,11,41.731528
-1.0,11,41.733359
-1.0,11,41.735225
0.0,11,41.736718
0.0,11,41.738605
0.0,11,41.740478
0.0,11,41.742339
-1.0,11,41.743838
-1.0,11,41.745706
-2.0,11,41.747514
-1.0,11,41.749397
-1.0,11,41.750786
-2.0,11,41.752703
-2.0,11,41.75461
-1.0,11,41.756491
-1.0,11,41.757917
-1.0,11,41.75984
-1.0,11,41.761755
-1.0,11,41.763659
-1.0,11,41.765086
-1.0,11,41.766959
-1.0,11,41.768831
-2.0,11,41.770621
0.0,11,41.771995
-1.0,11,41.77392
-1.0,11,41.775777
0.0,11,41.777665
0.0,11,41.779145
0.0,11,41.78109
-2.0,11,41.782956
-1.0,11,41.784768
-2.0,11,41.786192
0.0,11,41.788115
-1.0,11,41.78995
0.0,11,41.791762
-1.0,11,41.793223
-1.0,11,41.795134
-1.0,11,41.797053
-1.0,11,41.798879
-1.0,11,41.800318
-1.0,11,41.802293
-1.0,11,41.804117
-1.0,11,41.806071
-3.0,11,41.807714
0.0,11,41.809596
-1.0,11,41.811499
0.0,11,41.813392
-1.0,11,41.814814
-2.0,11,41.816867
0.0,11,41.818777
0.0,11,41.820591
-1.0,11,41.82208
-1.0,11,41.823993
-1.0,11,41.825904
-2.0,11,41.827766
-1.0,11,41.829218
0.0,11,41.831093
-1.0,11,41.832987
0.0,11,41.834887
-1.0,11,41.83632
-1.0,11,41.838149
-1.0,11,41.840089
0.0,11,41.841915
-1.0,11,41.84336
-1.0,11,41.845206
-2.0,11,41.847138
0.0,11,41.849069
0.0,11,41.850553
-1.0,11,41.852387
-1.0,11,41.854258
0.0,11,41.856171
-1.0,11,41.857626
0.0,11,41.859538
0.0,11,41.86142
-1.0,11,41.863293
0.0,11,41.86478
-1.0,11,41.866736
0.0,11,41.868652
-1.0,11,41.870494
-1.0,11,41.87196
-2.0,11,41.873827
0.0,11,41.875742
-1.0,11,41.877647
0.0,11,41.879192
-1.0,11,41.881049
0.0,11,41.882897
0.0,11,41.884796
-1.0,11,41.886248
0.0,11,41.888149
-2.0,11,41.890007
0.0,11,41.891897
0.0,11,41.893403
0.0,11,41.89532
-2.0,11,41.897212
0.0,11,41.899122
0.0,11,41.90059
0.0,11,41.902488
0.0,11,41.904382
-1.0,11,41.906253
-1.0,11,41.907707
-1.0,11,41.909535
0.0,11,41.911449
-1.0,11,41.913359
-1.0,11,41.914831
-1.0,11,41.916696
-1.0,11,41.918507
-1.0,11,41.920431
-1.0,11,41.921945
-1.0,11,41.92384
-2.0,11,41.925661
0.0,11,41.927559
-2.0,11,41.929036
0.0,11,41.930913
-1.0,11,41.932759
0.0,11,41.934683
-1.0,11,41.936168
0.0,11,41.938017
-1.0,11,41.93992
-2.0,11,41.941711
-1.0,11,41.94323
0.0,11,41.94513
-1.0,11,41.947031
-1.0,11,41.948896
0.0,11,41.950393
-1.0,11,41.952283
0.0,11,41.954171
0.0,11,41.956011
-1.0,11,41.957459
-1.0,11,41.959307
-1.0,11,41.961176
0.0,11,41.963064
0.0,11,41.964523
0.0,11,41.966424
-1.0,11,41.968241
-1.0,11,41.970155
0.0,11,41.971621
-1.0,11,41.973475
0.0,11,41.975343
-1.0,11,41.977188
-1.0,11,41.978725
0.0,11,41.980716
0.0,11,41.982592
-2.0,11,41.984496
0.0,11,41.98609
-1.0,11,41.988278
-1.0,11,41.99016
0.0,11,41.992057
-1.0,11,41.993544
-2.0,11,41.995493
-1.0,11,41.997392
0.0,11,41.999302
-1.0,11,42.000795
-1.0,11,42.002735
0.0,11,42.004659
0.0,11,42.006573
-2.0,11,42.00808
-3.0,11,42.009882
-1.0,11,42.011768
-1.0,11,42.013601
-1.0,11,42.015055
0.0,11,42.016881
0.0,11,42.018798
0.0,11,42.020718
-1.0,11,42.02219
-1.0,11,42.024115
-2.0,11,42.026021
-2.0,11,42.027893
-1.0,11,42.029333
0.0,11,42.031245
-1.0,11,42.033074
-1.0,11,42.034899
-1.0,11,42.036402
0.0,11,42.038324
-1.0,11,42.040253
0.0,11,42.042217
-1.0,11,42.04372
-1.0,11,42.045631
0.0,11,42.047532
0.0,11,42.049377
0.0,11,42.050804
-1.0,11,42.052723
-1.0,11,42.054611
0.0,11,42.056462
-1.0,11,42.057882
-1.0,11,42.059713
0.0,11,42.061621
0.0,11,42.063508
0.0,11,42.065003
0.0,11,42.066861
0.0,11,42.068697
0.0,11,42.070556
-1.0,11,42.072052
-1.0,11,42.073912
-1.0,11,42.075818
-1.0,11,42.077709
-1.0,11,42.079195
0.0,11,42.081107
0.0,11,42.08296
-1.0,11,42.084851
-2.0,11,42.086303
-1.0,11,42.088147
-1.0,11,42.089983
0.0,11,42.091872
-1.0,11,42.093346
0.0,11,42.095273
-1.0,11,42.097117
-1.0,11,42.098954
-1.0,11,42.100376
-1.0,11,42.102203
0.0,11,42.10407
0.0,11,42.105955
-1.0,11,42.107359
-1.0,11,42.109183
-1.0,11,42.111081
-1.0,11,42.113026
-2.0,11,42.114533
-2.0,11,42.1164
-1.0,11,42.118263
0.0,11,42.120179
-1.0,11,42.121646
-2.0,11,42.12355
0.0,11,42.125474
-1.0,11,42.127323
-1.0,11,42.128792
-1.0,11,42.130691
0.0,11,42.132583
0.0,11,42.140067
0.0,11,42.141797
0.0,11,42.147428
0.0,11,42.157357
-1.0,11,42.159871
-2.0,11,42.163688
-2.0,11,42.166157
-2.0,11,42.168152
0.0,11,42.170106
0.0,11,42.171645
-1.0,11,42.173526
0.0,11,42.175511
0.0,11,42.17747
0.0,11,42.178987
0.0,11,42.181099
-1.0,11,42.183051
-2.0,11,42.185057
0.0,11,42.186817
-1.0,11,42.188891
-1.0,11,42.190835
0.0,11,42.192763
-1.0,11,42.19431
-1.0,11,42.196241
0.0,11,42.198118
0.0,11,42.200047
-2.0,11,42.201557
0.0,11,42.203483
-2.0,11,42.205296
0.0,11,42.207238
-1.0,11,42.208749
-3.0,11,42.210598
-1.0,11,42.212473
-1.0,11,42.21433
-1.0,11,42.215855
0.0,11,42.217803
-1.0,11,42.219711
0.0,11,42.221618
0.0,11,42.223129
0.0,11,42.225025
-1.0,11,42.226894
0.0,11,42.228763
-1.0,11,42.230253
-2.0,11,42.232088
-1.0,11,42.234013
-1.0,11,42.235905
0.0,11,42.237427
-1.0,11,42.239379
0.0,11,42.241308
-1.0,11,42.243191
0.0,11,42.244682
-1.0,11,42.246415
0.0,11,42.248331
0.0,11,42.250232
-2.0,11,42.251678
0.0,11,42.253586
-1.0,11,42.255415
-1.0,11,42.257232
-2.0,11,42.258701
-1.0,11,42.260492
0.0,11,42.262386
0.0,11,42.26427
-1.0,11,42.2657
0.0,11,42.26752
-2.0,11,42.269419
-2.0,11,42.271322
-1.0,11,42.27286
-1.0,11,42.274721
0.0,11,42.276595
-1.0,11,42.278676
-2.0,11,42.280145
-3.0,11,42.281992
0.0,11,42.28389
0.0,11,42.285758
-2.0,11,42.287184
0.0,11,42.28909
0.0,11,42.290983
0.0,11,42.29288
-2.0,11,42.29429
-1.0,11,42.296075
0.0,11,42.29798
0.0,11,42.299886
0.0,11,42.301344
0.0,11,42.303177
0.0,11,42.305062
-1.0,11,42.306951
-1.0,11,42.308443
0.0,11,42.310356
-1.0,11,42.312212
-2.0,11,42.314033
0.0,11,42.315592
-1.0,11,42.317451
0.0,11,42.319347
-2.0,11,42.321242
-1.0,11,42.322727
0.0,11,42.324635
0.0,11,42.326531
-1.0,11,42.328383
0.0,11,42.32987
-2.0,11,42.331778
0.0,11,42.3337
-2.0,11,42.335557
0.0,11,42.336988
0.0,11,42.338852
0.0,11,42.340806
-1.0,11,42.34271
-1.0,11,42.344164
-2.0,11,42.34596
-1.0,11,42.34788
-1.0,11,42.349758
-1.0,11,42.35117
-1.0,11,42.352966
0.0,11,42.354867
-2.0,11,42.356725
-1.0,11,42.358141
-2.0,11,42.360114
0.0,11,42.361982
-1.0,11,42.363848
-1.0,11,42.365506
-1.0,11,42.367494
0.0,11,42.369459
0.0,11,42.371334
-1.0,11,42.372799
-1.0,11,42.37484
0.0,11,42.37677
-1.0,11,42.378612
-1.0,11,42.380157
-1.0,11,42.382083
-1.0,11,42.384003
0.0,11,42.385811
-2.0,11,42.387244
-1.0,11,42.389164
-1.0,11,42.391106
0.0,11,42.393016
-1.0,11,42.394485
-1.0,11,42.396377
-1.0,11,42.398266
-2.0,11,42.40011
-1.0,11,42.401595
0.0,11,42.403517
0.0,11,42.405408
0.0,11,42.407346
-1.0,11,42.408813
-1.0,11,42.410679
-2.0,11,42.412511
0.0,11,42.414396
-1.0,11,42.415803
-1.0,11,42.417669
0.0,11,42.419527
-1.0,11,42.421388
0.0,11,42.422885
0.0,11,42.424796
-1.0,11,42.426649
-1.0,11,42.428519
-2.0,11,42.429954
-1.0,11,42.431842
-1.0,11,42.433674
0.0,11,42.435546
0.0,11,42.437061
-1.0,11,42.438886
-1.0,11,42.440791
-1.0,11,42.442628
-1.0,11,42.444096
-1.0,11,42.445947
-1.0,11,42.447841
-1.0,11,42.449679
-1.0,11,42.45119
0.0,11,42.453055
0.0,11,42.454936
-2.0,11,42.456757
0.0,11,42.458249
0.0,11,42.46015
0.0,11,42.462037
0.0,11,42.463875
0.0,11,42.465347
-1.0,11,42.467216
0.0,11,42.469107
-1.0,11,42.470991
0.0,11,42.472462
-2.0,11,42.474243
0.0,11,42.476094
0.0,11,42.478002
-1.0,11,42.479459
-1.0,11,42.481296
-1.0,11,42.483169
0.0,11,42.485051
0.0,11,42.486552
-1.0,11,42.488412
-2.0,11,42.490293
-2.0,11,42.492162
-1.0,11,42.493632
-1.0,11,42.495533
0.0,11,42.497383
-1.0,11,42.499235
-1.0,11,42.500728
0.0,11,42.502645
-2.0,11,42.504474
0.0,11,42.506324
0.0,11,42.50785
0.0,11,42.509763
-1.0,11,42.51162
0.0,11,42.51352
0.0,11,42.515004
0.0,11,42.516871
0.0,11,42.518799
0.0,11,42.520646
-1.0,11,42.522111
-3.0,11,42.523914
-1.0,11,42.525742
0.0,11,42.527616
-1.0,11,42.529027
0.0,11,42.530917
0.0,11,42.532795
-1.0,11,42.534595
-2.0,11,42.536088
0.0,11,42.538077
0.0,11,42.540074
-1.0,11,42.541953
-1.0,11,42.543478
-1.0,11,42.545388
-1.0,11,42.547258
-1.0,11,42.549388
-1.0,11,42.550882
0.0,11,42.552775
0.0,11,42.554654
-1.0,11,42.556555
-2.0,11,42.558149
0.0,11,42.560051
0.0,11,42.561834
-1.0,11,42.563779
-1.0,11,42.565293
-1.0,11,42.567163
0.0,11,42.569075
0.0,11,42.570989
0.0,11,42.572483
0.0,11,42.574397
-1.0,11,42.576283
-1.0,11,42.578182
0.0,11,42.579652
0.0,11,42.58159
0.0,11,42.583469
0.0,11,42.585367
-1.0,11,42.586873
-1.0,11,42.588744
-1.0,11,42.590627
-1.0,11,42.592525
0.0,11,42.59405
0.0,11,42.595944
0.0,11,42.59781
-1.0,11,42.599708
-1.0,11,42.601181
-1.0,11,42.603028
-2.0,11,42.604882
0.0,11,42.606803
-1.0,11,42.608308
-1.0,11,42.610166
0.0,11,42.612078
0.0,11,42.613934
0.0,11,42.615437
0.0,11,42.617235
-1.0,11,42.619096
0.0,11,42.620982
-1.0,11,42.622459
-1.0,11,42.624332
-2.0,11,42.626184
-1.0,11,42.628056
-2.0,11,42.629571
-1.0,11,42.631377
0.0,11,42.633215
-1.0,11,42.635066
-1.0,11,42.636486
0.0,11,42.638378
-1.0,11,42.640306
0.0,11,42.642252
-1.0,11,42.643725
0.0,11,42.645582
-1.0,11,42.647425
0.0,11,42.649296
-1.0,11,42.650721
0.0,11,42.652615
0.0,11,42.65453
0.0,11,42.656462
-1.0,11,42.657955
-1.0,11,42.659761
-1.0,11,42.661653
0.0,11,42.663531
-1.0,11,42.664972
0.0,11,42.666857
-1.0,11,42.668718
-1.0,11,42.670606
-1.0,11,42.672069
-1.0,11,42.674
-1.0,11,42.675888
0.0,11,42.677715
-1.0,11,42.679214
-2.0,11,42.681083
-1.0,11,42.682957
-1.0,11,42.684819
-1.0,11,42.686241
-1.0,11,42.688128
-1.0,11,42.690089
-2.0,11,42.69193
0.0,11,42.693392
-2.0,11,42.695175
0.0,11,42.697027
-1.0,11,42.698946
0.0,11,42.700417
0.0,11,42.702295
0.0,11,42.704137
-1.0,11,42.705996
0.0,11,42.707473
-2.0,11,42.70929
0.0,11,42.711083
-1.0,11,42.712947
-1.0,11,42.714432
0.0,11,42.716482
0.0,11,42.718371
-1.0,11,42.720248
0.0,11,42.721963
0.0,11,42.724082
-2.0,11,42.72596
-1.0,11,42.727902
-1.0,11,42.729399
-1.0,11,42.731264
0.0,11,42.733184
0.0,11,42.735103
-2.0,11,42.736591
0.0,11,42.7385
-3.0,11,42.740432
-1.0,11,42.742346
0.0,11,42.74383
-1.0,11,42.745791
0.0,11,42.747804
0.0,11,42.749895
-2.0,11,42.751544
0.0,11,42.753825
-2.0,11,42.755738
0.0,11,42.75768
0.0,11,42.759166
-1.0,11,42.761066
0.0,11,42.762982
-1.0,11,42.764821
0.0,11,42.766252
-1.0,11,42.768202
0.0,11,42.770318
0.0,11,42.77259
0.0,11,42.774344
0.0,11,42.776598
-2.0,11,42.778742
-1.0,11,42.780997
-1.0,11,42.782781
-2.0,11,42.784786
-2.0,11,42.78669
0.0,11,42.78863
0.0,11,42.790189
0.0,11,42.792081
-1.0,11,42.793952
0.0,11,42.795909
-1.0,11,42.797416
0.0,11,42.799362
0.0,11,42.801266
-1.0,11,42.803189
-1.0,11,42.80476
-1.0,11,42.806537
-1.0,11,42.808432
0.0,11,42.810341
-1.0,11,42.811834
0.0,11,42.813742
0.0,11,42.815612
0.0,11,42.817514
-1.0,11,42.819079
-1.0,11,42.820954
0.0,11,42.822881
-2.0,11,42.824745
-1.0,11,42.826201
-1.0,11,42.828071
-2.0,11,42.829851
0.0,11,42.831805
-1.0,11,42.833315
-2.0,11,42.835223
-1.0,11,42.837029
-1.0,11,42.838944
0.0,11,42.840446
-1.0,11,42.84241
-1.0,11,42.844344
-1.0,11,42.846254
-1.0,11,42.847758
0.0,11,42.849652
0.0,11,42.851574
-1.0,11,42.853405
0.0,11,42.85487
-1.0,11,42.856861
-1.0,11,42.858763
-1.0,11,42.860592
-1.0,11,42.862098
0.0,11,42.864013
-1.0,11,42.865864
0.0,11,42.867653
-1.0,11,42.869184
-2.0,11,42.871041
-1.0,11,42.872947
-1.0,11,42.874869
-1.0,11,42.876255
-2.0,11,42.878065
-1.0,11,42.879952
0.0,11,42.88186
-2.0,11,42.883364
-1.0,11,42.885212
-1.0,11,42.887011
-1.0,11,42.888844
-1.0,11,42.890368
-1.0,11,42.892217
-1.0,11,42.894087
0.0,11,42.896003
0.0,11,42.897493
0.0,11,42.899521
-1.0,11,42.901418
0.0,11,42.903327
-1.0,11,42.904927
-1.0,11,42.906906
-1.0,11,42.908822
-1.0,11,42.91082
-1.0,11,42.912324
0.0,11,42.914249
-2.0,11,42.916309
-2.0,11,42.918228
0.0,11,42.919718
-1.0,11,42.921549
0.0,11,42.923455
-1.0,11,42.925319
-1.0,11,42.926747
0.0,11,42.928609
-2.0,11,42.930478
-1.0,11,42.932398
-1.0,11,42.933921
0.0,11,42.935808
0.0,11,42.9377
-1.0,11,42.939574
-2.0,11,42.94104
-1.0,11,42.942934
0.0,11,42.944791
-1.0,11,42.946688
-1.0,11,42.948162
-1.0,11,42.950049
-2.0,11,42.951851
0.0,11,42.953712
-1.0,11,42.955188
-1.0,11,42.957111
0.0,11,42.959013
-2.0,11,42.960894
0.0,11,42.962358
-1.0,11,42.964215
0.0,11,42.966136
0.0,11,42.968027
-2.0,11,42.96955
0.0,11,42.971418
0.0,11,42.973322
0.0,11,42.975102
-1.0,11,42.976583
-1.0,11,42.978471
-1.0,11,42.980355
-2.0,11,42.982216
0.0,11,42.983715
0.0,11,42.985636
0.0,11,42.987467
-1.0,11,42.989323
-3.0,11,42.990672
-1.0,11,42.99255
-1.0,11,42.99445
0.0,11,42.996356
0.0,11,42.997836
-1.0,11,42.999785
-2.0,11,43.001687
0.0,11,43.003581
-2.0,11,43.005066
0.0,11,43.006955
-1.0,11,43.00881
-1.0,11,43.010693
-1.0,11,43.012208
0.0,11,43.014082
-1.0,11,43.016065
-2.0,11,43.017889
0.0,11,43.01938
0.0,11,43.021239
0.0,11,43.023137
-1.0,11,43.025024
0.0,11,43.026515
0.0,11,43.028419
0.0,11,43.030293
0.0,11,43.032183
0.0,11,43.033654
-1.0,11,43.035513
0.0,11,43.037427
-1.0,11,43.039389
-1.0,11,43.041071
-3.0,11,43.043
-1.0,11,43.04487
-2.0,11,43.04673
0.0,11,43.048247
0.0,11,43.050095
0.0,11,43.051992
-1.0,11,43.053864
-1.0,11,43.055327
-1.0,11,43.05723
-2.0,11,43.059064
-1.0,11,43.060927
0.0,11,43.062403
0.0,11,43.064283
-1.0,11,43.066168
-1.0,11,43.068079
0.0,11,43.069576
0.0,11,43.071479
-2.0,11,43.073358
-2.0,11,43.075121
0.0,11,43.076614
-2.0,11,43.078666
0.0,11,43.080563
0.0,11,43.082452
-1.0,11,43.084124
0.0,11,43.086255
-1.0,11,43.088206
-1.0,11,43.090166
-2.0,11,43.091683
0.0,11,43.093555
0.0,11,43.095469
-1.0,11,43.09741
0.0,11,43.098874
-2.0,11,43.100792
-1.0,11,43.102705
0.0,11,43.104608
0.0,11,43.106125
-1.0,11,43.108044
-1.0,11,43.10996
-1.0,11,43.11186
0.0,11,43.113374
-2.0,11,43.115249
0.0,11,43.117161
-1.0,11,43.119044
-1.0,11,43.120474
0.0,11,43.122397
-2.0,11,43.124244
-1.0,11,43.126113
-2.0,11,43.127574
-1.0,11,43.129498
0.0,11,43.131401
-1.0,11,43.133286
-1.0,11,43.134755
-1.0,11,43.136599
-1.0,11,43.138499
-1.0,11,43.14041
-1.0,11,43.141901
0.0,11,43.143841
-1.0,11,43.145684
-1.0,11,43.147556
0.0,11,43.149043
-1.0,11,43.150902
-1.0,11,43.152818
0.0,11,43.154759
-1.0,11,43.156318
-1.0,11,43.15823
0.0,11,43.160127
0.0,11,43.162028
-2.0,11,43.163489
-1.0,11,43.165371
0.0,11,43.167274
-1.0,11,43.169175
0.0,11,43.170643
-1.0,11,43.17257
-1.0,11,43.174485
-1.0,11,43.176343
-1.0,11,43.177813
0.0,11,43.179763
0.0,11,43.1817
0.0,11,43.183611
0.0,11,43.185073
-1.0,11,43.18689
-2.0,11,43.188784
-1.0,11,43.190659
-1.0,11,43.192127
-1.0,11,43.193982
-1.0,11,43.195893
0.0,11,43.197771
-2.0,11,43.199199
0.0,11,43.201095
-2.0,11,43.202899
-1.0,11,43.204813
0.0,11,43.206337
-2.0,11,43.208216
0.0,11,43.210065
-1.0,11,43.211961
-2.0,11,43.213451
-1.0,11,43.215328
-1.0,11,43.217215
0.0,11,43.219045
-1.0,11,43.220462
-1.0,11,43.222321
0.0,11,43.224252
0.0,11,43.22615
0.0,11,43.227643
0.0,11,43.229535
0.0,11,43.231434
0.0,11,43.233341
0.0,11,43.234809
-1.0,11,43.236708
-1.0,11,43.238619
0.0,11,43.240535
-1.0,11,43.241988
-1.0,11,43.243878
-2.0,11,43.245768
-1.0,11,43.247569
-1.0,11,43.249066
-1.0,11,43.250986
-2.0,11,43.252862
0.0,11,43.254712
-1.0,11,43.256208
-1.0,11,43.25816
-1.0,11,43.260061
-1.0,11,43.26192
0.0,11,43.263584
0.0,11,43.265659
-1.0,11,43.26765
-2.0,11,43.269609
-1.0,11,43.271151
0.0,11,43.273044
0.0,11,43.274943
0.0,11,43.276863
-1.0,11,43.278294
-1.0,11,43.280121
-1.0,11,43.281962
0.0,11,43.283874
0.0,11,43.285368
-1.0,11,43.287265
0.0,11,43.289089
-1.0,11,43.290995
-1.0,11,43.292476
0.0,11,43.294382
0.0,11,43.296259
0.0,11,43.29816
0.0,11,43.299683
0.0,11,43.301501
-1.0,11,43.303443
-2.0,11,43.305315
-1.0,11,43.306792
0.0,11,43.308704
-1.0,11,43.310594
0.0,11,43.312485
0.0,11,43.313941
-1.0,11,43.31586
0.0,11,43.317715
0.0,11,43.319591
-2.0,11,43.321092
-1.0,11,43.322962
0.0,11,43.324841
-1.0,11,43.326727
-1.0,11,43.328202
-1.0,11,43.330056
0.0,11,43.331974
-1.0,11,43.333867
-2.0,11,43.3353
-1.0,11,43.337134
-1.0,11,43.339008
0.0,11,43.340911
-1.0,11,43.342353
-1.0,11,43.344222
0.0,11,43.346119
-1.0,11,43.348017
0.0,11,43.349529
-2.0,11,43.351342
0.0,11,43.35326
-1.0,11,43.355175
0.0,11,43.356712
-1.0,11,43.358538
0.0,11,43.360451
-1.0,11,43.362357
-2.0,11,43.363829
-1.0,11,43.365712
0.0,11,43.3676
0.0,11,43.369456
-1.0,11,43.37095
-1.0,11,43.372835
-1.0,11,43.374699
-1.0,11,43.376601
0.0,11,43.378096
0.0,11,43.379988
0.0,11,43.381865
0.0,11,43.383741
-2.0,11,43.385161
0.0,11,43.387054
-1.0,11,43.388868
-1.0,11,43.390716
-1.0,11,43.392185
0.0,11,43.394054
0.0,11,43.395955
-2.0,11,43.397769
-2.0,11,43.39927
-1.0,11,43.401143
-1.0,11,43.402967
0.0,11,43.404868
-1.0,11,43.406387
0.0,11,43.408284
-1.0,11,43.41018
-1.0,11,43.412022
-1.0,11,43.41349
-1.0,11,43.415345
-1.0,11,43.417242
-1.0,11,43.419029
-1.0,11,43.420522
-1.0,11,43.422314
0.0,11,43.424196
0.0,11,43.426103
-1.0,11,43.427579
0.0,11,43.42948
0.0,11,43.431301
-1.0,11,43.433145
-1.0,11,43.434641
-1.0,11,43.436641
-1.0,11,43.438511
-1.0,11,43.44036
0.0,11,43.441987
-1.0,11,43.443992
-1.0,11,43.445924
0.0,11,43.447882
-1.0,11,43.449571
-1.0,11,43.451472
-1.0,11,43.453379
-2.0,11,43.455235
-1.0,11,43.456745
-1.0,11,43.458633
-1.0,11,43.460473
-1.0,11,43.462386
-2.0,11,43.463804
-2.0,11,43.465751
0.0,11,43.467637
0.0,11,43.469525
0.0,11,43.471033
-1.0,11,43.472917
-1.0,11,43.47482
0.0,11,43.476672
-1.0,11,43.478109
-1.0,11,43.479988
-2.0,11,43.481859
-1.0,11,43.483732
-1.0,11,43.485236
-1.0,11,43.487139
0.0,11,43.489
-2.0,11,43.49091
0.0,11,43.492425
0.0,11,43.494344
0.0,11,43.496265
-1.0,11,43.498136
-2.0,11,43.499658
-1.0,11,43.501526
-1.0,11,43.503393
-1.0,11,43.505273
0.0,11,43.506777
0.0,11,43.508671
-1.0,11,43.510595
0.0,11,43.512452
-1.0,11,43.513924
-1.0,11,43.51584
-1.0,11,43.517714
0.0,11,43.519616
-1.0,11,43.521109
0.0,11,43.523007
-1.0,11,43.524899
0.0,11,43.526809
0.0,11,43.528349
-2.0,11,43.530163
0.0,11,43.532043
0.0,11,43.533921
-1.0,11,43.535329
-1.0,11,43.537158
0.0,11,43.539062
-1.0,11,43.541161
0.0,11,43.542689
0.0,11,43.544609
0.0,11,43.546521
0.0,11,43.548458
0.0,11,43.549955
0.0,11,43.551869
-1.0,11,43.553769
0.0,11,43.555624
0.0,11,43.557124
0.0,11,43.559032
0.0,11,43.560936
-1.0,11,43.562838
0.0,11,43.56435
-1.0,11,43.566234
-2.0,11,43.568054
0.0,11,43.569946
0.0,11,43.571451
-1.0,11,43.573375
-1.0,11,43.57524
-1.0,11,43.57712
-1.0,11,43.578586
-1.0,11,43.580482
-1.0,11,43.582383
0.0,11,43.584271
0.0,11,43.585721
0.0,11,43.587622
-2.0,11,43.589446
-1.0,11,43.591296
0.0,11,43.592791
-2.0,11,43.594644
-1.0,11,43.596527
-1.0,11,43.598362
-1.0,11,43.599791
-1.0,11,43.601654
0.0,11,43.603552
0.0,11,43.605439
-1.0,11,43.606934
0.0,11,43.608825
0.0,11,43.610683
-1.0,11,43.612566
-1.0,11,43.614028
-1.0,11,43.616008
-1.0,11,43.617902
0.0,11,43.619836
0.0,11,43.62151
-1.0,11,43.623707
-1.0,11,43.625857
-1.0,11,43.627801
0.0,11,43.629271
0.0,11,43.631144
-1.0,11,43.633059
-2.0,11,43.634976
-1.0,11,43.63643
0.0,11,43.638335
0.0,11,43.64028
-3.0,11,43.642167
-2.0,11,43.643693
-1.0,11,43.645591
0.0,11,43.647518
0.0,11,43.649471
0.0,11,43.650982
-1.0,11,43.65286
-1.0,11,43.65473
-3.0,11,43.656644
0.0,11,43.658146
-2.0,11,43.660019
-2.0,11,43.661908
0.0,11,43.663807
-2.0,11,43.665317
-2.0,11,43.667233
-1.0,11,43.669105
-1.0,11,43.670909
0.0,11,43.672432
-1.0,11,43.674354
-1.0,11,43.67625
-1.0,11,43.67811
-1.0,11,43.679577
0.0,11,43.681475
-1.0,11,43.683422
-1.0,11,43.685318
0.0,11,43.686816
0.0,11,43.688711
-1.0,11,43.690573
0.0,11,43.692483
0.0,11,43.693981
-1.0,11,43.695883
0.0,11,43.697728
-1.0,11,43.69964
-1.0,11,43.701121
-1.0,11,43.703016
-2.0,11,43.704846
-1.0,11,43.706737
-1.0,11,43.708248
0.0,11,43.710143
0.0,11,43.712028
0.0,11,43.713931
-1.0,11,43.715444
0.0,11,43.717365
-2.0,11,43.719255
-1.0,11,43.721155
0.0,11,43.722667
-1.0,11,43.724551
-1.0,11,43.726371
0.0,11,43.728238
-3.0,11,43.729747
-1.0,11,43.731664
-1.0,11,43.733605
0.0,11,43.735468
-1.0,11,43.736967
-1.0,11,43.738759
-1.0,11,43.74063
0.0,11,43.742516
0.0,11,43.744009
-1.0,11,43.745972
-1.0,11,43.747835
0.0,11,43.749764
-2.0,11,43.751162
0.0,11,43.752988
-1.0,11,43.754815
0.0,11,43.75672
-1.0,11,43.75811
0.0,11,43.759986
-1.0,11,43.761865
-1.0,11,43.763718
0.0,11,43.765222
0.0,11,43.76712
-1.0,11,43.769009
0.0,11,43.770875
-1.0,11,43.772337
-1.0,11,43.774159
-1.0,11,43.776037
-1.0,11,43.777897
-1.0,11,43.779362
-1.0,11,43.781207
0.0,11,43.78312
-1.0,11,43.784941
-1.0,11,43.786358
0.0,11,43.788248
-2.0,11,43.790103
0.0,11,43.791987
-1.0,11,43.793463
0.0,11,43.795496
0.0,11,43.797399
-1.0,11,43.799298
0.0,11,43.800979
0.0,11,43.803018
0.0,11,43.804917
0.0,11,43.806963
-1.0,11,43.808447
0.0,11,43.810414
0.0,11,43.812332
0.0,11,43.814283
0.0,11,43.815781
-1.0,11,43.817714
-1.0,11,43.819642
0.0,11,43.82154
0.0,11,43.823039
0.0,11,43.824978
0.0,11,43.826885
0.0,11,43.828742
0.0,11,43.830119
0.0,11,43.832031
0.0,11,43.833918
-1.0,11,43.835827
-2.0,11,43.837345
-1.0,11,43.839256
-1.0,11,43.841144
0.0,11,43.843034
-1.0,11,43.844498
0.0,11,43.846384
0.0,11,43.848318
0.0,11,43.850256
-1.0,11,43.851762
0.0,11,43.853681
-2.0,11,43.855534
-2.0,11,43.857482
0.0,11,43.858988
0.0,11,43.860893
-1.0,11,43.862799
-1.0,11,43.864702
0.0,11,43.866224
-1.0,11,43.868106
0.0,11,43.870038
0.0,11,43.87194
-1.0,11,43.873452
0.0,11,43.875359
0.0,11,43.877225
-1.0,11,43.879051
0.0,11,43.880547
-1.0,11,43.882474
-2.0,11,43.884367
-1.0,11,43.8862
0.0,11,43.887667
-1.0,11,43.889508
0.0,11,43.891424
-1.0,11,43.8933
0.0,11,43.894796
-1.0,11,43.896694
-1.0,11,43.898523
0.0,11,43.900398
0.0,11,43.901904
-1.0,11,43.903792
-1.0,11,43.905679
0.0,11,43.907605
-1.0,11,43.909348
0.0,11,43.911268
-1.0,11,43.913066
-2.0,11,43.915003
0.0,11,43.916482
-1.0,11,43.918349
-1.0,11,43.920244
0.0,11,43.922077
-2.0,11,43.923531
-1.0,11,43.925444
-1.0,11,43.927343
0.0,11,43.929221
-1.0,11,43.93073
0.0,11,43.932636
-1.0,11,43.934526
-1.0,11,43.936429
-2.0,11,43.937893
0.0,11,43.939761
-1.0,11,43.941633
-1.0,11,43.943483
0.0,11,43.944983
-1.0,11,43.946885
-1.0,11,43.948753
-1.0,11,43.950639
-1.0,11,43.952096
0.0,11,43.953977
0.0,11,43.955918
-2.0,11,43.957831
0.0,11,43.959339
-1.0,11,43.961255
-2.0,11,43.963073
0.0,11,43.964879
0.0,11,43.966373
0.0,11,43.968258
-2.0,11,43.970106
-1.0,11,43.97203
-2.0,11,43.973497
-2.0,11,43.97553
0.0,11,43.977439
-1.0,11,43.979348
0.0,11,43.981014
0.0,11,43.983052
-1.0,11,43.984929
0.0,11,43.986808
-1.0,11,43.988339
-1.0,11,43.990283
0.0,11,43.992253
-2.0,11,43.994174
-1.0,11,43.995667
-1.0,11,43.997585
-2.0,11,43.999475
0.0,11,44.001369
-1.0,11,44.002842
0.0,11,44.004741
0.0,11,44.00668
0.0,11,44.008588
-1.0,11,44.01011
0.0,11,44.012027
-1.0,11,44.013905
-1.0,11,44.01583
0.0,11,44.017325
0.0,11,44.019223
-1.0,11,44.021132
-1.0,11,44.022957
0.0,11,44.024482
-1.0,11,44.02637
0.0,11,44.028255
0.0,11,44.030151
-2.0,11,44.031606
0.0,11,44.03353
-1.0,11,44.035387
0.0,11,44.037239
-1.0,11,44.038766
-2.0,11,44.040817
0.0,11,44.04285
0.0,11,44.044781
0.0,11,44.046294
0.0,11,44.048158
0.0,11,44.050062
-2.0,11,44.051901
0.0,11,44.053396
0.0,11,44.055263
0.0,11,44.057201
-2.0,11,44.058994
-1.0,11,44.060554
0.0,11,44.062464
-1.0,11,44.064318
-2.0,11,44.066121
-1.0,11,44.067563
-1.0,11,44.069485
-1.0,11,44.071372
-1.0,11,44.073251
-1.0,11,44.074717
0.0,11,44.076623
0.0,11,44.078504
0.0,11,44.08039
-1.0,11,44.081905
0.0,11,44.083808
0.0,11,44.085691
0.0,11,44.087574
0.0,11,44.089046
-1.0,11,44.090903
-1.0,11,44.092792
0.0,11,44.094723
-1.0,11,44.096214
0.0,11,44.098092
-2.0,11,44.099985
-1.0,11,44.10188
0.0,11,44.103382
-1.0,11,44.105291
-1.0,11,44.107204
-1.0,11,44.109101
-1.0,11,44.110565
0.0,11,44.112462
0.0,11,44.114316
0.0,11,44.116213
-1.0,11,44.117674
-1.0,11,44.119562
-2.0,11,44.121439
-1.0,11,44.123334
-1.0,11,44.124803
0.0,11,44.126681
-1.0,11,44.128585
0.0,11,44.130494
-2.0,11,44.131991
0.0,11,44.133851
0.0,11,44.135736
-1.0,11,44.137611
-1.0,11,44.139113
0.0,11,44.140988
-1.0,11,44.142859
-1.0,11,44.144736
-1.0,11,44.146224
-2.0,11,44.148082
0.0,11,44.149986
0.0,11,44.151881
-1.0,11,44.153398
-1.0,11,44.155524
-1.0,11,44.157462
0.0,11,44.159323
-1.0,11,44.160991
-1.0,11,44.163058
0.0,11,44.165036
-1.0,11,44.167057
-1.0,11,44.168599
-1.0,11,44.170533
0.0,11,44.172439
0.0,11,44.174336
-1.0,11,44.175796
0.0,11,44.17769
0.0,11,44.17959
0.0,11,44.181538
-1.0,11,44.183062
-1.0,11,44.18498
0.0,11,44.186873
0.0,11,44.188808
-1.0,11,44.190332
-3.0,11,44.192194
-2.0,11,44.194065
0.0,11,44.195994
-1.0,11,44.197505
-2.0,11,44.199381
0.0,11,44.201298
0.0,11,44.20321
-1.0,11,44.204715
-1.0,11,44.206564
-1.0,11,44.208457
0.0,11,44.210352
0.0,11,44.211903
0.0,11,44.213811
0.0,11,44.215703
-1.0,11,44.217598
-1.0,11,44.219059
-1.0,11,44.221032
-1.0,11,44.222939
0.0,11,44.22483
0.0,11,44.226325
0.0,11,44.228209
-1.0,11,44.230112
0.0,11,44.231966
-1.0,11,44.233469
-2.0,11,44.235259
0.0,11,44.237156
0.0,11,44.239084
-2.0,11,44.240539
-1.0,11,44.242414
-1.0,11,44.244292
-1.0,11,44.246144
-1.0,11,44.24767
-1.0,11,44.24957
-2.0,11,44.251378
-2.0,11,44.253256
-2.0,11,44.254673
-2.0,11,44.256557
-1.0,11,44.258441
-1.0,11,44.260286
-1.0,11,44.261729
0.0,11,44.263648
-1.0,11,44.265527
-2.0,11,44.267427
-2.0,11,44.268932
-1.0,11,44.270797
-2.0,11,44.272688
0.0,11,44.274566
-1.0,11,44.27612
0.0,11,44.278065
-1.0,11,44.280038
-1.0,11,44.282063
-1.0,11,44.283613
0.0,11,44.285661
0.0,11,44.287697
-1.0,11,44.289653
0.0,11,44.291204
-1.0,11,44.293082
-1.0,11,44.295007
-1.0,11,44.296896
0.0,11,44.298491
-1.0,11,44.300573
0.0,11,44.302617
0.0,11,44.304525
0.0,11,44.306056
-1.0,11,44.308075
-1.0,11,44.310156
-1.0,11,44.312216
-1.0,11,44.313805
-1.0,11,44.315709
-2.0,11,44.31764
-1.0,11,44.319588
-2.0,11,44.32107
0.0,11,44.323015
-2.0,11,44.324949
0.0,11,44.326859
0.0,11,44.328376
-2.0,11,44.330257
0.0,11,44.332194
-2.0,11,44.33411
0.0,11,44.335592
0.0,11,44.337626
-1.0,11,44.339513
0.0,11,44.341401
0.0,11,44.343109
0.0,11,44.345096
0.0,11,44.347074
0.0,11,44.348991
-2.0,11,44.350445
0.0,11,44.352347
-1.0,11,44.354405
-1.0,11,44.356278
0.0,11,44.357789
0.0,11,44.359649
0.0,11,44.361599
0.0,11,44.363486
-2.0,11,44.364958
-1.0,11,44.36684
-1.0,11,44.368641
-1.0,11,44.370566
0.0,11,44.372092
0.0,11,44.373971
-1.0,11,44.375894
-1.0,11,44.377833
0.0,11,44.37933
-2.0,11,44.381175
-1.0,11,44.383057
-1.0,11,44.384934
-1.0,11,44.386409
-1.0,11,44.388312
0.0,11,44.390209
-2.0,11,44.392106
0.0,11,44.393598
-1.0,11,44.395566
0.0,11,44.39745
-2.0,11,44.399331
0.0,11,44.40083
0.0,11,44.40275
0.0,11,44.404655
-1.0,11,44.406586
0.0,11,44.408113
-1.0,11,44.409983
0.0,11,44.411913
0.0,11,44.41382
-2.0,11,44.415331
0.0,11,44.417189
0.0,11,44.419077
-1.0,11,44.421003
-1.0,11,44.422515
0.0,11,44.424374
0.0,11,44.426266
0.0,11,44.428171
-1.0,11,44.429674
-2.0,11,44.431537
-2.0,11,44.433434
-1.0,11,44.435338
0.0,11,44.436822
-1.0,11,44.438691
0.0,11,44.440575
-1.0,11,44.442481
-1.0,11,44.443991
0.0,11,44.445865
-1.0,11,44.447752
-2.0,11,44.449591
-1.0,11,44.4511
-1.0,11,44.452982
-1.0,11,44.454892
0.0,11,44.456788
0.0,11,44.458271
0.0,11,44.46017
0.0,11,44.462098
0.0,11,44.464006
-1.0,11,44.465509
-2.0,11,44.467383
-1.0,11,44.469262
0.0,11,44.47115
-1.0,11,44.472652
-1.0,11,44.474541
0.0,11,44.476449
0.0,11,44.478325
0.0,11,44.479828
-1.0,11,44.481694
0.0,11,44.483565
0.0,11,44.485442
0.0,11,44.486965
-1.0,11,44.48882
0.0,11,44.490711
-1.0,11,44.492625
0.0,11,44.494127
-1.0,11,44.496013
-1.0,11,44.497913
0.0,11,44.499812
-1.0,11,44.501262
0.0,11,44.503129
-1.0,11,44.504994
0.0,11,44.506871
-1.0,11,44.508368
-1.0,11,44.510272
0.0,11,44.512183
-1.0,11,44.514076
-1.0,11,44.515574
-1.0,11,44.517599
-2.0,11,44.519526
-1.0,11,44.521406
-1.0,11,44.523073
-1.0,11,44.525119
0.0,11,44.527046
-2.0,11,44.528924
0.0,11,44.530473
-1.0,11,44.532385
-1.0,11,44.534266
-1.0,11,44.536112
-1.0,11,44.537734
0.0,11,44.53966
0.0,11,44.541566
0.0,11,44.543487
0.0,11,44.545038
-2.0,11,44.547032
-1.0,11,44.54896
-1.0,11,44.550871
-1.0,11,44.552432
-1.0,11,44.554368
-1.0,11,44.556289
0.0,11,44.558233
-1.0,11,44.5597
0.0,11,44.561629
-1.0,11,44.563544
-2.0,11,44.565483
0.0,11,44.566987
-1.0,11,44.568882
0.0,11,44.570755
0.0,11,44.572646
0.0,11,44.574187
-2.0,11,44.576062
-1.0,11,44.577959
-1.0,11,44.579912
0.0,11,44.581403
0.0,11,44.583277
-1.0,11,44.585144
0.0,11,44.587051
0.0,11,44.588582
-1.0,11,44.590442
0.0,11,44.592324
0.0,11,44.594224
-1.0,11,44.595705
-1.0,11,44.597569
-1.0,11,44.599396
0.0,11,44.601289
0.0,11,44.602809
0.0,11,44.60473
-1.0,11,44.606607
-1.0,11,44.608483
-2.0,11,44.609925
0.0,11,44.611824
0.0,11,44.613729
0.0,11,44.615624
0.0,11,44.617099
0.0,11,44.61901
0.0,11,44.620905
-2.0,11,44.622776
0.0,11,44.624277
-1.0,11,44.626197
0.0,11,44.62811
-1.0,11,44.629957
0.0,11,44.631456
-1.0,11,44.633352
-1.0,11,44.635221
-1.0,11,44.637072
-1.0,11,44.638498
0.0,11,44.640415
-1.0,11,44.642283
-1.0,11,44.644133
0.0,11,44.645598
-1.0,11,44.6475
0.0,11,44.649377
-2.0,11,44.651287
0.0,11,44.652777
0.0,11,44.654681
-1.0,11,44.656578
-2.0,11,44.658434
-1.0,11,44.659942
0.0,11,44.661788
-1.0,11,44.6637
-1.0,11,44.665619
-1.0,11,44.667086
-2.0,11,44.668942
0.0,11,44.670844
-1.0,11,44.672737
-1.0,11,44.674265
0.0,11,44.676189
-1.0,11,44.678052
-1.0,11,44.679896
0.0,11,44.681389
0.0,11,44.683279
-1.0,11,44.685167
0.0,11,44.687038
-1.0,11,44.688533
-3.0,11,44.690369
-1.0,11,44.692233
0.0,11,44.694134
-1.0,11,44.695596
-2.0,11,44.697574
-1.0,11,44.69945
-1.0,11,44.7013
-1.0,11,44.702975
-2.0,11,44.704969
0.0,11,44.706958
0.0,11,44.708951
0.0,11,44.710486
-1.0,11,44.7124
0.0,11,44.714315
0.0,11,44.716262
-1.0,11,44.717748
0.0,11,44.719626
-1.0,11,44.721464
-1.0,11,44.723375
-1.0,11,44.724902
0.0,11,44.726814
-2.0,11,44.728709
0.0,11,44.730631
0.0,11,44.732153
-1.0,11,44.734014
-2.0,11,44.735911
-1.0,11,44.737802
0.0,11,44.739298
-1.0,11,44.741203
-1.0,11,44.743069
-2.0,11,44.745098
-1.0,11,44.746609
0.0,11,44.748503
0.0,11,44.750392
-1.0,11,44.752275
0.0,11,44.753789
-1.0,11,44.755735
-1.0,11,44.75763
-1.0,11,44.759526
-1.0,11,44.761029
-1.0,11,44.762957
0.0,11,44.764817
-1.0,11,44.76673
0.0,11,44.768227
-1.0,11,44.770159
-1.0,11,44.772035
0.0,11,44.77391
-2.0,11,44.775428
0.0,11,44.777298
-2.0,11,44.77919
0.0,11,44.781086
-2.0,11,44.782605
-1.0,11,44.784472
0.0,11,44.786389
-1.0,11,44.788302
-2.0,11,44.789777
-1.0,11,44.791672
-1.0,11,44.793569
-1.0,11,44.795477
0.0,11,44.796999
-1.0,11,44.798929
0.0,11,44.800845
0.0,11,44.802738
-1.0,11,44.804201
-1.0,11,44.806064
-1.0,11,44.807992
-1.0,11,44.809865
-1.0,11,44.811335
0.0,11,44.813231
-1.0,11,44.81514
-1.0,11,44.817028
0.0,11,44.818498
-1.0,11,44.820366
-1.0,11,44.822246
-1.0,11,44.824162
0.0,11,44.825617
0.0,11,44.827523
0.0,11,44.829458
0.0,11,44.831362
-1.0,11,44.832835
-1.0,11,44.834696
-1.0,11,44.836585
-1.0,11,44.838463
-1.0,11,44.839982
-1.0,11,44.841883
-1.0,11,44.843781
0.0,11,44.845682
0.0,11,44.84718
0.0,11,44.849098
-2.0,11,44.850954
0.0,11,44.852868
-2.0,11,44.854377
-1.0,11,44.856272
0.0,11,44.858159
-1.0,11,44.860018
0.0,11,44.86163
0.0,11,44.863643
0.0,11,44.865709
0.0,11,44.867759
-1.0,11,44.869635
-2.0,11,44.871932
-1.0,11,44.873946
-1.0,11,44.875855
-2.0,11,44.877363
-2.0,11,44.879403
0.0,11,44.881325
-2.0,11,44.883128
0.0,11,44.884821
-1.0,11,44.886906
0.0,11,44.888803
0.0,11,44.890943
0.0,11,44.892587
0.0,11,44.894837
0.0,11,44.897051
0.0,11,44.899341
-1.0,11,44.900988
0.0,11,44.903132
-1.0,11,44.90537
-3.0,11,44.90751
0.0,11,44.909182
-1.0,11,44.911196
0.0,11,44.913208
-1.0,11,44.915087
0.0,11,44.916612
0.0,11,44.918592
0.0,11,44.920534
-1.0,11,44.922446
-1.0,11,44.924002
0.0,11,44.925957
0.0,11,44.927881
-1.0,11,44.929802
-1.0,11,44.931304
-2.0,11,44.933222
0.0,11,44.93519
0.0,11,44.937153
0.0,11,44.93868
-1.0,11,44.940589
-1.0,11,44.942561
-1.0,11,44.944466
-1.0,11,44.945996
-1.0,11,44.947888
-1.0,11,44.949808
0.0,11,44.951723
0.0,11,44.953266
-1.0,11,44.955132
0.0,11,44.957064
-1.0,11,44.958983
0.0,11,44.960497
0.0,11,44.962397
0.0,11,44.9643
0.0,11,44.966227
-1.0,11,44.967739
-1.0,11,44.969642
-1.0,11,44.97153
-1.0,11,44.973471
-2.0,11,44.975013
-1.0,11,44.976842
-1.0,11,44.97871
0.0,11,44.980599
0.0,11,44.982116
0.0,11,44.984051
-1.0,11,44.985914
-1.0,11,44.987826
0.0,11,44.989326
0.0,11,44.991283
-2.0,11,44.993232
-1.0,11,44.995127
-3.0,11,44.996558
-1.0,11,44.998484
0.0,11,45.000402
-1.0,11,45.002299
-1.0,11,45.003744
-1.0,11,45.005574
-1.0,11,45.007475
-1.0,11,45.009376
-1.0,11,45.010864
-1.0,11,45.012761
-1.0,11,45.014633
0.0,11,45.016556
0.0,11,45.018061
-2.0,11,45.019926
-1.0,11,45.021796
-1.0,11,45.02363
-1.0,11,45.025105
-1.0,11,45.026992
0.0,11,45.028904
0.0,11,45.030802
-2.0,11,45.032329
-1.0,11,45.034242
-1.0,11,45.036122
-1.0,11,45.037999
-2.0,11,45.039529
-1.0,11,45.041466
-1.0,11,45.043342
0.0,11,45.045249
-1.0,11,45.046721
0.0,11,45.048748
-1.0,11,45.050727
0.0,11,45.052614
0.0,11,45.054082
-2.0,11,45.056014
0.0,11,45.057966
-2.0,11,45.059873
-1.0,11,45.061382
-3.0,11,45.063327
-1.0,11,45.065273
0.0,11,45.067174
-1.0,11,45.068743
-2.0,11,45.070683
0.0,11,45.072584
0.0,11,45.074683
0.0,11,45.076215
-1.0,11,45.078129
0.0,11,45.08005
0.0,11,45.082072
-2.0,11,45.083643
-1.0,11,45.085581
-1.0,11,45.087557
-1.0,11,45.089441
0.0,11,45.09091
-1.0,11,45.092812
0.0,11,45.09469
0.0,11,45.09659
0.0,11,45.098094
0.0,11,45.099965
0.0,11,45.101892
-2.0,11,45.103798
-2.0,11,45.105273
0.0,11,45.107166
-1.0,11,45.109089
-1.0,11,45.110976
-1.0,11,45.112465
-2.0,11,45.114301
-1.0,11,45.116229
0.0,11,45.118134
-1.0,11,45.119664
-1.0,11,45.121624
0.0,11,45.123554
0.0,11,45.125459
0.0,11,45.126973
-1.0,11,45.128868
-1.0,11,45.130766
0.0,11,45.132657
-2.0,11,45.134134
-1.0,11,45.136007
-2.0,11,45.137899
0.0,11,45.139827
0.0,11,45.141338
0.0,11,45.143235
0.0,11,45.145145
0.0,11,45.147061
-2.0,11,45.148565
0.0,11,45.150448
-2.0,11,45.152305
-1.0,11,45.154166
-1.0,11,45.15568
0.0,11,45.15759
0.0,11,45.159491
-1.0,11,45.161421
-2.0,11,45.162952
0.0,11,45.164877
-2.0,11,45.166773
-1.0,11,45.168682
-1.0,11,45.170221
-1.0,11,45.17213
-2.0,11,45.17403
-1.0,11,45.175924
-1.0,11,45.177438
0.0,11,45.179363
0.0,11,45.181279
-1.0,11,45.183116
-2.0,11,45.184632
0.0,11,45.186543
-2.0,11,45.188436
-1.0,11,45.19033
-1.0,11,45.191835
-1.0,11,45.193731
-1.0,11,45.195619
-1.0,11,45.197557
-1.0,11,45.199055
0.0,11,45.20093
0.0,11,45.202861
-2.0,11,45.204749
0.0,11,45.206245
0.0,11,45.208153
-1.0,11,45.210038
0.0,11,45.211958
-1.0,11,45.213422
-1.0,11,45.215312
-1.0,11,45.217176
-1.0,11,45.219035
-1.0,11,45.220522
-1.0,11,45.22242
-1.0,11,45.224322
0.0,11,45.226207
-1.0,11,45.227718
-1.0,11,45.229614
-1.0,11,45.231517
0.0,11,45.233404
0.0,11,45.234903
-1.0,11,45.236787
-1.0,11,45.238676
-1.0,11,45.240557
-2.0,11,45.242055
-1.0,11,45.244081
-1.0,11,45.245979
-2.0,11,45.247896
0.0,11,45.249623
0.0,11,45.251654
-1.0,11,45.253766
0.0,11,45.255743
0.0,11,45.257289
0.0,11,45.259224
0.0,11,45.261129
0.0,11,45.263026
0.0,11,45.264554
-1.0,11,45.266486
0.0,11,45.268385
0.0,11,45.270319
0.0,11,45.271845
0.0,11,45.273759
0.0,11,45.275659
0.0,11,45.277559
0.0,11,45.279057
-1.0,11,45.280976
0.0,11,45.282891
0.0,11,45.284787
-1.0,11,45.286313
0.0,11,45.288219
-1.0,11,45.290168
-1.0,11,45.292073
-1.0,11,45.293576
0.0,11,45.295535
-1.0,11,45.297475
-2.0,11,45.299352
-1.0,11,45.300888
0.0,11,45.302776
0.0,11,45.304635
0.0,11,45.306568
-2.0,11,45.30808
-1.0,11,45.309987
-1.0,11,45.311896
0.0,11,45.313784
-1.0,11,45.315306
-1.0,11,45.317204
0.0,11,45.319111
-1.0,11,45.321013
-1.0,11,45.3225
-1.0,11,45.324408
0.0,11,45.326293
-1.0,11,45.328206
0.0,11,45.329698
0.0,11,45.33161
-1.0,11,45.333488
0.0,11,45.335384
0.0,11,45.336901
-1.0,11,45.338757
-1.0,11,45.34066
-2.0,11,45.342547
0.0,11,45.344059
-1.0,11,45.345948
-1.0,11,45.347819
0.0,11,45.349707
-1.0,11,45.351207
-1.0,11,45.353134
0.0,11,45.35505
0.0,11,45.356953
-1.0,11,45.358425
-1.0,11,45.36031
-1.0,11,45.362241
0.0,11,45.364131
-1.0,11,45.365575
0.0,11,45.367502
-1.0,11,45.369375
0.0,11,45.371278
0.0,11,45.372776
0.0,11,45.374668
0.0,11,45.376577
-1.0,11,45.378452
0.0,11,45.379955
0.0,11,45.38185
-1.0,11,45.38371
-1.0,11,45.3856
0.0,11,45.387068
-1.0,11,45.388925
0.0,11,45.390825
-1.0,11,45.392714
-1.0,11,45.394219
0.0,11,45.396124
0.0,11,45.397978
-1.0,11,45.399912
0.0,11,45.401396
-2.0,11,45.403294
-2.0,11,45.405223
0.0,11,45.407133
0.0,11,45.408582
-1.0,11,45.410482
-1.0,11,45.412393
0.0,11,45.414279
-1.0,11,45.415791
0.0,11,45.417681
-1.0,11,45.419586
0.0,11,45.4215
-1.0,11,45.422985
-1.0,11,45.424989
-1.0,11,45.426882
-1.0,11,45.428723
-1.0,11,45.430466
0.0,11,45.43253
-1.0,11,45.434445
0.0,11,45.436515
-1.0,11,45.438073
0.0,11,45.440033
0.0,11,45.441958
-1.0,11,45.443861
0.0,11,45.445405
0.0,11,45.447295
-1.0,11,45.44922
0.0,11,45.451132
0.0,11,45.452639
-1.0,11,45.454562
-1.0,11,45.456463
-1.0,11,45.458365
0.0,11,45.459862
0.0,11,45.461785
-1.0,11,45.463702
0.0,11,45.465635
-1.0,11,45.467138
0.0,11,45.469049
0.0,11,45.470949
-1.0,11,45.472832
-1.0,11,45.474286
0.0,11,45.476153
0.0,11,45.478109
-1.0,11,45.480026
-1.0,11,45.481541
-1.0,11,45.483427
0.0,11,45.485354
-1.0,11,45.487272
-1.0,11,45.48881
-2.0,11,45.490709
-1.0,11,45.492635
-2.0,11,45.494543
0.0,11,45.49603
0.0,11,45.497969
-1.0,11,45.499867
0.0,11,45.501746
0.0,11,45.5033
0.0,11,45.505231
-1.0,11,45.507132
-1.0,11,45.509012
0.0,11,45.510531
-1.0,11,45.512443
-2.0,11,45.514338
-1.0,11,45.516227
0.0,11,45.517723
0.0,11,45.519656
-1.0,11,45.521562
-1.0,11,45.523421
-1.0,11,45.524895
0.0,11,45.526778
-2.0,11,45.52871
0.0,11,45.530596
-1.0,11,45.532099
0.0,11,45.533965
0.0,11,45.53584
0.0,11,45.53775
0.0,11,45.539281
-1.0,11,45.541309
0.0,11,45.543311
-1.0,11,45.54526
0.0,11,45.546771
-2.0,11,45.548685
-1.0,11,45.550573
0.0,11,45.552487
0.0,11,45.553986
-1.0,11,45.556059
-1.0,11,45.557944
-1.0,11,45.55988
-1.0,11,45.561399
0.0,11,45.563302
-1.0,11,45.565173
-1.0,11,45.567081
0.0,11,45.568591
-1.0,11,45.570554
0.0,11,45.572483
-1.0,11,45.574392
-2.0,11,45.575861
0.0,11,45.577768
-1.0,11,45.579657
-1.0,11,45.581563
-1.0,11,45.583069
-2.0,11,45.584958
-1.0,11,45.586836
0.0,11,45.588729
-1.0,11,45.590211
0.0,11,45.592142
0.0,11,45.594077
0.0,11,45.595987
-1.0,11,45.59753
-1.0,11,45.599449
-1.0,11,45.601327
-1.0,11,45.603248
-1.0,11,45.604737
-1.0,11,45.606753
0.0,11,45.608629
-2.0,11,45.610463
0.0,11,45.612133
-1.0,11,45.614099
-1.0,11,45.616014
-1.0,11,45.617885
-1.0,11,45.619504
-1.0,11,45.621484
0.0,11,45.623422
-1.0,11,45.625364
0.0,11,45.626883
0.0,11,45.628767
-1.0,11,45.630659
-1.0,11,45.632594
0.0,11,45.634105
-1.0,11,45.635976
-1.0,11,45.637862
0.0,11,45.639716
0.0,11,45.641243
0.0,11,45.643153
0.0,11,45.645051
0.0,11,45.646949
0.0,11,45.648452
0.0,11,45.650346
-1.0,11,45.652223
0.0,11,45.654111
0.0,11,45.655667
-1.0,11,45.657595
-1.0,11,45.6595
-1.0,11,45.661395
0.0,11,45.662904
-1.0,11,45.664827
-1.0,11,45.66674
-1.0,11,45.668631
0.0,11,45.670164
-1.0,11,45.672089
0.0,11,45.67395
0.0,11,45.675841
-1.0,11,45.677342
0.0,11,45.679194
0.0,11,45.681112
0.0,11,45.683062
-1.0,11,45.684586
-1.0,11,45.68648
0.0,11,45.688372
-1.0,11,45.690265
0.0,11,45.691775
0.0,11,45.693665
-1.0,11,45.695541
-1.0,11,45.697446
-2.0,11,45.699
-1.0,11,45.700905
0.0,11,45.702828
0.0,11,45.704735
-1.0,11,45.706191
-1.0,11,45.708143
-1.0,11,45.710053
-2.0,11,45.711963
-1.0,11,45.713468
0.0,11,45.715381
-1.0,11,45.717292
0.0,11,45.719176
0.0,11,45.720644
-1.0,11,45.72257
0.0,11,45.724492
0.0,11,45.726392
-1.0,11,45.727884
-1.0,11,45.729793
-1.0,11,45.731687
-1.0,11,45.733587
-1.0,11,45.735092
-1.0,11,45.736967
0.0,11,45.738867
0.0,11,45.740771
0.0,11,45.742291
0.0,11,45.744187
-2.0,11,45.746076
-1.0,11,45.747993
0.0,11,45.749488
-1.0,11,45.751397
-1.0,11,45.753292
-1.0,11,45.755191
0.0,11,45.756671
-1.0,11,45.758588
0.0,11,45.760482
0.0,11,45.762406
-1.0,11,45.763906
-1.0,11,45.765788
0.0,11,45.767707
0.0,11,45.769607
-1.0,11,45.771071
-2.0,11,45.772967
-1.0,11,45.774871
-1.0,11,45.776778
0.0,11,45.778276
0.0,11,45.780182
0.0,11,45.782077
-1.0,11,45.783978
-1.0,11,45.785495
-1.0,11,45.78754
-1.0,11,45.789445
-1.0,11,45.791332
0.0,11,45.793026
-1.0,11,45.795034
0.0,11,45.796973
-2.0,11,45.798961
-3.0,11,45.800487
0.0,11,45.802404
0.0,11,45.804469
0.0,11,45.806435
-1.0,11,45.807949
0.0,11,45.809866
-1.0,11,45.811875
-2.0,11,45.813839
0.0,11,45.815361
-1.0,11,45.817247
0.0,11,45.819165
0.0,11,45.821057
-1.0,11,45.822561
0.0,11,45.824492
0.0,11,45.826372
-1.0,11,45.828274
-1.0,11,45.82976
0.0,11,45.83168
-2.0,11,45.833585
-1.0,11,45.835462
0.0,11,45.836978
0.0,11,45.838855
-1.0,11,45.840767
0.0,11,45.842656
0.0,11,45.844188
0.0,11,45.846092
-1.0,11,45.848129
-1.0,11,45.849989
0.0,11,45.85148
0.0,11,45.853381
-1.0,11,45.855267
0.0,11,45.857165
-1.0,11,45.858641
0.0,11,45.860487
0.0,11,45.862394
-1.0,11,45.86432
-1.0,11,45.865827
-2.0,11,45.867672
-1.0,11,45.869604
0.0,11,45.871504
-1.0,11,45.87298
0.0,11,45.874879
-1.0,11,45.876735
-1.0,11,45.878661
-1.0,11,45.880155
0.0,11,45.882046
-1.0,11,45.883937
0.0,11,45.885833
-1.0,11,45.887323
-1.0,11,45.889206
0.0,11,45.891097
-1.0,11,45.892998
-1.0,11,45.894499
-1.0,11,45.896372
-1.0,11,45.898266
0.0,11,45.900193
-1.0,11,45.901705
-1.0,11,45.903588
-1.0,11,45.905469
0.0,11,45.907383
-1.0,11,45.9088
0.0,11,45.910703
-1.0,11,45.912598
0.0,11,45.91449
-2.0,11,45.916024
-1.0,11,45.917842
-1.0,11,45.919762
0.0,11,45.921648
0.0,11,45.923167
0.0,11,45.925043
0.0,11,45.926943
-1.0,11,45.928859
-1.0,11,45.930346
-2.0,11,45.932184
0.0,11,45.934073
0.0,11,45.935964
0.0,11,45.937461
-1.0,11,45.939356
-1.0,11,45.941175
-1.0,11,45.943068
0.0,11,45.944579
0.0,11,45.946466
-1.0,11,45.948314
0.0,11,45.950234
-1.0,11,45.951753
-1.0,11,45.953683
-1.0,11,45.955587
0.0,11,45.957506
-1.0,11,45.959006
0.0,11,45.960945
-1.0,11,45.962791
0.0,11,45.964685
-1.0,11,45.966142
-1.0,11,45.968154
-1.0,11,45.970071
-1.0,11,45.971946
-1.0,11,45.973677
-1.0,11,45.975669
-2.0,11,45.977595
-1.0,11,45.979518
-1.0,11,45.981073
-1.0,11,45.983145
-1.0,11,45.985041
-1.0,11,45.986937
0.0,11,45.988446
0.0,11,45.990387
0.0,11,45.992257
-1.0,11,45.994116
-1.0,11,45.995648
-1.0,11,45.997561
-1.0,11,45.999507
-1.0,11,46.0014
-1.0,11,46.002897
-1.0,11,46.004785
-1.0,11,46.00667
-1.0,11,46.008601
0.0,11,46.010107
0.0,11,46.011965
0.0,11,46.013859
-3.0,11,46.015726
-1.0,11,46.017226
0.0,11,46.019112
0.0,11,46.021032
-1.0,11,46.02295
-1.0,11,46.024519
0.0,11,46.026431
-1.0,11,46.028303
0.0,11,46.030186
0.0,11,46.031703
-1.0,11,46.033647
0.0,11,46.035536
0.0,11,46.037385
-1.0,11,46.038924
0.0,11,46.041017
-1.0,11,46.042971
0.0,11,46.044892
-1.0,11,46.046399
0.0,11,46.048354
0.0,11,46.050264
-1.0,11,46.052165
0.0,11,46.053697
-1.0,11,46.055623
-1.0,11,46.057445
0.0,11,46.059306
0.0,11,46.060785
0.0,11,46.06264
0.0,11,46.064523
0.0,11,46.06641
0.0,11,46.067934
-1.0,11,46.069827
-1.0,11,46.071701
0.0,11,46.073625
0.0,11,46.075123
-1.0,11,46.077006
-1.0,11,46.078861
0.0,11,46.080756
0.0,11,46.082242
0.0,11,46.084163
0.0,11,46.086046
0.0,11,46.087922
-2.0,11,46.089355
-1.0,11,46.091249
0.0,11,46.093138
0.0,11,46.095052
-1.0,11,46.096534
-1.0,11,46.098453
-1.0,11,46.100356
0.0,11,46.102244
0.0,11,46.103745
0.0,11,46.105656
-1.0,11,46.10756
-1.0,11,46.109425
-1.0,11,46.110919
0.0,11,46.112822
0.0,11,46.114693
-1.0,11,46.116606
0.0,11,46.118093
-1.0,11,46.120009
-1.0,11,46.12189
0.0,11,46.123842
0.0,11,46.125341
-2.0,11,46.127214
0.0,11,46.129105
0.0,11,46.130992
-1.0,11,46.132506
0.0,11,46.134418
-1.0,11,46.136272
0.0,11,46.13816
0.0,11,46.139696
0.0,11,46.14161
0.0,11,46.143529
0.0,11,46.145433
-1.0,11,46.146895
0.0,11,46.148945
-1.0,11,46.150848
-1.0,11,46.152708
0.0,11,46.154283
-1.0,11,46.156406
0.0,11,46.158497
-1.0,11,46.160433
0.0,11,46.161949
-1.0,11,46.163905
-1.0,11,46.165852
-1.0,11,46.167773
0.0,11,46.169282
0.0,11,46.171237
0.0,11,46.173175
0.0,11,46.175088
-1.0,11,46.176605
0.0,11,46.178525
0.0,11,46.180425
-2.0,11,46.182264
-1.0,11,46.183789
-1.0,11,46.185685
0.0,11,46.187583
-2.0,11,46.18944
0.0,11,46.190973
0.0,11,46.192869
-1.0,11,46.19474
-1.0,11,46.196626
0.0,11,46.19812
0.0,11,46.200032
-1.0,11,46.201954
0.0,11,46.203878
-1.0,11,46.205385
0.0,11,46.207311
0.0,11,46.209209
0.0,11,46.211125
0.0,11,46.212626
-1.0,11,46.214568
0.0,11,46.216508
0.0,11,46.218379
0.0,11,46.219905
0.0,11,46.221776
0.0,11,46.223717
0.0,11,46.225595
-1.0,11,46.227091
0.0,11,46.229032
-1.0,11,46.230915
0.0,11,46.232837
-1.0,11,46.234302
-1.0,11,46.236213
0.0,11,46.238102
-1.0,11,46.239997
-1.0,11,46.241494
-2.0,11,46.243392
-1.0,11,46.245265
0.0,11,46.247157
0.0,11,46.248652
-1.0,11,46.250579
-1.0,11,46.252494
-1.0,11,46.254417
-1.0,11,46.255937
-1.0,11,46.257828
0.0,11,46.259747
-1.0,11,46.261629
0.0,11,46.263125
-2.0,11,46.265011
0.0,11,46.266915
-1.0,11,46.268812
-2.0,11,46.270275
0.0,11,46.272183
0.0,11,46.274079
0.0,11,46.275937
0.0,11,46.277461
0.0,11,46.279355
-1.0,11,46.281228
-1.0,11,46.283079
-1.0,11,46.284531
0.0,11,46.28643
-1.0,11,46.288278
-2.0,11,46.290174
0.0,11,46.291722
-1.0,11,46.293621
-1.0,11,46.295518
-1.0,11,46.297399
-1.0,11,46.298907
0.0,11,46.300778
-1.0,11,46.302645
0.0,11,46.304534
-1.0,11,46.306031
-1.0,11,46.307972
-1.0,11,46.309867
0.0,11,46.311758
-1.0,11,46.313271
0.0,11,46.315127
0.0,11,46.317021
-1.0,11,46.318913
-1.0,11,46.320367
-1.0,11,46.322259
0.0,11,46.324169
0.0,11,46.326044
0.0,11,46.327529
0.0,11,46.329533
-1.0,11,46.331465
0.0,11,46.333349
-1.0,11,46.335153
-1.0,11,46.337114
0.0,11,46.339032
-1.0,11,46.341109
0.0,11,46.342651
0.0,11,46.344564
-2.0,11,46.346514
0.0,11,46.348494
0.0,11,46.350011
0.0,11,46.351934
-1.0,11,46.353882
0.0,11,46.355761
0.0,11,46.357287
0.0,11,46.359261
0.0,11,46.361171
0.0,11,46.363043
-1.0,11,46.364546
-1.0,11,46.366439
0.0,11,46.368328
-1.0,11,46.370224
-1.0,11,46.371713
-1.0,11,46.373646
-1.0,11,46.375572
0.0,11,46.377477
-1.0,11,46.378973
-1.0,11,46.380922
0.0,11,46.382866
-1.0,11,46.384789
0.0,11,46.386333
0.0,11,46.388222
0.0,11,46.390156
-1.0,11,46.392065
-1.0,11,46.393574
-1.0,11,46.395515
0.0,11,46.397415
-1.0,11,46.399324
0.0,11,46.400815
-1.0,11,46.40274
0.0,11,46.404649
-1.0,11,46.406551
-1.0,11,46.408056
-1.0,11,46.409956
0.0,11,46.411814
-1.0,11,46.413693
-1.0,11,46.4152
-1.0,11,46.417101
-2.0,11,46.419004
-1.0,11,46.42089
0.0,11,46.422401
0.0,11,46.424309
0.0,11,46.426205
0.0,11,46.428103
-1.0,11,46.429584
0.0,11,46.431481
0.0,11,46.433402
-2.0,11,46.435304
-1.0,11,46.436794
0.0,11,46.438729
-1.0,11,46.440636
-1.0,11,46.442553
-1.0,11,46.444068
-1.0,11,46.445963
0.0,11,46.447853
0.0,11,46.44976
-1.0,11,46.451251
-2.0,11,46.453111
-1.0,11,46.455023
0.0,11,46.456943
0.0,11,46.458461
0.0,11,46.460366
0.0,11,46.46222
0.0,11,46.464109
-2.0,11,46.465613
0.0,11,46.467587
-1.0,11,46.469521
-2.0,11,46.471368
-1.0,11,46.472884
-2.0,11,46.474817
-2.0,11,46.47672
-1.0,11,46.478601
-2.0,11,46.480098
-1.0,11,46.481924
-1.0,11,46.483801
0.0,11,46.4857
0.0,11,46.48721
0.0,11,46.489104
-1.0,11,46.491034
-1.0,11,46.492945
-1.0,11,46.494464
-1.0,11,46.496369
-1.0,11,46.498266
-2.0,11,46.500152
0.0,11,46.501647
0.0,11,46.503546
-1.0,11,46.505401
-1.0,11,46.507295
0.0,11,46.508793
0.0,11,46.510815
-1.0,11,46.512717
0.0,11,46.514601
0.0,11,46.516274
-1.0,11,46.518266
0.0,11,46.520163
0.0,11,46.522063
0.0,11,46.523631
0.0,11,46.525603
0.0,11,46.527515
-1.0,11,46.529468
0.0,11,46.530983
0.0,11,46.53288
0.0,11,46.534789
0.0,11,46.53669
-1.0,11,46.538181
-1.0,11,46.540248
-1.0,11,46.54225
-2.0,11,46.544146
0.0,11,46.545651
-1.0,11,46.547562
0.0,11,46.549503
-2.0,11,46.551387
-1.0,11,46.552903
-1.0,11,46.5548
-1.0,11,46.556722
0.0,11,46.558602
0.0,11,46.560122
-2.0,11,46.561953
-2.0,11,46.563863
0.0,11,46.565774
-1.0,11,46.567273
-2.0,11,46.569191
0.0,11,46.571114
-2.0,11,46.573019
-2.0,11,46.574529
0.0,11,46.576431
0.0,11,46.578293
-1.0,11,46.580164
0.0,11,46.581676
0.0,11,46.583589
-1.0,11,46.585493
-1.0,11,46.587378
-2.0,11,46.588877
0.0,11,46.590764
0.0,11,46.592665
-3.0,11,46.594548
-1.0,11,46.596048
-1.0,11,46.597956
-1.0,11,46.599847
-1.0,11,46.601737
0.0,11,46.60324
0.0,11,46.605143
-2.0,11,46.607045
0.0,11,46.608941
-1.0,11,46.610413
0.0,11,46.612335
-1.0,11,46.614225
0.0,11,46.616143
0.0,11,46.617667
0.0,11,46.61952
0.0,11,46.621407
0.0,11,46.623259
-1.0,11,46.624726
-1.0,11,46.626628
-1.0,11,46.628507
-1.0,11,46.630407
0.0,11,46.631924
-1.0,11,46.633808
-1.0,11,46.635681
0.0,11,46.637562
-1.0,11,46.639055
0.0,11,46.640978
-1.0,11,46.64287
-1.0,11,46.644761
-2.0,11,46.646255
0.0,11,46.648168
-1.0,11,46.65007
-1.0,11,46.651955
0.0,11,46.653457
0.0,11,46.655411
-1.0,11,46.657286
0.0,11,46.659201
-1.0,11,46.660721
-1.0,11,46.662618
-1.0,11,46.664531
0.0,11,46.66644
0.0,11,46.667947
-1.0,11,46.669856
0.0,11,46.671733
0.0,11,46.673652
-1.0,11,46.675178
-1.0,11,46.677062
-1.0,11,46.678964
-1.0,11,46.680824
-1.0,11,46.682363
-1.0,11,46.684264
0.0,11,46.686179
-1.0,11,46.688042
0.0,11,46.689546
-1.0,11,46.691625
-2.0,11,46.693486
0.0,11,46.695339
0.0,11,46.697003
0.0,11,46.699167
0.0,11,46.701116
-1.0,11,46.703032
0.0,11,46.70454
-1.0,11,46.706484
0.0,11,46.70843
0.0,11,46.710337
0.0,11,46.711851
0.0,11,46.713755
-1.0,11,46.715658
0.0,11,46.717576
0.0,11,46.719106
-2.0,11,46.720984
0.0,11,46.722887
-1.0,11,46.724795
0.0,11,46.726306
-1.0,11,46.728173
0.0,11,46.730096
-1.0,11,46.73204
-1.0,11,46.733549
0.0,11,46.735465
0.0,11,46.737358
0.0,11,46.739262
-1.0,11,46.740794
-1.0,11,46.74271
0.0,11,46.744575
0.0,11,46.746496
-1.0,11,46.747987
0.0,11,46.749913
-1.0,11,46.751859
0.0,11,46.753774
-1.0,11,46.755239
-1.0,11,46.757204
-1.0,11,46.759067
0.0,11,46.761015
0.0,11,46.762526
0.0,11,46.764438
-2.0,11,46.766329
-1.0,11,46.768231
-1.0,11,46.769725
0.0,11,46.771615
0.0,11,46.773546
-1.0,11,46.775437
-1.0,11,46.776927
-1.0,11,46.778821
-2.0,11,46.780709
0.0,11,46.782616
-1.0,11,46.784105
-1.0,11,46.785938
-1.0,11,46.787809
0.0,11,46.78971
0.0,11,46.791218
-1.0,11,46.793125
-2.0,11,46.795063
0.0,11,46.796926
0.0,11,46.798444
-1.0,11,46.800327
0.0,11,46.802239
0.0,11,46.804151
-1.0,11,46.805645
-1.0,11,46.80754
-1.0,11,46.809438
-1.0,11,46.811343
-1.0,11,46.812834
0.0,11,46.814729
0.0,11,46.816637
0.0,11,46.818488
0.0,11,46.819985
-1.0,11,46.821864
0.0,11,46.823785
-1.0,11,46.825671
0.0,11,46.827115
0.0,11,46.828999
0.0,11,46.830892
-1.0,11,46.832802
0.0,11,46.834305
0.0,11,46.836195
-1.0,11,46.838053
0.0,11,46.839959
-1.0,11,46.841451
-1.0,11,46.843348
-1.0,11,46.84519
0.0,11,46.84708
0.0,11,46.848584
0.0,11,46.850469
-1.0,11,46.852358
0.0,11,46.854243
-1.0,11,46.855761
-1.0,11,46.857704
0.0,11,46.8596
-1.0,11,46.861491
0.0,11,46.862996
-2.0,11,46.864855
-1.0,11,46.866749
0.0,11,46.868644
0.0,11,46.870165
0.0,11,46.872187
-3.0,11,46.874045
0.0,11,46.875935
-1.0,11,46.877605
-1.0,11,46.879623
0.0,11,46.881552
-1.0,11,46.883428
-1.0,11,46.884957
-1.0,11,46.886825
-1.0,11,46.888742
0.0,11,46.890756
-1.0,11,46.892308
-1.0,11,46.894228
0.0,11,46.896124
-1.0,11,46.897995
0.0,11,46.899527
-2.0,11,46.90143
0.0,11,46.903328
-1.0,11,46.905223
0.0,11,46.906759
0.0,11,46.9087
-1.0,11,46.910645
0.0,11,46.912532
0.0,11,46.914046
-1.0,11,46.915907
0.0,11,46.917809
0.0,11,46.919721
0.0,11,46.92121
0.0,11,46.923124
-1.0,11,46.925043
-1.0,11,46.926939
0.0,11,46.928451
0.0,11,46.930364
-1.0,11,46.932278
0.0,11,46.934153
0.0,11,46.935672
0.0,11,46.937594
0.0,11,46.939477
-2.0,11,46.941347
-1.0,11,46.942864
-1.0,11,46.94477
-1.0,11,46.946662
-1.0,11,46.948574
0.0,11,46.950066
0.0,11,46.95197
0.0,11,46.953879
0.0,11,46.955767
0.0,11,46.957288
-1.0,11,46.959153
-2.0,11,46.961046
0.0,11,46.962967
-1.0,11,46.96447
0.0,11,46.966389
-1.0,11,46.968304
-2.0,11,46.970162
-1.0,11,46.971642
-1.0,11,46.973546
-1.0,11,46.975545
0.0,11,46.977545
-2.0,11,46.979135
0.0,11,46.981269
-2.0,11,46.983477
-1.0,11,46.985718
-2.0,11,46.987343
0.0,11,46.989279
-2.0,11,46.991246
0.0,11,46.993201
-2.0,11,46.994738
0.0,11,46.996636
0.0,11,46.998545
0.0,11,47.000464
-1.0,11,47.001989
-1.0,11,47.004182
0.0,11,47.006427
-2.0,11,47.008697
0.0,11,47.010441
-2.0,11,47.012516
-1.0,11,47.014678
-1.0,11,47.016788
0.0,11,47.01849
-1.0,11,47.020607
-2.0,11,47.022679
-1.0,11,47.024725
-1.0,11,47.026299
-1.0,11,47.028307
0.0,11,47.030256
-2.0,11,47.032198
-2.0,11,47.033726
-1.0,11,47.035681
0.0,11,47.037606
0.0,11,47.039597
-1.0,11,47.041175
-2.0,11,47.043188
-1.0,11,47.045142
-1.0,11,47.04707
-1.0,11,47.048683
-1.0,11,47.050664
-1.0,11,47.05261
0.0,11,47.05454
0.0,11,47.056075
0.0,11,47.058151
0.0,11,47.060052
-1.0,11,47.061961
0.0,11,47.063691
0.0,11,47.065844
0.0,11,47.067884
-1.0,11,47.069851
0.0,11,47.071405
-1.0,11,47.07336
0.0,11,47.075271
-1.0,11,47.077186
0.0,11,47.07869
0.0,11,47.08063
-1.0,11,47.082523
0.0,11,47.084428
0.0,11,47.086
0.0,11,47.088035
0.0,11,47.089962
-2.0,11,47.091877
0.0,11,47.093412
-1.0,11,47.095325
-1.0,11,47.097243
0.0,11,47.099151
0.0,11,47.100665
-2.0,11,47.102585
-1.0,11,47.104495
0.0,11,47.106412
0.0,11,47.107911
0.0,11,47.109818
-2.0,11,47.111737
0.0,11,47.113674
0.0,11,47.115201
-1.0,11,47.117144
-1.0,11,47.119076
-2.0,11,47.120985
-1.0,11,47.122502
0.0,11,47.124464
-2.0,11,47.126392
-1.0,11,47.128291
0.0,11,47.12977
0.0,11,47.131694
-1.0,11,47.133602
-1.0,11,47.135544
0.0,11,47.137043
0.0,11,47.138957
-1.0,11,47.140824
0.0,11,47.142735
-1.0,11,47.144238
0.0,11,47.146135
-1.0,11,47.148093
-1.0,11,47.149989
-1.0,11,47.151508
-1.0,11,47.153397
0.0,11,47.155296
0.0,11,47.157236
-1.0,11,47.158734
0.0,11,47.160642
0.0,11,47.162556
-1.0,11,47.164442
-1.0,11,47.165931
0.0,11,47.16787
-1.0,11,47.169784
0.0,11,47.171689
-2.0,11,47.173166
0.0,11,47.175082
0.0,11,47.17699
-1.0,11,47.178849
-1.0,11,47.180352
0.0,11,47.182288
0.0,11,47.184143
0.0,11,47.186041
0.0,11,47.187538
-1.0,11,47.189466
-1.0,11,47.191382
-1.0,11,47.193281
0.0,11,47.194797
-1.0,11,47.196697
0.0,11,47.198632
0.0,11,47.200535
0.0,11,47.202045
0.0,11,47.203958
0.0,11,47.20613
-1.0,11,47.208024
0.0,11,47.209522
-1.0,11,47.211452
-2.0,11,47.213349
-1.0,11,47.215194
0.0,11,47.216696
0.0,11,47.218604
0.0,11,47.220466
-1.0,11,47.222367
-1.0,11,47.223864
-1.0,11,47.225739
0.0,11,47.227675
-1.0,11,47.229568
0.0,11,47.231029
0.0,11,47.232902
-1.0,11,47.234801
0.0,11,47.236709
-2.0,11,47.238212
0.0,11,47.240259
0.0,11,47.242166
-1.0,11,47.244064
0.0,11,47.24576
0.0,11,47.247777
-1.0,11,47.249849
-2.0,11,47.251816
-1.0,11,47.253329
0.0,11,47.255182
-1.0,11,47.257136
0.0,11,47.259035
0.0,11,47.26054
-1.0,11,47.262431
0.0,11,47.264317
-2.0,11,47.26625
0.0,11,47.267749
-1.0,11,47.269661
0.0,11,47.27159
0.0,11,47.273494
-1.0,11,47.274994
-1.0,11,47.276872
-1.0,11,47.278809
-1.0,11,47.280702
-1.0,11,47.28223
-2.0,11,47.284142
-1.0,11,47.286029
-1.0,11,47.287933
-1.0,11,47.289439
-1.0,11,47.291333
-1.0,11,47.293224
-1.0,11,47.295129
0.0,11,47.296649
-1.0,11,47.298579
0.0,11,47.300437
0.0,11,47.302285
-1.0,11,47.303805
-1.0,11,47.305721
0.0,11,47.307646
-1.0,11,47.309512
-2.0,11,47.311024
-1.0,11,47.31293
-1.0,11,47.31483
0.0,11,47.316748
-1.0,11,47.318243
-3.0,11,47.320093
-1.0,11,47.322019
0.0,11,47.32387
-3.0,11,47.325344
0.0,11,47.327226
0.0,11,47.329094
-1.0,11,47.330968
-1.0,11,47.332491
-1.0,11,47.334393
-2.0,11,47.336297
0.0,11,47.338193
-1.0,11,47.339704
-1.0,11,47.341596
-1.0,11,47.34349
0.0,11,47.345375
0.0,11,47.346859
-1.0,11,47.348742
-1.0,11,47.350633
-1.0,11,47.352528
-1.0,11,47.354023
-1.0,11,47.355928
0.0,11,47.35783
-1.0,11,47.359705
0.0,11,47.361204
-2.0,11,47.363116
-2.0,11,47.365039
0.0,11,47.36689
0.0,11,47.368336
0.0,11,47.370248
0.0,11,47.372142
0.0,11,47.374047
0.0,11,47.375535
-1.0,11,47.377414
0.0,11,47.379307
-1.0,11,47.38125
0.0,11,47.38274
-1.0,11,47.384642
-1.0,11,47.386531
0.0,11,47.388428
-1.0,11,47.38996
-2.0,11,47.391867
0.0,11,47.393752
0.0,11,47.395625
-1.0,11,47.397121
-1.0,11,47.399022
-1.0,11,47.40093
-1.0,11,47.402851
-1.0,11,47.404355
-1.0,11,47.40622
-2.0,11,47.408115
-1.0,11,47.410001
-1.0,11,47.411496
0.0,11,47.413387
0.0,11,47.415281
-1.0,11,47.417181
0.0,11,47.418676
0.0,11,47.420718
-1.0,11,47.422618
-2.0,11,47.424443
0.0,11,47.426052
0.0,11,47.428091
0.0,11,47.430067
-1.0,11,47.432167
-1.0,11,47.433691
-1.0,11,47.435656
0.0,11,47.43756
0.0,11,47.439426
0.0,11,47.440952
0.0,11,47.442892
-1.0,11,47.444801
0.0,11,47.446695
-1.0,11,47.448223
0.0,11,47.450138
-1.0,11,47.452031
-1.0,11,47.453929
0.0,11,47.455414
-1.0,11,47.457354
0.0,11,47.45925
0.0,11,47.461136
-1.0,11,47.462586
0.0,11,47.464465
0.0,11,47.466393
-1.0,11,47.468255
0.0,11,47.469747
-1.0,11,47.471636
-1.0,11,47.473517
0.0,11,47.475414
0.0,11,47.476955
0.0,11,47.478917
0.0,11,47.480809
-2.0,11,47.482716
0.0,11,47.484209
0.0,11,47.486096
0.0,11,47.487984
-1.0,11,47.489897
0.0,11,47.491415
0.0,11,47.493318
-1.0,11,47.49524
0.0,11,47.497136
0.0,11,47.498647
-1.0,11,47.500538
-1.0,11,47.502437
0.0,11,47.504319
-1.0,11,47.50581
-1.0,11,47.507683
-2.0,11,47.509568
-1.0,11,47.511481
-1.0,11,47.512981
0.0,11,47.514885
-1.0,11,47.516781
-1.0,11,47.518679
-2.0,11,47.520184
-1.0,11,47.522087
-1.0,11,47.524005
0.0,11,47.525914
-2.0,11,47.527409
-1.0,11,47.529301
-1.0,11,47.531202
-1.0,11,47.533055
-1.0,11,47.534548
-1.0,11,47.536446
-1.0,11,47.538396
0.0,11,47.540425
-1.0,11,47.541994
0.0,11,47.543891
-1.0,11,47.545787
0.0,11,47.547673
0.0,11,47.549221
-2.0,11,47.551151
0.0,11,47.55306
0.0,11,47.554962
0.0,11,47.55647
-1.0,11,47.558383
-1.0,11,47.560267
-1.0,11,47.562174
-2.0,11,47.563689
-1.0,11,47.565612
-1.0,11,47.56752
-1.0,11,47.569388
-1.0,11,47.570883
-1.0,11,47.572783
0.0,11,47.574661
-1.0,11,47.57658
-1.0,11,47.578093
0.0,11,47.580035
0.0,11,47.581975
0.0,11,47.583899
0.0,11,47.585403
0.0,11,47.587335
-1.0,11,47.589238
0.0,11,47.591169
-2.0,11,47.592664
-1.0,11,47.59462
0.0,11,47.596496
0.0,11,47.59839
-1.0,11,47.599945
0.0,11,47.601953
0.0,11,47.603864
-1.0,11,47.605762
0.0,11,47.607403
0.0,11,47.609385
-1.0,11,47.611349
-1.0,11,47.613309
-1.0,11,47.614845
0.0,11,47.616838
0.0,11,47.618777
-1.0,11,47.620644
0.0,11,47.622173
-1.0,11,47.624122
0.0,11,47.626044
-1.0,11,47.627942
-1.0,11,47.629436
0.0,11,47.631323
0.0,11,47.633246
0.0,11,47.635172
0.0,11,47.636664
-1.0,11,47.63853
0.0,11,47.640458
-1.0,11,47.642334
0.0,11,47.643861
0.0,11,47.64578
0.0,11,47.647632
0.0,11,47.649543
-1.0,11,47.65101
0.0,11,47.652906
0.0,11,47.654857
0.0,11,47.656793
0.0,11,47.658331
0.0,11,47.660237
0.0,11,47.662142
-3.0,11,47.664035
0.0,11,47.66556
0.0,11,47.667461
-1.0,11,47.669353
0.0,11,47.671251
-1.0,11,47.672754
0.0,11,47.674659
-1.0,11,47.676551
0.0,11,47.678471
0.0,11,47.679968
0.0,11,47.681876
-1.0,11,47.683732
-1.0,11,47.68563
-1.0,11,47.687137
-1.0,11,47.689015
-1.0,11,47.69092
-1.0,11,47.692781
-1.0,11,47.694272
-1.0,11,47.696198
-1.0,11,47.698104
-1.0,11,47.69993
0.0,11,47.701425
0.0,11,47.703325
-1.0,11,47.705182
0.0,11,47.707106
0.0,11,47.708609
0.0,11,47.710508
0.0,11,47.712399
0.0,11,47.714282
0.0,11,47.715803
-2.0,11,47.717691
-1.0,11,47.719595
0.0,11,47.721468
-1.0,11,47.722962
0.0,11,47.724868
-2.0,11,47.726781
0.0,11,47.728675
-2.0,11,47.730154
-1.0,11,47.732127
0.0,11,47.734023
-1.0,11,47.735922
-1.0,11,47.737416
0.0,11,47.739307
-1.0,11,47.741227
0.0,11,47.743138
0.0,11,47.74466
-1.0,11,47.746589
0.0,11,47.74849
-1.0,11,47.750325
-1.0,11,47.751844
0.0,11,47.753764
-2.0,11,47.755637
0.0,11,47.757547
0.0,11,47.759028
0.0,11,47.76091
-1.0,11,47.76277
0.0,11,47.764651
-1.0,11,47.76613
-1.0,11,47.768022
-1.0,11,47.769931
-1.0,11,47.771811
-1.0,11,47.773322
0.0,11,47.775201
0.0,11,47.777092
-1.0,11,47.778983
0.0,11,47.780471
-1.0,11,47.782466
-1.0,11,47.784381
0.0,11,47.786271
-1.0,11,47.787951
0.0,11,47.789987
-1.0,11,47.791924
0.0,11,47.793875
0.0,11,47.795419
-1.0,11,47.797325
-2.0,11,47.7993
-1.0,11,47.80127
-1.0,11,47.802805
-1.0,11,47.804723
0.0,11,47.806665
0.0,11,47.808538
-1.0,11,47.810018
-2.0,11,47.811946
-1.0,11,47.813845
0.0,11,47.815757
0.0,11,47.817273
0.0,11,47.819164
0.0,11,47.821053
0.0,11,47.822948
0.0,11,47.824485
-1.0,11,47.826384
-2.0,11,47.828194
0.0,11,47.830092
-1.0,11,47.831637
-1.0,11,47.833533
-1.0,11,47.835376
-1.0,11,47.837271
0.0,11,47.838787
-1.0,11,47.840714
0.0,11,47.842613
-1.0,11,47.84449
0.0,11,47.845993
-1.0,11,47.847863
-1.0,11,47.849764
-1.0,11,47.851652
0.0,11,47.853201
-1.0,11,47.855103
-1.0,11,47.85703
0.0,11,47.858927
-1.0,11,47.860441
-1.0,11,47.86233
-2.0,11,47.864242
-1.0,11,47.86616
-1.0,11,47.867664
-1.0,11,47.869566
-1.0,11,47.871471
0.0,11,47.873379
0.0,11,47.87486
0.0,11,47.87676
-1.0,11,47.878609
-1.0,11,47.880538
0.0,11,47.88207
-1.0,11,47.883974
-1.0,11,47.885865
-3.0,11,47.887756
-1.0,11,47.88926
-1.0,11,47.891181
0.0,11,47.893062
0.0,11,47.894943
-1.0,11,47.896436
0.0,11,47.898385
0.0,11,47.900294
0.0,11,47.90223
-1.0,11,47.903758
0.0,11,47.90565
-1.0,11,47.907546
-2.0,11,47.909442
-1.0,11,47.910942
0.0,11,47.912871
-1.0,11,47.914792
-1.0,11,47.916699
-1.0,11,47.918197
-1.0,11,47.920019
-2.0,11,47.921879
0.0,11,47.923794
-1.0,11,47.925273
0.0,11,47.927181
0.0,11,47.929073
0.0,11,47.930953
-1.0,11,47.932458
0.0,11,47.934319
0.0,11,47.936199
0.0,11,47.938075
-1.0,11,47.939546
0.0,11,47.941447
-1.0,11,47.943331
0.0,11,47.945218
0.0,11,47.946709
-1.0,11,47.948629
-1.0,11,47.950542
-1.0,11,47.952465
-1.0,11,47.953964
0.0,11,47.95586
-1.0,11,47.957768
0.0,11,47.959681
-1.0,11,47.961204
0.0,11,47.963175
0.0,11,47.965068
0.0,11,47.966956
-1.0,11,47.968658
-1.0,11,47.970672
-1.0,11,47.972598
0.0,11,47.974717
0.0,11,47.976273
0.0,11,47.978203
0.0,11,47.980122
0.0,11,47.982071
-1.0,11,47.98357
0.0,11,47.985468
0.0,11,47.987372
0.0,11,47.989255
0.0,11,47.990759
-1.0,11,47.992665
-1.0,11,47.994577
0.0,11,47.996479
0.0,11,47.997966
-2.0,11,47.999885
-1.0,11,48.001805
-1.0,11,48.003709
-1.0,11,48.005238
0.0,11,48.007097
0.0,11,48.008998
0.0,11,48.010898
-1.0,11,48.012424
0.0,11,48.014339
0.0,11,48.016264
-1.0,11,48.018179
0.0,11,48.019708
-2.0,11,48.02166
0.0,11,48.02359
0.0,11,48.025541
0.0,11,48.027042
-1.0,11,48.028961
0.0,11,48.030892
0.0,11,48.032813
0.0,11,48.034329
0.0,11,48.036276
-1.0,11,48.038173
-1.0,11,48.040194
-1.0,11,48.041816
-1.0,11,48.043733
-1.0,11,48.045664
0.0,11,48.047586
-1.0,11,48.049078
-1.0,11,48.050993
0.0,11,48.052817
0.0,11,48.054733
0.0,11,48.05623
-1.0,11,48.05813
0.0,11,48.06006
-1.0,11,48.06195
-1.0,11,48.063443
-1.0,11,48.065345
0.0,11,48.067253
0.0,11,48.069111
0.0,11,48.07061
-1.0,11,48.072521
0.0,11,48.074442
0.0,11,48.076339
-1.0,11,48.077838
0.0,11,48.079718
-1.0,11,48.081612
-1.0,11,48.083517
0.0,11,48.085015
0.0,11,48.086911
-1.0,11,48.088796
-1.0,11,48.090694
-1.0,11,48.092214
-1.0,11,48.09417
0.0,11,48.096076
-1.0,11,48.097989
-1.0,11,48.099511
0.0,11,48.101408
0.0,11,48.103301
0.0,11,48.105184
-1.0,11,48.10671
0.0,11,48.108604
-1.0,11,48.110474
-1.0,11,48.112343
0.0,11,48.113843
0.0,11,48.115744
-1.0,11,48.11766
-1.0,11,48.119558
0.0,11,48.121079
-1.0,11,48.122971
0.0,11,48.124851
0.0,11,48.126743
0.0,11,48.128245
-1.0,11,48.130144
-1.0,11,48.132054
0.0,11,48.133961
-1.0,11,48.135458
0.0,11,48.137354
0.0,11,48.139247
-2.0,11,48.141161
0.0,11,48.142692
0.0,11,48.144717
0.0,11,48.146635
0.0,11,48.148576
0.0,11,48.150293
0.0,11,48.152272
-1.0,11,48.154136
-1.0,11,48.15604
0.0,11,48.157663
-1.0,11,48.159667
-1.0,11,48.161543
0.0,11,48.163452
-1.0,11,48.164945
0.0,11,48.166825
0.0,11,48.168722
0.0,11,48.170571
-1.0,11,48.172043
-2.0,11,48.17391
0.0,11,48.175863
0.0,11,48.17776
0.0,11,48.179272
-1.0,11,48.181185
0.0,11,48.183098
0.0,11,48.185041
0.0,11,48.186536
0.0,11,48.188438
-1.0,11,48.19031
-1.0,11,48.192165
0.0,11,48.19365
-1.0,11,48.195507
-2.0,11,48.197388
0.0,11,48.199282
-1.0,11,48.200812
-1.0,11,48.202714
0.0,11,48.204597
0.0,11,48.20651
-1.0,11,48.208018
0.0,11,48.209934
-1.0,11,48.211878
0.0,11,48.21382
-1.0,11,48.215356
0.0,11,48.217161
0.0,11,48.219088
0.0,11,48.220982
0.0,11,48.222487
0.0,11,48.224406
0.0,11,48.226261
-1.0,11,48.228172
-1.0,11,48.22966
-1.0,11,48.231522
0.0,11,48.233427
0.0,11,48.235348
0.0,11,48.236857
-1.0,11,48.238751
-2.0,11,48.24061
-1.0,11,48.242505
0.0,11,48.244034
-1.0,11,48.245918
-1.0,11,48.247833
-1.0,11,48.249695
-1.0,11,48.251185
0.0,11,48.253099
-1.0,11,48.254964
0.0,11,48.256857
-1.0,11,48.258355
-1.0,11,48.26023
-2.0,11,48.26215
0.0,11,48.264038
-2.0,11,48.265533
0.0,11,48.267398
0.0,11,48.269281
0.0,11,48.271166
0.0,11,48.272689
-1.0,11,48.274579
-1.0,11,48.276498
-1.0,11,48.278434
-1.0,11,48.279927
0.0,11,48.281778
0.0,11,48.283681
0.0,11,48.285589
-1.0,11,48.287098
-2.0,11,48.289
-1.0,11,48.290907
-2.0,11,48.292795
0.0,11,48.294323
-1.0,11,48.296268
0.0,11,48.298155
-1.0,11,48.300048
0.0,11,48.301546
-1.0,11,48.303437
0.0,11,48.305364
-2.0,11,48.30727
0.0,11,48.308756
-1.0,11,48.310655
0.0,11,48.312551
-2.0,11,48.314448
-1.0,11,48.315952
0.0,11,48.317854
0.0,11,48.319752
-1.0,11,48.321645
0.0,11,48.323141
-1.0,11,48.325146
0.0,11,48.327033
0.0,11,48.328942
0.0,11,48.330606
-1.0,11,48.33266
-1.0,11,48.33456
-2.0,11,48.33663
-1.0,11,48.338155
-1.0,11,48.34007
0.0,11,48.341974
0.0,11,48.343827
0.0,11,48.34538
0.0,11,48.347283
-1.0,11,48.349119
-1.0,11,48.351023
0.0,11,48.352557
0.0,11,48.35448
-1.0,11,48.356359
0.0,11,48.35822
-1.0,11,48.359732
-1.0,11,48.361614
-1.0,11,48.363521
-1.0,11,48.365401
-1.0,11,48.3669
0.0,11,48.368774
0.0,11,48.370684
-1.0,11,48.372582
-1.0,11,48.374055
-1.0,11,48.375857
0.0,11,48.37771
-1.0,11,48.379613
0.0,11,48.381132
0.0,11,48.383094
0.0,11,48.384963
-1.0,11,48.38689
0.0,11,48.388391
-1.0,11,48.390314
-1.0,11,48.392197
0.0,11,48.394094
0.0,11,48.395589
-2.0,11,48.397463
-1.0,11,48.399386
-1.0,11,48.401307
-2.0,11,48.40282
-1.0,11,48.404675
0.0,11,48.406566
-1.0,11,48.408458
0.0,11,48.409943
-1.0,11,48.41188
0.0,11,48.413791
0.0,11,48.415684
-1.0,11,48.417173
0.0,11,48.419098
-1.0,11,48.420951
0.0,11,48.422846
0.0,11,48.424342
-1.0,11,48.42623
-1.0,11,48.428131
0.0,11,48.430048
0.0,11,48.431546
-1.0,11,48.433433
-1.0,11,48.435337
0.0,11,48.437245
-1.0,11,48.438736
0.0,11,48.440634
-1.0,11,48.442529
0.0,11,48.444433
-1.0,11,48.445941
-1.0,11,48.447847
0.0,11,48.449737
0.0,11,48.451653
-1.0,11,48.453168
0.0,11,48.455062
-1.0,11,48.456958
-1.0,11,48.458803
0.0,11,48.460287
-1.0,11,48.462183
-1.0,11,48.464036
0.0,11,48.465925
-1.0,11,48.467407
-1.0,11,48.469298
-1.0,11,48.471178
-1.0,11,48.473075
-1.0,11,48.474586
-1.0,11,48.476473
0.0,11,48.478405
0.0,11,48.480286
0.0,11,48.481788
0.0,11,48.48367
-2.0,11,48.485566
-1.0,11,48.487451
0.0,11,48.488954
0.0,11,48.490836
-1.0,11,48.492731
0.0,11,48.49463
0.0,11,48.496092
-1.0,11,48.497967
0.0,11,48.49987
0.0,11,48.501788
-1.0,11,48.503321
-1.0,11,48.50534
-2.0,11,48.507197
-1.0,11,48.509158
-1.0,11,48.510842
0.0,11,48.512812
-1.0,11,48.514745
0.0,11,48.516718
-2.0,11,48.518233
0.0,11,48.520211
0.0,11,48.522207
-1.0,11,48.524123
0.0,11,48.525636
-1.0,11,48.527517
0.0,11,48.52942
-1.0,11,48.531322
0.0,11,48.532821
0.0,11,48.534739
-1.0,11,48.536645
-1.0,11,48.538545
-1.0,11,48.540044
0.0,11,48.54196
0.0,11,48.54386
-1.0,11,48.545891
-1.0,11,48.547458
-1.0,11,48.549342
-1.0,11,48.551299
0.0,11,48.553319
-1.0,11,48.554852
0.0,11,48.556758
-1.0,11,48.558631
-1.0,11,48.560531
-1.0,11,48.56208
-1.0,11,48.563954
0.0,11,48.565876
-1.0,11,48.567807
-1.0,11,48.569355
-1.0,11,48.571256
-1.0,11,48.57318
-1.0,11,48.575057
-1.0,11,48.576563
0.0,11,48.578471
-1.0,11,48.580343
-1.0,11,48.582256
0.0,11,48.583758
-2.0,11,48.585708
0.0,11,48.587629
-1.0,11,48.589535
-1.0,11,48.591002
-1.0,11,48.592876
-1.0,11,48.594781
-1.0,11,48.596673
0.0,11,48.598206
-1.0,11,48.600113
-2.0,11,48.602056
-2.0,11,48.603973
-1.0,11,48.605482
0.0,11,48.607378
0.0,11,48.609273
0.0,11,48.61121
-1.0,11,48.612721
0.0,11,48.614639
-1.0,11,48.616521
-2.0,11,48.618433
-2.0,11,48.619929
0.0,11,48.621821
0.0,11,48.623721
0.0,11,48.625617
-1.0,11,48.627062
0.0,11,48.629017
-1.0,11,48.63093
-2.0,11,48.632817
-1.0,11,48.634309
-1.0,11,48.636223
0.0,11,48.638098
0.0,11,48.640026
-1.0,11,48.641521
0.0,11,48.643403
0.0,11,48.645344
-1.0,11,48.647259
-1.0,11,48.648722
0.0,11,48.6506
0.0,11,48.652528
-1.0,11,48.654435
-1.0,11,48.656024
-1.0,11,48.65791
-1.0,11,48.65981
0.0,11,48.661729
-1.0,11,48.663222
0.0,11,48.665127
0.0,11,48.666991
-1.0,11,48.668878
-1.0,11,48.6704
-1.0,11,48.672297
0.0,11,48.674183
0.0,11,48.676073
-1.0,11,48.677588
-1.0,11,48.679472
0.0,11,48.681367
-2.0,11,48.683271
-1.0,11,48.684726
-1.0,11,48.686698
0.0,11,48.688608
-1.0,11,48.6905
-1.0,11,48.692225
0.0,11,48.69426
-1.0,11,48.696298
0.0,11,48.698255
0.0,11,48.699754
0.0,11,48.701691
0.0,11,48.703638
0.0,11,48.70558
-2.0,11,48.707084
-1.0,11,48.708978
0.0,11,48.710863
-1.0,11,48.712757
-2.0,11,48.714227
0.0,11,48.71619
0.0,11,48.718103
-2.0,11,48.720014
-1.0,11,48.721482
-2.0,11,48.723379
-1.0,11,48.725277
-1.0,11,48.727185
0.0,11,48.728737
-1.0,11,48.730672
-1.0,11,48.732531
-1.0,11,48.734405
0.0,11,48.735855
0.0,11,48.737765
-1.0,11,48.739653
0.0,11,48.741548
-1.0,11,48.743083
0.0,11,48.744969
0.0,11,48.746849
0.0,11,48.748727
0.0,11,48.750221
0.0,11,48.752081
-1.0,11,48.753942
-1.0,11,48.755864
0.0,11,48.757371
0.0,11,48.759282
-1.0,11,48.761181
-1.0,11,48.763033
0.0,11,48.764562
-1.0,11,48.766493
0.0,11,48.768387
0.0,11,48.770286
-2.0,11,48.771802
-1.0,11,48.773726
0.0,11,48.775622
0.0,11,48.777548
-1.0,11,48.779072
0.0,11,48.780989
-2.0,11,48.782897
0.0,11,48.784749
-1.0,11,48.78626
-1.0,11,48.788174
-1.0,11,48.790092
-2.0,11,48.791983
0.0,11,48.793477
-2.0,11,48.795361
-1.0,11,48.797213
-1.0,11,48.799105
0.0,11,48.800606
-1.0,11,48.8025
-2.0,11,48.804388
-2.0,11,48.806241
-1.0,11,48.807751
-1.0,11,48.809646
-1.0,11,48.811526
0.0,11,48.813419
0.0,11,48.814933
0.0,11,48.816849
-1.0,11,48.818743
-1.0,11,48.820628
0.0,11,48.822128
0.0,11,48.824025
-2.0,11,48.825941
-1.0,11,48.827785
-1.0,11,48.82929
-1.0,11,48.831186
-1.0,11,48.833083
-1.0,11,48.834954
-1.0,11,48.836423
-1.0,11,48.838337
0.0,11,48.840267
0.0,11,48.842174
-1.0,11,48.843674
0.0,11,48.845526
-1.0,11,48.847453
-1.0,11,48.849596
0.0,11,48.85114
-2.0,11,48.853037
-1.0,11,48.854919
-1.0,11,48.85677
-1.0,11,48.858303
-1.0,11,48.860202
0.0,11,48.862117
-1.0,11,48.863987
0.0,11,48.865491
0.0,11,48.867512
0.0,11,48.869493
0.0,11,48.871395
0.0,11,48.873244
0.0,11,48.875257
0.0,11,48.87719
-1.0,11,48.879124
0.0,11,48.880656
0.0,11,48.882594
0.0,11,48.884487
-1.0,11,48.886565
-2.0,11,48.888128
0.0,11,48.890053
0.0,11,48.891962
0.0,11,48.89387
-1.0,11,48.895415
0.0,11,48.897323
0.0,11,48.899217
-1.0,11,48.901134
0.0,11,48.902677
-1.0,11,48.904566
-1.0,11,48.906431
0.0,11,48.90833
-1.0,11,48.909874
0.0,11,48.911738
-2.0,11,48.913623
-1.0,11,48.915528
0.0,11,48.91702
-2.0,11,48.918957
-2.0,11,48.920864
0.0,11,48.922762
-1.0,11,48.924298
-1.0,11,48.926219
0.0,11,48.928124
0.0,11,48.93003
0.0,11,48.931516
-1.0,11,48.933421
-1.0,11,48.935337
-2.0,11,48.93725
0.0,11,48.93876
-1.0,11,48.940679
0.0,11,48.942644
0.0,11,48.944577
0.0,11,48.946064
-1.0,11,48.947995
-1.0,11,48.949882
-1.0,11,48.951777
-2.0,11,48.953243
-1.0,11,48.955154
-1.0,11,48.957011
-1.0,11,48.958936
0.0,11,48.960398
0.0,11,48.962315
0.0,11,48.96421
-1.0,11,48.966092
-1.0,11,48.967573
-1.0,11,48.969397
0.0,11,48.971304
-1.0,11,48.97323
0.0,11,48.974726
-1.0,11,48.976604
-1.0,11,48.978524
0.0,11,48.980399
-1.0,11,48.981918
-1.0,11,48.983795
-1.0,11,48.985691
0.0,11,48.987584
0.0,11,48.989105
-1.0,11,48.990998
0.0,11,48.992931
-1.0,11,48.99483
0.0,11,48.996333
-2.0,11,48.998227
-1.0,11,49.00014
-1.0,11,49.002022
-1.0,11,49.00351
-1.0,11,49.005423
-1.0,11,49.007324
0.0,11,49.009223
0.0,11,49.010717
-1.0,11,49.012602
-1.0,11,49.014472
-1.0,11,49.016377
-2.0,11,49.017801
-2.0,11,49.019707
-1.0,11,49.021597
-1.0,11,49.023486
-1.0,11,49.024971
-1.0,11,49.026901
-2.0,11,49.02882
0.0,11,49.030779
0.0,11,49.032353
-2.0,11,49.03429
-1.0,11,49.036163
-1.0,11,49.038028
-1.0,11,49.039628
-1.0,11,49.041726
0.0,11,49.043688
0.0,11,49.04559
-1.0,11,49.047101
0.0,11,49.049135
-1.0,11,49.051054
-2.0,11,49.052958
0.0,11,49.054527
0.0,11,49.056549
-1.0,11,49.058454
0.0,11,49.060393
0.0,11,49.062022
0.0,11,49.064039
-1.0,11,49.065939
0.0,11,49.067859
0.0,11,49.06944
0.0,11,49.071359
-1.0,11,49.073293
0.0,11,49.075212
0.0,11,49.076697
-1.0,11,49.078632
-1.0,11,49.08056
-1.0,11,49.082453
-1.0,11,49.083926
0.0,11,49.085827
-1.0,11,49.08772
-1.0,11,49.089663
-1.0,11,49.091268
-1.0,11,49.093258
0.0,11,49.095187
-2.0,11,49.097145
0.0,11,49.098765
-2.0,11,49.100699
0.0,11,49.102884
-1.0,11,49.105158
-1.0,11,49.106767
0.0,11,49.10874
0.0,11,49.110692
0.0,11,49.112633
-1.0,11,49.114154
0.0,11,49.116063
0.0,11,49.117947
0.0,11,49.119837
-1.0,11,49.121448
0.0,11,49.123734
-2.0,11,49.126031
-1.0,11,49.128302
-1.0,11,49.129912
0.0,11,49.132027
0.0,11,49.134083
0.0,11,49.136133
-1.0,11,49.137767
-1.0,11,49.139856
0.0,11,49.141851
-1.0,11,49.143759
-1.0,11,49.145286
0.0,11,49.147218
-1.0,11,49.149143
0.0,11,49.151074
0.0,11,49.152646
0.0,11,49.154612
0.0,11,49.156632
-1.0,11,49.158607
0.0,11,49.160158
0.0,11,49.16212
0.0,11,49.164086
0.0,11,49.166066
-2.0,11,49.167586
0.0,11,49.169541
-1.0,11,49.171476
0.0,11,49.173391
-3.0,11,49.174827
0.0,11,49.176739
0.0,11,49.178636
-1.0,11,49.180556
-1.0,11,49.182037
-1.0,11,49.183935
0.0,11,49.185836
0.0,11,49.187747
0.0,11,49.189265
-1.0,11,49.191155
0.0,11,49.193058
-1.0,11,49.194933
-1.0,11,49.196446
0.0,11,49.198372
-1.0,11,49.200322
-1.0,11,49.202223
0.0,11,49.203712
-1.0,11,49.205652
-1.0,11,49.207677
-1.0,11,49.209606
0.0,11,49.211115
0.0,11,49.213042
-1.0,11,49.214954
-1.0,11,49.216875
0.0,11,49.218403
0.0,11,49.220328
0.0,11,49.22223
-1.0,11,49.224148
0.0,11,49.225687
-1.0,11,49.227639
0.0,11,49.229537
-1.0,11,49.231436
-1.0,11,49.232973
-1.0,11,49.235016
-1.0,11,49.236977
-1.0,11,49.238852
0.0,11,49.240612
0.0,11,49.242622
0.0,11,49.244567
-1.0,11,49.246519
-1.0,11,49.24802
-1.0,11,49.25015
-1.0,11,49.252117
-1.0,11,49.253955
0.0,11,49.255399
0.0,11,49.257358
-1.0,11,49.259274
0.0,11,49.261192
-1.0,11,49.262712
0.0,11,49.264615
0.0,11,49.266552
-2.0,11,49.268443
0.0,11,49.269927
0.0,11,49.271787
-1.0,11,49.273763
0.0,11,49.275671
0.0,11,49.277194
-1.0,11,49.279084
-2.0,11,49.281067
0.0,11,49.283059
-1.0,11,49.284686
0.0,11,49.286693
-1.0,11,49.288765
-1.0,11,49.290922
0.0,11,49.292552
0.0,11,49.294582
-1.0,11,49.2966
-1.0,11,49.298642
-1.0,11,49.300198
-2.0,11,49.302179
-1.0,11,49.304232
0.0,11,49.306235
-1.0,11,49.307844
0.0,11,49.309863
-1.0,11,49.311885
0.0,11,49.314043
-1.0,11,49.315665
0.0,11,49.317904
0.0,11,49.320217
0.0,11,49.322234
0.0,11,49.32385
-1.0,11,49.325865
-1.0,11,49.327829
-2.0,11,49.329727
-1.0,11,49.331238
-1.0,11,49.333168
-1.0,11,49.335104
0.0,11,49.337029
0.0,11,49.338536
-1.0,11,49.340482
0.0,11,49.342441
0.0,11,49.344337
-1.0,11,49.345837
0.0,11,49.347791
-2.0,11,49.349747
0.0,11,49.351775
-1.0,11,49.353295
0.0,11,49.355212
0.0,11,49.357143
-1.0,11,49.359011
0.0,11,49.360518
0.0,11,49.362455
0.0,11,49.364363
-1.0,11,49.366303
-2.0,11,49.367811
-2.0,11,49.369749
-1.0,11,49.371674
0.0,11,49.373571
0.0,11,49.375069
0.0,11,49.376981
-1.0,11,49.378864
0.0,11,49.380788
0.0,11,49.382335
0.0,11,49.384267
-1.0,11,49.386171
0.0,11,49.388062
-2.0,11,49.389573
0.0,11,49.391481
-1.0,11,49.393331
-1.0,11,49.395246
-1.0,11,49.39675
-1.0,11,49.39865
-1.0,11,49.40054
0.0,11,49.402453
-1.0,11,49.403959
-1.0,11,49.405855
-2.0,11,49.407787
0.0,11,49.409703
-1.0,11,49.411229
0.0,11,49.413153
-2.0,11,49.414995
0.0,11,49.416944
0.0,11,49.418469
-1.0,11,49.420509
-1.0,11,49.422446
-1.0,11,49.424346
-1.0,11,49.426026
0.0,11,49.42806
-1.0,11,49.429955
0.0,11,49.432014
-1.0,11,49.433527
0.0,11,49.435526
-2.0,11,49.437442
-1.0,11,49.439345
0.0,11,49.44088
0.0,11,49.442807
-1.0,11,49.444752
-1.0,11,49.446683
0.0,11,49.448206
0.0,11,49.450142
0.0,11,49.452047
-1.0,11,49.453941
0.0,11,49.455433
-2.0,11,49.457321
-1.0,11,49.459235
-1.0,11,49.461124
0.0,11,49.462634
0.0,11,49.46454
0.0,11,49.46646
-2.0,11,49.468363
-1.0,11,49.469858
-2.0,11,49.471764
0.0,11,49.473666
-1.0,11,49.475536
0.0,11,49.477059
-1.0,11,49.479077
-1.0,11,49.481005
0.0,11,49.482937
-1.0,11,49.484479
-1.0,11,49.486403
0.0,11,49.4883
-1.0,11,49.490223
0.0,11,49.49177
-1.0,11,49.493682
-1.0,11,49.495595
0.0,11,49.497483
0.0,11,49.499011
0.0,11,49.500922
0.0,11,49.502758
0.0,11,49.504666
0.0,11,49.506174
-1.0,11,49.508091
0.0,11,49.509992
0.0,11,49.511893
-2.0,11,49.513361
-1.0,11,49.515281
0.0,11,49.517191
0.0,11,49.51909
-1.0,11,49.520586
-1.0,11,49.522492
-1.0,11,49.524372
-1.0,11,49.526284
-1.0,11,49.527795
0.0,11,49.529678
0.0,11,49.531566
0.0,11,49.533465
0.0,11,49.53497
-1.0,11,49.536854
0.0,11,49.538807
0.0,11,49.540885
0.0,11,49.542464
-1.0,11,49.544377
-1.0,11,49.546289
-2.0,11,49.548221
0.0,11,49.54974
-2.0,11,49.551652
-1.0,11,49.55353
0.0,11,49.555427
-1.0,11,49.55692
0.0,11,49.558821
0.0,11,49.560724
-1.0,11,49.562617
-2.0,11,49.564073
0.0,11,49.56599
-2.0,11,49.567885
0.0,11,49.56976
-2.0,11,49.571268
0.0,11,49.573203
-1.0,11,49.575113
-1.0,11,49.577012
-1.0,11,49.578511
-1.0,11,49.580398
0.0,11,49.582297
0.0,11,49.58419
0.0,11,49.585692
-1.0,11,49.587591
-1.0,11,49.589491
0.0,11,49.591399
-1.0,11,49.592893
0.0,11,49.594838
0.0,11,49.596744
0.0,11,49.598678
0.0,11,49.600152
0.0,11,49.60221
0.0,11,49.60409
-1.0,11,49.605998
-1.0,11,49.607734
-1.0,11,49.609725
-1.0,11,49.611652
-1.0,11,49.613594
-2.0,11,49.615252
-1.0,11,49.617215
0.0,11,49.619132
-1.0,11,49.620976
0.0,11,49.622497
-2.0,11,49.62442
0.0,11,49.626373
0.0,11,49.628302
-1.0,11,49.629803
0.0,11,49.631721
0.0,11,49.633645
-1.0,11,49.635536
0.0,11,49.63706
-1.0,11,49.638958
-2.0,11,49.640862
0.0,11,49.642802
0.0,11,49.644309
0.0,11,49.646222
-1.0,11,49.648104
-1.0,11,49.650061
-1.0,11,49.65152
0.0,11,49.653437
-1.0,11,49.655378
-1.0,11,49.657315
-1.0,11,49.658847
-2.0,11,49.660747
0.0,11,49.662615
-1.0,11,49.664489
0.0,11,49.665994
-1.0,11,49.667896
-1.0,11,49.669787
-2.0,11,49.67167
0.0,11,49.673202
-1.0,11,49.67514
-1.0,11,49.677038
-1.0,11,49.678939
-1.0,11,49.68043
0.0,11,49.682388
-1.0,11,49.684258
-1.0,11,49.686192
0.0,11,49.687696
0.0,11,49.689593
0.0,11,49.691522
-1.0,11,49.693467
-2.0,11,49.694926
0.0,11,49.696828
-1.0,11,49.698772
0.0,11,49.70068
0.0,11,49.702179
-1.0,11,49.704127
0.0,11,49.706042
-1.0,11,49.707946
0.0,11,49.709468
-1.0,11,49.711382
-1.0,11,49.713272
-1.0,11,49.715149
-1.0,11,49.716678
-2.0,11,49.718566
-1.0,11,49.720511
0.0,11,49.722391
-1.0,11,49.723908
0.0,11,49.725808
0.0,11,49.727693
-2.0,11,49.729579
0.0,11,49.731013
0.0,11,49.732931
-2.0,11,49.734826
-1.0,11,49.736732
-1.0,11,49.738229
0.0,11,49.740099
-2.0,11,49.741959
-1.0,11,49.743851
-1.0,11,49.745359
0.0,11,49.747272
-1.0,11,49.749184
-1.0,11,49.751088
-2.0,11,49.752593
-1.0,11,49.754505
0.0,11,49.756419
-1.0,11,49.758337
0.0,11,49.759865
-1.0,11,49.761758
0.0,11,49.763659
0.0,11,49.765547
0.0,11,49.767048
-1.0,11,49.768952
-1.0,11,49.770865
0.0,11,49.77276
0.0,11,49.774275
0.0,11,49.776163
-1.0,11,49.77806
0.0,11,49.779953
-1.0,11,49.781456
0.0,11,49.783499
-1.0,11,49.785447
0.0,11,49.787378
0.0,11,49.789096
-1.0,11,49.79107
0.0,11,49.793012
-1.0,11,49.794949
-1.0,11,49.796419
-1.0,11,49.798359
-1.0,11,49.800394
-1.0,11,49.802342
0.0,11,49.803867
0.0,11,49.805779
0.0,11,49.807727
0.0,11,49.809613
0.0,11,49.811111
-1.0,11,49.813007
-2.0,11,49.814955
0.0,11,49.816857
-1.0,11,49.818391
0.0,11,49.82029
-1.0,11,49.822173
-2.0,11,49.824039
0.0,11,49.825527
0.0,11,49.827419
0.0,11,49.829301
-1.0,11,49.83119
-1.0,11,49.832718
0.0,11,49.834628
0.0,11,49.836507
-1.0,11,49.83841
-1.0,11,49.839957
0.0,11,49.841855
0.0,11,49.843729
-1.0,11,49.845625
-1.0,11,49.847104
-1.0,11,49.849026
-1.0,11,49.850931
0.0,11,49.852864
0.0,11,49.854371
-1.0,11,49.856268
0.0,11,49.858181
-1.0,11,49.860076
0.0,11,49.861568
-1.0,11,49.863465
0.0,11,49.865394
0.0,11,49.867308
0.0,11,49.868841
0.0,11,49.870769
-1.0,11,49.872677
-1.0,11,49.874628
0.0,11,49.876122
0.0,11,49.878045
-1.0,11,49.879946
0.0,11,49.881895
0.0,11,49.883403
-1.0,11,49.885296
0.0,11,49.887193
-1.0,11,49.889103
-2.0,11,49.890568
0.0,11,49.892447
-1.0,11,49.894379
0.0,11,49.896313
0.0,11,49.897804
0.0,11,49.899718
0.0,11,49.901629
-1.0,11,49.903537
-1.0,11,49.904999
-2.0,11,49.906919
0.0,11,49.908824
-1.0,11,49.910729
0.0,11,49.912231
0.0,11,49.91408
0.0,11,49.915996
-1.0,11,49.917929
0.0,11,49.919443
-1.0,11,49.921333
-1.0,11,49.923273
-1.0,11,49.92518
-1.0,11,49.926692
0.0,11,49.928565
-1.0,11,49.930478
0.0,11,49.932375
0.0,11,49.933829
-1.0,11,49.935655
-1.0,11,49.937555
0.0,11,49.939427
0.0,11,49.940942
-1.0,11,49.942875
0.0,11,49.944794
-1.0,11,49.946734
-1.0,11,49.948251
0.0,11,49.950145
-1.0,11,49.952035
0.0,11,49.953881
-1.0,11,49.955366
0.0,11,49.957287
0.0,11,49.959171
0.0,11,49.961069
0.0,11,49.962528
-1.0,11,49.964533
0.0,11,49.966469
0.0,11,49.968354
-1.0,11,49.970028
-1.0,11,49.972068
0.0,11,49.974015
0.0,11,49.975949
-1.0,11,49.977507
-1.0,11,49.979519
0.0,11,49.981428
-1.0,11,49.983367
-2.0,11,49.984901
-1.0,11,49.986854
-1.0,11,49.988715
-1.0,11,49.990628
-3.0,11,49.9921
0.0,11,49.994022
-1.0,11,49.995937
-1.0,11,49.997837
0.0,11,49.999345
-1.0,11,50.001244
-1.0,11,50.003215
0.0,11,50.005112
-1.0,11,50.006614
0.0,11,50.008515
-1.0,11,50.010376
-2.0,11,50.012268
0.0,11,50.013778
-1.0,11,50.015678
0.0,11,50.017568
-1.0,11,50.019473
-1.0,11,50.021006
0.0,11,50.022903
-1.0,11,50.024792
0.0,11,50.026697
-1.0,11,50.028177
-1.0,11,50.030062
0.0,11,50.031956
-1.0,11,50.033874
-1.0,11,50.035371
-1.0,11,50.037242
-2.0,11,50.039151
0.0,11,50.041198
-1.0,11,50.042783
0.0,11,50.044762
0.0,11,50.046679
-1.0,11,50.048606
-1.0,11,50.05013
0.0,11,50.052024
-1.0,11,50.053908
-1.0,11,50.055773
-1.0,11,50.057279
0.0,11,50.05917
-1.0,11,50.061061
-1.0,11,50.062979
-1.0,11,50.06447
0.0,11,50.066357
-1.0,11,50.068221
0.0,11,50.07014
-1.0,11,50.071646
-1.0,11,50.073518
0.0,11,50.075408
-1.0,11,50.077326
0.0,11,50.078825
-1.0,11,50.080716
0.0,11,50.082598
0.0,11,50.08449
0.0,11,50.085996
-1.0,11,50.087882
-2.0,11,50.089772
-1.0,11,50.091625
0.0,11,50.093132
-1.0,11,50.095048
-1.0,11,50.096895
0.0,11,50.098787
0.0,11,50.100294
-1.0,11,50.102192
0.0,11,50.104121
0.0,11,50.106025
-1.0,11,50.107512
0.0,11,50.109416
-1.0,11,50.111305
-1.0,11,50.113198
-2.0,11,50.11469
0.0,11,50.116557
-1.0,11,50.118458
0.0,11,50.120386
-1.0,11,50.121883
0.0,11,50.123801
-1.0,11,50.125701
0.0,11,50.127612
-1.0,11,50.129116
0.0,11,50.131003
-1.0,11,50.132891
0.0,11,50.134787
-1.0,11,50.136236
-2.0,11,50.138123
0.0,11,50.140026
0.0,11,50.141896
0.0,11,50.14338
-1.0,11,50.145435
-1.0,11,50.147359
-1.0,11,50.149289
0.0,11,50.150929
-2.0,11,50.152969
-1.0,11,50.154917
0.0,11,50.156873
0.0,11,50.158389
-1.0,11,50.160311
0.0,11,50.162294
-1.0,11,50.16421
-2.0,11,50.165706
-1.0,11,50.167608
-1.0,11,50.169537
-1.0,11,50.171448
-2.0,11,50.172955
-1.0,11,50.174875
-1.0,11,50.176729
-1.0,11,50.178606
0.0,11,50.180128
-1.0,11,50.182057
0.0,11,50.183961
0.0,11,50.185867
0.0,11,50.187362
0.0,11,50.189276
0.0,11,50.191146
0.0,11,50.193058
0.0,11,50.194576
0.0,11,50.196534
-1.0,11,50.198437
-1.0,11,50.200343
-1.0,11,50.20187
0.0,11,50.203799
-1.0,11,50.205691
0.0,11,50.207612
0.0,11,50.20913
-1.0,11,50.211031
0.0,11,50.212915
-1.0,11,50.214838
-1.0,11,50.216339
0.0,11,50.218218
0.0,11,50.22013
-2.0,11,50.222039
0.0,11,50.223549
0.0,11,50.225403
0.0,11,50.227344
0.0,11,50.229249
-1.0,11,50.23075
-1.0,11,50.232604
0.0,11,50.234531
-1.0,11,50.236459
-1.0,11,50.237936
-1.0,11,50.239784
0.0,11,50.241667
0.0,11,50.243556
-2.0,11,50.245071
-1.0,11,50.246973
-1.0,11,50.248867
-1.0,11,50.250754
0.0,11,50.252225
-1.0,11,50.254132
-1.0,11,50.256038
-1.0,11,50.257894
-1.0,11,50.25936
-2.0,11,50.261235
0.0,11,50.263122
-1.0,11,50.265003
0.0,11,50.266499
-1.0,11,50.268427
-1.0,11,50.270321
0.0,11,50.272239
-1.0,11,50.27373
-1.0,11,50.275624
-1.0,11,50.277577
-3.0,11,50.27946
0.0,11,50.280975
-1.0,11,50.282866
0.0,11,50.284767
-1.0,11,50.28663
-3.0,11,50.288097
-1.0,11,50.289977
-1.0,11,50.291883
0.0,11,50.293794
0.0,11,50.295296
0.0,11,50.297193
0.0,11,50.299077
-1.0,11,50.300961
-1.0,11,50.302484
0.0,11,50.304394
-2.0,11,50.306245
0.0,11,50.308131
-1.0,11,50.309618
0.0,11,50.311531
-1.0,11,50.313411
-1.0,11,50.315315
-1.0,11,50.316813
0.0,11,50.318701
0.0,11,50.320621
0.0,11,50.322526
0.0,11,50.324022
0.0,11,50.326025
-1.0,11,50.327915
0.0,11,50.329806
0.0,11,50.331472
-1.0,11,50.333555
0.0,11,50.335491
-1.0,11,50.33741
-1.0,11,50.338967
0.0,11,50.34087
-1.0,11,50.342796
-1.0,11,50.344793
-1.0,11,50.346326
-1.0,11,50.348286
0.0,11,50.350207
0.0,11,50.352088
-2.0,11,50.353636
0.0,11,50.35559
0.0,11,50.357502
-2.0,11,50.359358
0.0,11,50.360896
0.0,11,50.362814
0.0,11,50.364706
-2.0,11,50.366619
-1.0,11,50.36812
0.0,11,50.370024
0.0,11,50.37196
0.0,11,50.373855
0.0,11,50.375356
0.0,11,50.37727
0.0,11,50.379193
0.0,11,50.381077
-1.0,11,50.382603
-1.0,11,50.384501
0.0,11,50.386414
-1.0,11,50.388261
-1.0,11,50.389736
0.0,11,50.391635
0.0,11,50.393599
0.0,11,50.395504
0.0,11,50.397028
0.0,11,50.398944
-1.0,11,50.400854
0.0,11,50.402769
0.0,11,50.404266
0.0,11,50.406212
0.0,11,50.408105
-1.0,11,50.409986
-1.0,11,50.411493
0.0,11,50.413383
-1.0,11,50.415324
-1.0,11,50.417203
0.0,11,50.418694
0.0,11,50.420609
0.0,11,50.422492
-1.0,11,50.424368
0.0,11,50.425872
0.0,11,50.427769
-1.0,11,50.429668
0.0,11,50.43154
-1.0,11,50.43305
0.0,11,50.434947
0.0,11,50.43686
-1.0,11,50.438736
0.0,11,50.440229
-1.0,11,50.442135
-1.0,11,50.444001
-1.0,11,50.445928
-2.0,11,50.447416
-1.0,11,50.449313
0.0,11,50.451212
0.0,11,50.453124
0.0,11,50.454634
-1.0,11,50.456506
0.0,11,50.458416
-1.0,11,50.460308
-1.0,11,50.461742
0.0,11,50.463646
-1.0,11,50.465536
0.0,11,50.467423
-2.0,11,50.468911
-1.0,11,50.470823
0.0,11,50.472707
0.0,11,50.474611
-1.0,11,50.47609
-1.0,11,50.478005
-2.0,11,50.479897
0.0,11,50.481806
-1.0,11,50.483294
-1.0,11,50.485178
-1.0,11,50.487087
0.0,11,50.488996
-1.0,11,50.490455
-1.0,11,50.492351
-1.0,11,50.49426
0.0,11,50.496258
-1.0,11,50.497752
-1.0,11,50.499674
-2.0,11,50.50159
0.0,11,50.503506
0.0,11,50.504993
0.0,11,50.507249
0.0,11,50.509155
-2.0,11,50.511027
-2.0,11,50.512722
-1.0,11,50.514777
-1.0,11,50.516703
-1.0,11,50.518651
0.0,11,50.520186
-1.0,11,50.522112
-1.0,11,50.524236
-1.0,11,50.526205
-1.0,11,50.527729
0.0,11,50.529608
-1.0,11,50.531534
-1.0,11,50.533505
-1.0,11,50.53501
-1.0,11,50.536833
0.0,11,50.538733
0.0,11,50.540755
-1.0,11,50.542337
-1.0,11,50.544277
0.0,11,50.5462
-1.0,11,50.548131
-1.0,11,50.549672
0.0,11,50.55157
0.0,11,50.55344
-1.0,11,50.555322
-1.0,11,50.556821
0.0,11,50.558713
0.0,11,50.560617
0.0,11,50.562503
0.0,11,50.564035
-1.0,11,50.565964
-1.0,11,50.567828
0.0,11,50.569745
-2.0,11,50.571216
0.0,11,50.573148
-2.0,11,50.575023
0.0,11,50.576925
-1.0,11,50.578413
-2.0,11,50.580322
-1.0,11,50.58223
-1.0,11,50.584134
0.0,11,50.585599
0.0,11,50.587489
0.0,11,50.589382
-1.0,11,50.591264
-2.0,11,50.592756
0.0,11,50.594685
-1.0,11,50.596582
-2.0,11,50.598472
0.0,11,50.599957
-1.0,11,50.601885
0.0,11,50.603791
0.0,11,50.605681
-1.0,11,50.6072
0.0,11,50.609096
0.0,11,50.611006
0.0,11,50.612876
-1.0,11,50.614376
-1.0,11,50.616273
0.0,11,50.618149
-1.0,11,50.620028
-1.0,11,50.621555
-1.0,11,50.623486
0.0,11,50.625404
-1.0,11,50.627291
0.0,11,50.628779
-1.0,11,50.630671
0.0,11,50.632582
0.0,11,50.634521
0.0,11,50.636017
-1.0,11,50.637897
-1.0,11,50.639754
0.0,11,50.641621
0.0,11,50.643129
0.0,11,50.645029
-1.0,11,50.646921
0.0,11,50.648825
-1.0,11,50.650335
0.0,11,50.652206
0.0,11,50.654099
0.0,11,50.656086
-1.0,11,50.657607
0.0,11,50.659504
0.0,11,50.661421
0.0,11,50.663318
0.0,11,50.664827
-1.0,11,50.666724
-1.0,11,50.66859
0.0,11,50.670529
-1.0,11,50.672075
0.0,11,50.674035
-1.0,11,50.675925
-1.0,11,50.677831
0.0,11,50.679328
-1.0,11,50.681225
0.0,11,50.683106
0.0,11,50.685
0.0,11,50.686515
-1.0,11,50.688465
-1.0,11,50.690344
0.0,11,50.692254
-1.0,11,50.693938
-1.0,11,50.696139
0.0,11,50.698086
-1.0,11,50.700042
-1.0,11,50.701601
0.0,11,50.703519
0.0,11,50.705479
-1.0,11,50.707411
0.0,11,50.708946
0.0,11,50.710873
-1.0,11,50.712784
-1.0,11,50.714685
0.0,11,50.716214
-1.0,11,50.71813
-1.0,11,50.720036
0.0,11,50.721925
-1.0,11,50.723416
-1.0,11,50.725281
0.0,11,50.727141
0.0,11,50.729066
-1.0,11,50.730601
-1.0,11,50.732532
0.0,11,50.734461
0.0,11,50.736398
0.0,11,50.73791
0.0,11,50.739814
0.0,11,50.7417
-1.0,11,50.743618
-1.0,11,50.745128
0.0,11,50.74708
0.0,11,50.748976
0.0,11,50.750863
-1.0,11,50.752388
-2.0,11,50.754267
0.0,11,50.756172
-1.0,11,50.75807
-1.0,11,50.759557
-2.0,11,50.761467
0.0,11,50.763383
0.0,11,50.765283
-1.0,11,50.766788
-1.0,11,50.768646
-1.0,11,50.770559
-1.0,11,50.772463
-2.0,11,50.773952
0.0,11,50.77588
0.0,11,50.777782
-1.0,11,50.779696
-1.0,11,50.781195
0.0,11,50.783079
0.0,11,50.784961
-1.0,11,50.78687
-1.0,11,50.78837
-2.0,11,50.790243
0.0,11,50.792143
0.0,11,50.794042
-1.0,11,50.795524
0.0,11,50.797418
-2.0,11,50.799306
-1.0,11,50.80117
0.0,11,50.802697
0.0,11,50.804614
-1.0,11,50.806508
0.0,11,50.80844
-1.0,11,50.809911
0.0,11,50.811821
-1.0,11,50.813682
-2.0,11,50.815552
-1.0,11,50.817059
-2.0,11,50.81895
-2.0,11,50.82089
-1.0,11,50.822755
0.0,11,50.824262
-1.0,11,50.82616
0.0,11,50.82808
-1.0,11,50.829965
0.0,11,50.831418
-1.0,11,50.83329
0.0,11,50.835206
-1.0,11,50.837098
-1.0,11,50.838605
0.0,11,50.840504
0.0,11,50.842424
-2.0,11,50.844315
-1.0,11,50.845823
0.0,11,50.847742
0.0,11,50.84965
0.0,11,50.851563
-1.0,11,50.853144
0.0,11,50.855064
0.0,11,50.857029
0.0,11,50.858975
-1.0,11,50.860528
-1.0,11,50.862443
0.0,11,50.864358
-1.0,11,50.866255
-2.0,11,50.867768
-1.0,11,50.869809
0.0,11,50.871703
-1.0,11,50.87361
0.0,11,50.875264
0.0,11,50.877311
0.0,11,50.879269
0.0,11,50.88121
-1.0,11,50.88268
-1.0,11,50.884587
0.0,11,50.886618
0.0,11,50.888605
0.0,11,50.890109
-1.0,11,50.892022
-1.0,11,50.893889
-1.0,11,50.895837
-1.0,11,50.897363
0.0,11,50.899272
0.0,11,50.901162
0.0,11,50.903073
-2.0,11,50.904572
-1.0,11,50.906455
-1.0,11,50.908383
-1.0,11,50.910304
0.0,11,50.91184
-1.0,11,50.913789
0.0,11,50.915687
0.0,11,50.917595
0.0,11,50.9191
-1.0,11,50.921
0.0,11,50.922907
-2.0,11,50.924812
0.0,11,50.926351
-1.0,11,50.928271
0.0,11,50.93012
0.0,11,50.932036
0.0,11,50.933538
-1.0,11,50.935439
-1.0,11,50.93737
0.0,11,50.939286
0.0,11,50.940805
-1.0,11,50.942722
-1.0,11,50.944635
0.0,11,50.946537
-1.0,11,50.948036
0.0,11,50.949924
0.0,11,50.951736
-1.0,11,50.953619
-2.0,11,50.955112
-1.0,11,50.957048
0.0,11,50.958958
0.0,11,50.96088
0.0,11,50.962393
-2.0,11,50.964291
0.0,11,50.966183
-1.0,11,50.968059
0.0,11,50.969551
0.0,11,50.971432
-1.0,11,50.973376
0.0,11,50.975254
0.0,11,50.976736
0.0,11,50.978648
-1.0,11,50.98055
-1.0,11,50.982448
-1.0,11,50.983929
0.0,11,50.985835
0.0,11,50.987715
0.0,11,50.989608
0.0,11,50.991088
-1.0,11,50.99299
0.0,11,50.994907
-1.0,11,50.996776
-1.0,11,50.99827
0.0,11,51.000174
0.0,11,51.002067
-1.0,11,51.003934
0.0,11,51.005444
-1.0,11,51.007363
0.0,11,51.009247
-1.0,11,51.011106
0.0,11,51.012622
0.0,11,51.014497
0.0,11,51.016415
-1.0,11,51.018316
0.0,11,51.019836
0.0,11,51.021762
0.0,11,51.023668
-1.0,11,51.025563
0.0,11,51.027064
0.0,11,51.02899
0.0,11,51.030913
0.0,11,51.032833
0.0,11,51.034343
-1.0,11,51.036242
-1.0,11,51.03816
-2.0,11,51.040258
0.0,11,51.041861
0.0,11,51.043831
0.0,11,51.045749
-1.0,11,51.047651
-1.0,11,51.049211
0.0,11,51.051243
-1.0,11,51.053201
-1.0,11,51.055116
-1.0,11,51.056696
0.0,11,51.058639
-1.0,11,51.06054
-1.0,11,51.062698
0.0,11,51.064253
-1.0,11,51.066172
-1.0,11,51.068086
-2.0,11,51.070073
0.0,11,51.071637
-2.0,11,51.073544
-1.0,11,51.075471
-1.0,11,51.077379
-1.0,11,51.078842
0.0,11,51.080795
0.0,11,51.08269
-1.0,11,51.084576
-2.0,11,51.086023
-2.0,11,51.087925
-1.0,11,51.089841
0.0,11,51.091727
0.0,11,51.093243
-1.0,11,51.095171
0.0,11,51.097093
-1.0,11,51.09896
0.0,11,51.100464
-1.0,11,51.102319
-1.0,11,51.104161
-1.0,11,51.106034
0.0,11,51.107541
0.0,11,51.109481
-1.0,11,51.111383
-2.0,11,51.113243
-1.0,11,51.114755
0.0,11,51.116657
0.0,11,51.118559
-1.0,11,51.120456
-1.0,11,51.12195
0.0,11,51.123875
0.0,11,51.125772
-1.0,11,51.127685
-1.0,11,51.129193
0.0,11,51.131109
-1.0,11,51.133072
-1.0,11,51.134983
-1.0,11,51.136513
-1.0,11,51.138383
-1.0,11,51.140302
-2.0,11,51.142228
0.0,11,51.143752
-1.0,11,51.145647
0.0,11,51.147578
-1.0,11,51.149485
-1.0,11,51.150987
0.0,11,51.152849
-1.0,11,51.154814
0.0,11,51.156761
-1.0,11,51.15827
-1.0,11,51.160165
-1.0,11,51.162066
-1.0,11,51.163986
0.0,11,51.165532
-1.0,11,51.167451
0.0,11,51.16931
0.0,11,51.171196
-2.0,11,51.172626
0.0,11,51.174577
-1.0,11,51.176455
0.0,11,51.17834
0.0,11,51.179848
-1.0,11,51.181729
0.0,11,51.183648
0.0,11,51.185542
0.0,11,51.187039
-1.0,11,51.188923
0.0,11,51.190841
-2.0,11,51.192742
-1.0,11,51.194227
-1.0,11,51.196126
0.0,11,51.198014
-1.0,11,51.199932
-1.0,11,51.201425
-1.0,11,51.203323
-1.0,11,51.205217
-1.0,11,51.207113
-1.0,11,51.208611
0.0,11,51.21051
0.0,11,51.212412
0.0,11,51.214429
0.0,11,51.216108
-1.0,11,51.218107
-2.0,11,51.220247
0.0,11,51.222471
-2.0,11,51.22419
0.0,11,51.226209
-1.0,11,51.228192
-1.0,11,51.230128
-1.0,11,51.231639
-1.0,11,51.233695
0.0,11,51.235619
-1.0,11,51.237526
-1.0,11,51.239892
-2.0,11,51.242962
-1.0,11,51.245299
0.0,11,51.247535
-1.0,11,51.249379
0.0,11,51.2517
-1.0,11,51.253945
0.0,11,51.256099
0.0,11,51.257743
-2.0,11,51.25988
0.0,11,51.261956
0.0,11,51.264023
-2.0,11,51.265608
-2.0,11,51.26756
-1.0,11,51.269547
-1.0,11,51.271496
0.0,11,51.273023
0.0,11,51.275018
-1.0,11,51.277001
-2.0,11,51.27893
0.0,11,51.280494
0.0,11,51.282425
-1.0,11,51.284364
-1.0,11,51.286272
-2.0,11,51.287793
-1.0,11,51.289669
-1.0,11,51.291634
0.0,11,51.293587
-1.0,11,51.295035
-1.0,11,51.296932
-1.0,11,51.298862
0.0,11,51.300793
0.0,11,51.30229
-2.0,11,51.304211
-1.0,11,51.306076
0.0,11,51.307988
0.0,11,51.309486
-1.0,11,51.311416
-1.0,11,51.313309
-1.0,11,51.315181
0.0,11,51.316691
-1.0,11,51.318615
0.0,11,51.320532
-1.0,11,51.322441
0.0,11,51.323941
0.0,11,51.325956
0.0,11,51.327894
0.0,11,51.329835
0.0,11,51.331349
-1.0,11,51.33332
-1.0,11,51.335257
0.0,11,51.33716
0.0,11,51.338658
-1.0,11,51.340597
0.0,11,51.342519
-1.0,11,51.344405
-1.0,11,51.345897
0.0,11,51.347818
-1.0,11,51.349731
-1.0,11,51.351599
0.0,11,51.353118
0.0,11,51.354963
-1.0,11,51.356856
0.0,11,51.358715
-2.0,11,51.360193
0.0,11,51.362101
-1.0,11,51.364007
0.0,11,51.365927
-1.0,11,51.367423
-1.0,11,51.36929
0.0,11,51.371192
0.0,11,51.373083
-2.0,11,51.374604
0.0,11,51.376497
0.0,11,51.378382
-1.0,11,51.380255
-2.0,11,51.381807
-1.0,11,51.383701
-1.0,11,51.38561
0.0,11,51.387515
-2.0,11,51.389007
-1.0,11,51.390927
0.0,11,51.39282
0.0,11,51.394711
-1.0,11,51.396216
-1.0,11,51.39812
-1.0,11,51.400038
0.0,11,51.401914
0.0,11,51.403402
-1.0,11,51.405324
0.0,11,51.407238
-1.0,11,51.409163
-1.0,11,51.410637
-1.0,11,51.412586
0.0,11,51.414499
0.0,11,51.416371
-2.0,11,51.417889
0.0,11,51.419928
-1.0,11,51.421846
-1.0,11,51.423745
-1.0,11,51.425415
-2.0,11,51.427441
0.0,11,51.429368
-1.0,11,51.431317
0.0,11,51.432982
-1.0,11,51.434883
0.0,11,51.436791
-1.0,11,51.438688
-1.0,11,51.4402
-2.0,11,51.442108
0.0,11,51.44403
0.0,11,51.445867
0.0,11,51.447369
0.0,11,51.449302
0.0,11,51.451169
0.0,11,51.453078
-1.0,11,51.454541
0.0,11,51.456452
-1.0,11,51.458368
0.0,11,51.460274
-1.0,11,51.461778
0.0,11,51.463692
-1.0,11,51.465577
-1.0,11,51.467475
-1.0,11,51.468974
0.0,11,51.470877
-1.0,11,51.472772
-1.0,11,51.47464
-1.0,11,51.476126
0.0,11,51.478034
0.0,11,51.479947
0.0,11,51.481836
0.0,11,51.483348
-1.0,11,51.48524
-1.0,11,51.487143
-2.0,11,51.489005
0.0,11,51.490523
0.0,11,51.492431
-1.0,11,51.494376
-1.0,11,51.496291
0.0,11,51.497805
0.0,11,51.499712
0.0,11,51.501613
0.0,11,51.503504
-1.0,11,51.504965
0.0,11,51.506864
0.0,11,51.508788
-2.0,11,51.510696
-1.0,11,51.512224
-1.0,11,51.514095
0.0,11,51.516025
-1.0,11,51.517959
-1.0,11,51.51943
-1.0,11,51.521344
-1.0,11,51.523248
0.0,11,51.525143
-1.0,11,51.526641
-2.0,11,51.528588
0.0,11,51.530442
-1.0,11,51.532349
-1.0,11,51.533825
0.0,11,51.535731
0.0,11,51.537614
-1.0,11,51.539607
0.0,11,51.54125
-2.0,11,51.543229
0.0,11,51.545162
-1.0,11,51.547085
-1.0,11,51.548601
0.0,11,51.550479
0.0,11,51.5524
0.0,11,51.554343
-1.0,11,51.555849
0.0,11,51.557816
-1.0,11,51.559711
0.0,11,51.561605
-1.0,11,51.563064
0.0,11,51.564995
-1.0,11,51.566905
-1.0,11,51.568818
0.0,11,51.570323
0.0,11,51.572181
0.0,11,51.574099
-2.0,11,51.575996
0.0,11,51.577481
-2.0,11,51.579382
-1.0,11,51.581273
0.0,11,51.58317
-1.0,11,51.584638
0.0,11,51.58656
-1.0,11,51.58846
0.0,11,51.590382
-1.0,11,51.591884
0.0,11,51.593784
0.0,11,51.595678
-1.0,11,51.59756
-1.0,11,51.599073
-1.0,11,51.601081
-1.0,11,51.602992
0.0,11,51.604886
-1.0,11,51.606567
0.0,11,51.608624
-1.0,11,51.610564
0.0,11,51.612501
-2.0,11,51.613979
0.0,11,51.616025
0.0,11,51.617992
0.0,11,51.619894
0.0,11,51.6214
-1.0,11,51.623279
-1.0,11,51.625199
-2.0,11,51.627125
0.0,11,51.628619
-1.0,11,51.630452
0.0,11,51.632362
-2.0,11,51.634261
-1.0,11,51.635755
-1.0,11,51.637658
-1.0,11,51.63957
-1.0,11,51.641496
-2.0,11,51.64293
-1.0,11,51.644803
-2.0,11,51.646674
-1.0,11,51.648567
-1.0,11,51.650084
0.0,11,51.651977
0.0,11,51.653882
-1.0,11,51.655847
0.0,11,51.657459
-1.0,11,51.659379
0.0,11,51.661289
-1.0,11,51.663267
0.0,11,51.664759
-1.0,11,51.66666
0.0,11,51.668539
0.0,11,51.670464
0.0,11,51.671954
-1.0,11,51.673863
-1.0,11,51.675733
-1.0,11,51.677633
-1.0,11,51.679158
0.0,11,51.681023
0.0,11,51.682909
0.0,11,51.684757
0.0,11,51.686257
-1.0,11,51.688165
-1.0,11,51.690043
-2.0,11,51.69194
0.0,11,51.693416
-1.0,11,51.6953
-2.0,11,51.697247
-1.0,11,51.699153
-1.0,11,51.700642
0.0,11,51.702531
0.0,11,51.704426
-1.0,11,51.706335
-1.0,11,51.707843
0.0,11,51.709732
-1.0,11,51.711622
0.0,11,51.713535
0.0,11,51.715021
-1.0,11,51.716933
-1.0,11,51.718828
-2.0,11,51.720696
0.0,11,51.722204
-1.0,11,51.724105
-1.0,11,51.725969
-1.0,11,51.727834
0.0,11,51.72934
-1.0,11,51.731269
0.0,11,51.733175
0.0,11,51.735053
0.0,11,51.736571
-1.0,11,51.738511
-2.0,11,51.74044
-2.0,11,51.742391
0.0,11,51.743874
-1.0,11,51.745771
0.0,11,51.747665
-1.0,11,51.749521
-1.0,11,51.751032
-1.0,11,51.75286
0.0,11,51.754772
-2.0,11,51.756631
-1.0,11,51.758119
0.0,11,51.759966
-1.0,11,51.761881
-1.0,11,51.763814
-1.0,11,51.765282
0.0,11,51.767185
0.0,11,51.769102
-1.0,11,51.770987
0.0,11,51.772525
0.0,11,51.774427
-1.0,11,51.776319
-1.0,11,51.778207
0.0,11,51.779716
-1.0,11,51.781714
0.0,11,51.783629
0.0,11,51.785514
0.0,11,51.787171
-1.0,11,51.789173
0.0,11,51.791065
-2.0,11,51.792961
0.0,11,51.794622
-2.0,11,51.796583
-2.0,11,51.798461
-1.0,11,51.800376
0.0,11,51.801846
-1.0,11,51.803799
0.0,11,51.8057
-1.0,11,51.807584
0.0,11,51.809067
0.0,11,51.810999
-1.0,11,51.812891
0.0,11,51.814811
0.0,11,51.816311
-1.0,11,51.818213
0.0,11,51.820145
0.0,11,51.822085
-1.0,11,51.823603
-1.0,11,51.8255
0.0,11,51.827404
0.0,11,51.829296
-1.0,11,51.83079
-1.0,11,51.832688
0.0,11,51.834589
-1.0,11,51.836467
0.0,11,51.837967
0.0,11,51.839911
-1.0,11,51.841824
0.0,11,51.843696
0.0,11,51.845253
0.0,11,51.847167
0.0,11,51.849067
0.0,11,51.850944
0.0,11,51.852479
-1.0,11,51.854377
-1.0,11,51.856298
0.0,11,51.858197
-1.0,11,51.859733
-2.0,11,51.861674
-1.0,11,51.863578
-1.0,11,51.865492
-2.0,11,51.866915
-2.0,11,51.868806
-1.0,11,51.870683
-1.0,11,51.872559
0.0,11,51.87406
-1.0,11,51.875955
-1.0,11,51.877841
0.0,11,51.879742
0.0,11,51.88121
-1.0,11,51.88307
-1.0,11,51.884967
-1.0,11,51.886891
-1.0,11,51.888388
-1.0,11,51.890273
-1.0,11,51.892161
0.0,11,51.894062
0.0,11,51.895572
-2.0,11,51.897456
0.0,11,51.899365
0.0,11,51.901303
0.0,11,51.902803
-1.0,11,51.904697
-1.0,11,51.906613
-2.0,11,51.908519
-1.0,11,51.910013
0.0,11,51.911909
-1.0,11,51.913809
0.0,11,51.915688
-1.0,11,51.917156
-1.0,11,51.919087
0.0,11,51.920983
0.0,11,51.922878
-1.0,11,51.924359
-2.0,11,51.926254
0.0,11,51.928119
0.0,11,51.930017
0.0,11,51.931528
0.0,11,51.933431
0.0,11,51.935328
-2.0,11,51.937211
0.0,11,51.938723
0.0,11,51.940631
-1.0,11,51.942528
-1.0,11,51.944473
-2.0,11,51.945974
-2.0,11,51.947781
0.0,11,51.94967
-1.0,11,51.951562
0.0,11,51.953076
0.0,11,51.954981
-1.0,11,51.956875
0.0,11,51.958774
0.0,11,51.960249
-1.0,11,51.962304
0.0,11,51.964275
-1.0,11,51.966246
-1.0,11,51.96793
-2.0,11,51.969887
-1.0,11,51.971792
0.0,11,51.973761
-1.0,11,51.975277
0.0,11,51.977223
-1.0,11,51.979254
-2.0,11,51.981169
-1.0,11,51.982668
-2.0,11,51.984577
-1.0,11,51.986507
0.0,11,51.988368
-1.0,11,51.989871
0.0,11,51.99178
0.0,11,51.993707
-1.0,11,51.995622
0.0,11,51.99713
0.0,11,51.999016
-1.0,11,52.000889
-1.0,11,52.002792
-1.0,11,52.004308
-1.0,11,52.006196
0.0,11,52.008104
0.0,11,52.009976
-1.0,11,52.011444
0.0,11,52.013341
-1.0,11,52.015198
0.0,11,52.017103
-1.0,11,52.018618
0.0,11,52.020514
-1.0,11,52.022379
-1.0,11,52.024275
-1.0,11,52.025821
0.0,11,52.027756
0.0,11,52.029675
0.0,11,52.031611
-1.0,11,52.033109
0.0,11,52.034994
0.0,11,52.036877
0.0,11,52.038759
0.0,11,52.040394
0.0,11,52.042394
-2.0,11,52.044343
-1.0,11,52.046272
0.0,11,52.047736
0.0,11,52.049641
-1.0,11,52.051544
-1.0,11,52.053511
-1.0,11,52.055052
-1.0,11,52.056909
0.0,11,52.0588
-1.0,11,52.060699
0.0,11,52.062207
-1.0,11,52.064128
-1.0,11,52.066042
0.0,11,52.067874
0.0,11,52.069411
0.0,11,52.071344
-1.0,11,52.073233
-1.0,11,52.075126
0.0,11,52.076614
-1.0,11,52.07846
0.0,11,52.080367
0.0,11,52.082249
-1.0,11,52.083717
0.0,11,52.085614
-2.0,11,52.087517
0.0,11,52.089403
0.0,11,52.090953
-1.0,11,52.092852
-2.0,11,52.094783
0.0,11,52.096665
-1.0,11,52.098137
-2.0,11,52.100063
0.0,11,52.101961
0.0,11,52.103877
0.0,11,52.105359
-1.0,11,52.107238
-1.0,11,52.10913
-1.0,11,52.110995
0.0,11,52.112495
-1.0,11,52.114401
-1.0,11,52.11626
-1.0,11,52.118084
-1.0,11,52.119596
0.0,11,52.121509
-1.0,11,52.123415
0.0,11,52.125306
0.0,11,52.126802
-2.0,11,52.128691
0.0,11,52.13059
0.0,11,52.132482
0.0,11,52.133976
-1.0,11,52.1359
0.0,11,52.137821
0.0,11,52.139723
0.0,11,52.14123
0.0,11,52.143285
-1.0,11,52.145228
0.0,11,52.14715
0.0,11,52.148852
-1.0,11,52.150894
-2.0,11,52.152885
-1.0,11,52.154926
0.0,11,52.156501
0.0,11,52.158438
-1.0,11,52.160643
0.0,11,52.162609
-2.0,11,52.164122
-1.0,11,52.165996
0.0,11,52.167949
-1.0,11,52.169884
0.0,11,52.171374
-1.0,11,52.173281
-1.0,11,52.175224
0.0,11,52.177144
-1.0,11,52.178648
-1.0,11,52.180479
-2.0,11,52.182412
-1.0,11,52.18427
-1.0,11,52.185801
0.0,11,52.187673
0.0,11,52.189598
0.0,11,52.191502
-1.0,11,52.192997
-1.0,11,52.19487
0.0,11,52.196775
-1.0,11,52.198695
0.0,11,52.200127
-3.0,11,52.202001
0.0,11,52.20388
0.0,11,52.205789
-1.0,11,52.207278
0.0,11,52.209139
-1.0,11,52.211055
-2.0,11,52.212941
0.0,11,52.214446
-1.0,11,52.216353
0.0,11,52.218293
-1.0,11,52.22015
-2.0,11,52.221626
-1.0,11,52.223495
0.0,11,52.225419
-1.0,11,52.22732
-1.0,11,52.228774
-1.0,11,52.230688
-1.0,11,52.232615
-1.0,11,52.234497
-1.0,11,52.235993
0.0,11,52.237886
-1.0,11,52.239804
-1.0,11,52.241695
0.0,11,52.243187
-1.0,11,52.245149
-1.0,11,52.247146
0.0,11,52.249133
-1.0,11,52.250737
-2.0,11,52.252726
-2.0,11,52.254825
-1.0,11,52.256832
0.0,11,52.258437
0.0,11,52.260518
-1.0,11,52.262539
0.0,11,52.264691
0.0,11,52.26638
-1.0,11,52.268439
-1.0,11,52.27038
0.0,11,52.272362
-2.0,11,52.27385
0.0,11,52.275777
-1.0,11,52.277679
0.0,11,52.2796
0.0,11,52.28109
0.0,11,52.28304
0.0,11,52.284915
0.0,11,52.286808
-1.0,11,52.288304
-2.0,11,52.290213
0.0,11,52.29211
0.0,11,52.293986
0.0,11,52.29549
0.0,11,52.297381
-1.0,11,52.299268
0.0,11,52.301168
-1.0,11,52.302606
-1.0,11,52.304486
-1.0,11,52.306408
0.0,11,52.308302
-1.0,11,52.309802
0.0,11,52.311711
0.0,11,52.313635
-1.0,11,52.315542
0.0,11,52.317041
-1.0,11,52.318977
-1.0,11,52.320888
0.0,11,52.322732
0.0,11,52.324204
-1.0,11,52.326248
0.0,11,52.328149
0.0,11,52.330041
-1.0,11,52.331859
0.0,11,52.333899
0.0,11,52.335816
-1.0,11,52.337748
0.0,11,52.339291
-1.0,11,52.341189
-1.0,11,52.343111
-1.0,11,52.345116
0.0,11,52.346678
0.0,11,52.348565
-1.0,11,52.350453
0.0,11,52.352395
-1.0,11,52.353861
-1.0,11,52.355743
-1.0,11,52.357613
0.0,11,52.359471
-1.0,11,52.361011
-1.0,11,52.362928
0.0,11,52.364794
0.0,11,52.366684
0.0,11,52.368173
-1.0,11,52.370103
0.0,11,52.372006
0.0,11,52.373863
0.0,11,52.375329
0.0,11,52.377233
-1.0,11,52.379195
-1.0,11,52.3811
0.0,11,52.382651
-1.0,11,52.384526
0.0,11,52.386479
0.0,11,52.388388
-1.0,11,52.389894
-1.0,11,52.391798
0.0,11,52.393703
-1.0,11,52.395565
-1.0,11,52.397059
0.0,11,52.399006
-1.0,11,52.40088
0.0,11,52.402787
-1.0,11,52.404285
0.0,11,52.406181
0.0,11,52.408078
-1.0,11,52.409971
0.0,11,52.411454
0.0,11,52.413338
-1.0,11,52.415268
0.0,11,52.417131
-2.0,11,52.418628
0.0,11,52.420544
-1.0,11,52.422449
-1.0,11,52.424322
-3.0,11,52.425798
-1.0,11,52.427697
-1.0,11,52.429553
0.0,11,52.43142
-1.0,11,52.432914
-1.0,11,52.434798
0.0,11,52.436657
-1.0,11,52.438515
-3.0,11,52.439973
-1.0,11,52.441875
0.0,11,52.44376
0.0,11,52.445663
-3.0,11,52.447115
0.0,11,52.448995
-1.0,11,52.450849
-1.0,11,52.452775
-2.0,11,52.454234
0.0,11,52.456123
0.0,11,52.458004
-1.0,11,52.459893
0.0,11,52.46136
0.0,11,52.463281
-3.0,11,52.465149
0.0,11,52.467027
0.0,11,52.468525
0.0,11,52.470428
-1.0,11,52.472312
-1.0,11,52.474165
0.0,11,52.47566
-1.0,11,52.477536
-1.0,11,52.479416
-2.0,11,52.481298
-1.0,11,52.482797
-1.0,11,52.484693
-1.0,11,52.486552
0.0,11,52.48843
0.0,11,52.489914
-1.0,11,52.491823
0.0,11,52.493704
0.0,11,52.495602
0.0,11,52.497104
0.0,11,52.498993
-1.0,11,52.500886
-1.0,11,52.502814
-1.0,11,52.504301
0.0,11,52.506317
-1.0,11,52.508184
-1.0,11,52.51007
0.0,11,52.511716
0.0,11,52.513785
0.0,11,52.515735
-1.0,11,52.517687
0.0,11,52.519191
-2.0,11,52.521098
0.0,11,52.522993
0.0,11,52.525043
0.0,11,52.526582
0.0,11,52.528442
0.0,11,52.530343
-2.0,11,52.532269
-1.0,11,52.533772
0.0,11,52.535672
-1.0,11,52.537524
0.0,11,52.539472
0.0,11,52.541086
0.0,11,52.543036
-1.0,11,52.544925
-1.0,11,52.54682
0.0,11,52.548397
-1.0,11,52.550247
-1.0,11,52.552158
-1.0,11,52.554088
-1.0,11,52.555582
-1.0,11,52.557485
0.0,11,52.559329
-1.0,11,52.561198
0.0,11,52.56272
0.0,11,52.564647
-1.0,11,52.566559
-2.0,11,52.568495
0.0,11,52.569997
0.0,11,52.571889
-1.0,11,52.573837
-1.0,11,52.575796
-1.0,11,52.577304
-1.0,11,52.579201
-1.0,11,52.581092
0.0,11,52.583001
0.0,11,52.584506
-1.0,11,52.586406
-1.0,11,52.588254
-1.0,11,52.590144
0.0,11,52.591647
0.0,11,52.593536
-2.0,11,52.595424
0.0,11,52.597301
-1.0,11,52.59881
-1.0,11,52.600716
-1.0,11,52.602612
0.0,11,52.604505
0.0,11,52.605999
-1.0,11,52.607893
-1.0,11,52.609777
-1.0,11,52.611669
-1.0,11,52.613169
-1.0,11,52.615105
-1.0,11,52.617024
0.0,11,52.618924
0.0,11,52.620405
0.0,11,52.62232
0.0,11,52.62425
0.0,11,52.626165
0.0,11,52.627649
0.0,11,52.629538
-1.0,11,52.631388
-1.0,11,52.633333
0.0,11,52.63484
-1.0,11,52.636701
-1.0,11,52.638572
0.0,11,52.640476
-1.0,11,52.641926
0.0,11,52.643807
-1.0,11,52.645667
0.0,11,52.64755
-2.0,11,52.648998
-1.0,11,52.650933
0.0,11,52.652828
0.0,11,52.654766
0.0,11,52.656285
0.0,11,52.658184
0.0,11,52.660084
-1.0,11,52.661978
-1.0,11,52.663477
-1.0,11,52.665394
0.0,11,52.667284
0.0,11,52.669225
0.0,11,52.670721
-1.0,11,52.672547
0.0,11,52.674449
0.0,11,52.676348
-1.0,11,52.677839
0.0,11,52.679734
0.0,11,52.681664
-1.0,11,52.683568
-1.0,11,52.685083
0.0,11,52.687082
0.0,11,52.688978
-2.0,11,52.690876
-1.0,11,52.692564
-1.0,11,52.694727
-2.0,11,52.696646
0.0,11,52.698624
0.0,11,52.700146
0.0,11,52.702082
-1.0,11,52.704013
-1.0,11,52.705923
0.0,11,52.707461
-1.0,11,52.709402
-1.0,11,52.711303
-1.0,11,52.713131
-2.0,11,52.714694
-1.0,11,52.716658
-1.0,11,52.718575
0.0,11,52.720475
-2.0,11,52.721956
0.0,11,52.723868
0.0,11,52.725762
-1.0,11,52.72768
0.0,11,52.729175
-1.0,11,52.731077
0.0,11,52.733017
0.0,11,52.734932
-1.0,11,52.736419
0.0,11,52.738328
0.0,11,52.740221
-1.0,11,52.742108
-1.0,11,52.743691
0.0,11,52.74563
-1.0,11,52.747509
0.0,11,52.749403
0.0,11,52.750904
-2.0,11,52.752788
-1.0,11,52.754703
0.0,11,52.756634
-1.0,11,52.75815
0.0,11,52.760052
-1.0,11,52.761953
0.0,11,52.763835
0.0,11,52.765349
0.0,11,52.76725
-1.0,11,52.769137
0.0,11,52.771032
0.0,11,52.772537
0.0,11,52.77441
0.0,11,52.776277
0.0,11,52.778186
-1.0,11,52.779754
-1.0,11,52.781671
0.0,11,52.783553
0.0,11,52.785442
-1.0,11,52.786948
0.0,11,52.788819
-1.0,11,52.790723
-1.0,11,52.792627
-1.0,11,52.79413
0.0,11,52.796041
-1.0,11,52.797946
-1.0,11,52.799838
-1.0,11,52.801348
0.0,11,52.803276
0.0,11,52.805188
-2.0,11,52.807068
-1.0,11,52.808543
0.0,11,52.810427
-1.0,11,52.812394
0.0,11,52.814311
0.0,11,52.815798
-1.0,11,52.817706
0.0,11,52.819596
0.0,11,52.821504
-1.0,11,52.82303
0.0,11,52.824923
0.0,11,52.82682
-1.0,11,52.828729
-1.0,11,52.830196
0.0,11,52.832149
-1.0,11,52.834075
-1.0,11,52.835967
-1.0,11,52.837462
0.0,11,52.839348
0.0,11,52.841247
0.0,11,52.843133
0.0,11,52.844632
0.0,11,52.846513
-1.0,11,52.848409
-1.0,11,52.850303
0.0,11,52.851817
0.0,11,52.853752
-1.0,11,52.855644
0.0,11,52.85753
-2.0,11,52.859002
0.0,11,52.860902
-1.0,11,52.862815
-1.0,11,52.864708
-1.0,11,52.866219
0.0,11,52.868257
0.0,11,52.870164
0.0,11,52.87206
0.0,11,52.873728
0.0,11,52.875738
-2.0,11,52.877701
-1.0,11,52.879695
-1.0,11,52.881249
-1.0,11,52.883124
0.0,11,52.885032
0.0,11,52.887026
0.0,11,52.888585
0.0,11,52.890493
0.0,11,52.892412
-1.0,11,52.894334
0.0,11,52.895848
0.0,11,52.897748
0.0,11,52.899696
0.0,11,52.901596
0.0,11,52.903142
-2.0,11,52.905028
-2.0,11,52.906928
-2.0,11,52.908822
-1.0,11,52.910297
-1.0,11,52.912205
-2.0,11,52.914108
0.0,11,52.916026
0.0,11,52.917496
0.0,11,52.919396
0.0,11,52.921284
0.0,11,52.923199
0.0,11,52.924714
-2.0,11,52.926651
0.0,11,52.92856
0.0,11,52.930448
-1.0,11,52.931946
0.0,11,52.933865
-3.0,11,52.935743
0.0,11,52.937594
-1.0,11,52.939078
-2.0,11,52.940963
0.0,11,52.942859
-1.0,11,52.944759
0.0,11,52.946243
0.0,11,52.948145
0.0,11,52.95003
0.0,11,52.951925
-1.0,11,52.953388
-2.0,11,52.955296
-1.0,11,52.957198
-2.0,11,52.959091
0.0,11,52.96059
0.0,11,52.962522
-1.0,11,52.964402
0.0,11,52.966347
-2.0,11,52.967848
-1.0,11,52.969772
0.0,11,52.971671
-1.0,11,52.973573
-1.0,11,52.975033
0.0,11,52.976923
0.0,11,52.978837
-1.0,11,52.980714
0.0,11,52.982254
-1.0,11,52.984152
0.0,11,52.986045
-1.0,11,52.987925
-1.0,11,52.989419
0.0,11,52.991302
-1.0,11,52.993192
-1.0,11,52.995108
0.0,11,52.996599
0.0,11,52.99848
0.0,11,53.000369
0.0,11,53.002251
-1.0,11,53.003757
-1.0,11,53.005654
-2.0,11,53.007524
0.0,11,53.009392
-1.0,11,53.010884
0.0,11,53.012773
-1.0,11,53.014633
-2.0,11,53.016519
-1.0,11,53.018009
-1.0,11,53.019865
-2.0,11,53.021726
-1.0,11,53.023632
0.0,11,53.025127
-2.0,11,53.027042
0.0,11,53.02896
-1.0,11,53.030879
0.0,11,53.032389
0.0,11,53.034308
0.0,11,53.036188
-1.0,11,53.038079
-1.0,11,53.039637
0.0,11,53.041712
0.0,11,53.043667
-1.0,11,53.045571
-2.0,11,53.047067
-1.0,11,53.049135
-2.0,11,53.050989
0.0,11,53.052915
-1.0,11,53.054584
-1.0,11,53.056669
-1.0,11,53.058718
0.0,11,53.060714
0.0,11,53.062219
0.0,11,53.064162
0.0,11,53.066107
0.0,11,53.068007
0.0,11,53.069527
-1.0,11,53.071427
0.0,11,53.073365
-1.0,11,53.075221
-1.0,11,53.076724
-1.0,11,53.0786
0.0,11,53.08046
0.0,11,53.082365
-1.0,11,53.083881
-1.0,11,53.08575
-1.0,11,53.087644
0.0,11,53.089526
0.0,11,53.091057
-2.0,11,53.092971
-2.0,11,53.094864
0.0,11,53.096785
0.0,11,53.098312
-1.0,11,53.10021
-2.0,11,53.102073
0.0,11,53.103976
0.0,11,53.105525
-1.0,11,53.107476
-1.0,11,53.109415
0.0,11,53.111363
-1.0,11,53.112921
-2.0,11,53.114823
0.0,11,53.116746
-1.0,11,53.118634
0.0,11,53.120168
0.0,11,53.12209
-1.0,11,53.124018
0.0,11,53.125903
0.0,11,53.127396
0.0,11,53.129289
0.0,11,53.1312
0.0,11,53.133158
-1.0,11,53.134667
-1.0,11,53.136561
0.0,11,53.138465
-1.0,11,53.140375
0.0,11,53.141878
-1.0,11,53.14377
0.0,11,53.145681
0.0,11,53.147597
-1.0,11,53.149094
0.0,11,53.151006
-1.0,11,53.152905
-1.0,11,53.154791
0.0,11,53.156352
0.0,11,53.15826
0.0,11,53.160193
-1.0,11,53.162102
0.0,11,53.163593
0.0,11,53.165536
0.0,11,53.167455
0.0,11,53.169343
0.0,11,53.170849
0.0,11,53.1727
-1.0,11,53.1746
-1.0,11,53.176491
0.0,11,53.178016
-2.0,11,53.179885
0.0,11,53.181802
0.0,11,53.183713
0.0,11,53.185194
0.0,11,53.187097
0.0,11,53.188996
0.0,11,53.190905
-1.0,11,53.19242
0.0,11,53.194308
-1.0,11,53.196205
0.0,11,53.198089
0.0,11,53.199588
0.0,11,53.201504
0.0,11,53.203401
-1.0,11,53.205349
-1.0,11,53.206904
0.0,11,53.208809
0.0,11,53.210724
0.0,11,53.212658
0.0,11,53.214155
0.0,11,53.216058
0.0,11,53.217948
0.0,11,53.219835
-2.0,11,53.221339
0.0,11,53.223243
0.0,11,53.225134
-2.0,11,53.227009
0.0,11,53.228469
0.0,11,53.230483
-1.0,11,53.232404
-2.0,11,53.234319
0.0,11,53.235988
0.0,11,53.237992
-1.0,11,53.239946
0.0,11,53.241989
0.0,11,53.243533
-1.0,11,53.245338
-1.0,11,53.247224
-1.0,11,53.24912
0.0,11,53.250636
-1.0,11,53.252574
-1.0,11,53.254502
-1.0,11,53.256381
0.0,11,53.257873
0.0,11,53.259789
-1.0,11,53.261677
-1.0,11,53.263574
-1.0,11,53.265089
-1.0,11,53.267017
-2.0,11,53.268888
0.0,11,53.270793
-1.0,11,53.272258
-1.0,11,53.274163
0.0,11,53.276016
-1.0,11,53.277922
-2.0,11,53.279423
-2.0,11,53.281353
-1.0,11,53.283282
-1.0,11,53.285171
-1.0,11,53.286667
-1.0,11,53.288612
0.0,11,53.290524
-1.0,11,53.292416
0.0,11,53.293905
-1.0,11,53.295804
0.0,11,53.297683
-1.0,11,53.299566
0.0,11,53.301068
0.0,11,53.303005
-1.0,11,53.30489
-1.0,11,53.3068
0.0,11,53.308308
-1.0,11,53.310205
0.0,11,53.312105
-2.0,11,53.313992
-1.0,11,53.315491
0.0,11,53.317346
-1.0,11,53.319217
-1.0,11,53.321114
-1.0,11,53.322578
-1.0,11,53.324523
-1.0,11,53.326432
-1.0,11,53.328283
0.0,11,53.329804
-1.0,11,53.331888
0.0,11,53.333845
-1.0,11,53.335739
0.0,11,53.337249
0.0,11,53.339363
-1.0,11,53.341554
0.0,11,53.34367
-1.0,11,53.345574
-1.0,11,53.347609
0.0,11,53.349582
0.0,11,53.351517
0.0,11,53.353056
0.0,11,53.354975
0.0,11,53.356967
-1.0,11,53.358881
-1.0,11,53.360407
-1.0,11,53.362464
0.0,11,53.36473
-2.0,11,53.366967
-1.0,11,53.368662
-1.0,11,53.370871
-1.0,11,53.372921
0.0,11,53.374888
-1.0,11,53.376438
0.0,11,53.378376
-1.0,11,53.380284
0.0,11,53.382221
-2.0,11,53.383731
0.0,11,53.385656
-1.0,11,53.387608
0.0,11,53.389535
-2.0,11,53.391055
-1.0,11,53.392991
-2.0,11,53.394917
-1.0,11,53.396791
-1.0,11,53.398315
-1.0,11,53.400214
-1.0,11,53.402125
-1.0,11,53.404055
0.0,11,53.40559
0.0,11,53.40756
0.0,11,53.409483
-2.0,11,53.411481
0.0,11,53.412972
-1.0,11,53.414998
-1.0,11,53.416899
-2.0,11,53.418768
0.0,11,53.420429
-1.0,11,53.422528
-2.0,11,53.424497
0.0,11,53.42647
0.0,11,53.428018
-1.0,11,53.429907
0.0,11,53.431854
0.0,11,53.433961
-1.0,11,53.435497
-1.0,11,53.437408
-2.0,11,53.439326
0.0,11,53.441314
0.0,11,53.442824
-1.0,11,53.444745
-1.0,11,53.446655
-1.0,11,53.44867
-2.0,11,53.450186
0.0,11,53.452097
-2.0,11,53.454014
0.0,11,53.455934
-1.0,11,53.457469
-2.0,11,53.459375
-1.0,11,53.46129
0.0,11,53.46319
-1.0,11,53.46468
-1.0,11,53.466616
0.0,11,53.468551
-1.0,11,53.470481
-1.0,11,53.471969
0.0,11,53.473886
-1.0,11,53.475802
0.0,11,53.477702
-1.0,11,53.479215
0.0,11,53.481076
-1.0,11,53.483035
-1.0,11,53.484935
0.0,11,53.486536
-1.0,11,53.488437
-1.0,11,53.490358
0.0,11,53.492258
-1.0,11,53.493764
0.0,11,53.495669
-1.0,11,53.4976
-1.0,11,53.499477
-1.0,11,53.50097
-1.0,11,53.502867
-2.0,11,53.504752
0.0,11,53.506666
-1.0,11,53.508201
-1.0,11,53.510124
-1.0,11,53.511987
0.0,11,53.513823
-1.0,11,53.515331
-1.0,11,53.517285
-1.0,11,53.519222
0.0,11,53.521176
-1.0,11,53.522779
0.0,11,53.52482
-1.0,11,53.526832
-1.0,11,53.528912
0.0,11,53.530501
-1.0,11,53.532449
0.0,11,53.534357
-1.0,11,53.536283
0.0,11,53.537796
-1.0,11,53.539775
0.0,11,53.541777
0.0,11,53.543712
-2.0,11,53.545259
-1.0,11,53.547184
-1.0,11,53.549099
-1.0,11,53.551021
-1.0,11,53.552532
-1.0,11,53.554468
0.0,11,53.556399
-1.0,11,53.55832
-2.0,11,53.559755
0.0,11,53.561655
-2.0,11,53.563535
-1.0,11,53.565439
-1.0,11,53.566915
0.0,11,53.568816
-1.0,11,53.570722
-1.0,11,53.572613
-1.0,11,53.574143
-1.0,11,53.576009
-1.0,11,53.577931
-1.0,11,53.579804
-1.0,11,53.581337
-1.0,11,53.583315
0.0,11,53.585246
-2.0,11,53.58717
-1.0,11,53.588701
-1.0,11,53.590665
0.0,11,53.592613
0.0,11,53.594585
0.0,11,53.596099
-1.0,11,53.598165
-1.0,11,53.600107
-2.0,11,53.601965
0.0,11,53.60355
-2.0,11,53.605623
0.0,11,53.607621
0.0,11,53.609588
-2.0,11,53.611131
-1.0,11,53.613074
0.0,11,53.614988
0.0,11,53.616896
0.0,11,53.618491
0.0,11,53.620414
-1.0,11,53.622345
-2.0,11,53.624245
0.0,11,53.625741
-1.0,11,53.627692
0.0,11,53.629592
-1.0,11,53.631491
0.0,11,53.632993
0.0,11,53.634917
-1.0,11,53.636812
-1.0,11,53.638704
0.0,11,53.640193
-1.0,11,53.642051
-1.0,11,53.643984
0.0,11,53.645894
-2.0,11,53.647369
-1.0,11,53.649265
0.0,11,53.651158
0.0,11,53.65305
-1.0,11,53.654506
-1.0,11,53.656418
-1.0,11,53.658344
0.0,11,53.660228
-1.0,11,53.661758
-2.0,11,53.663637
-1.0,11,53.665544
-1.0,11,53.667379
-1.0,11,53.668913
0.0,11,53.67086
-1.0,11,53.672771
-1.0,11,53.67466
-1.0,11,53.676149
-1.0,11,53.678095
-1.0,11,53.679987
0.0,11,53.681894
-1.0,11,53.683406
-1.0,11,53.685305
-1.0,11,53.687209
-2.0,11,53.689075
-1.0,11,53.690534
-1.0,11,53.692442
0.0,11,53.694344
-1.0,11,53.696232
0.0,11,53.697738
0.0,11,53.699676
0.0,11,53.701586
0.0,11,53.703491
0.0,11,53.705002
0.0,11,53.706901
-1.0,11,53.708786
-1.0,11,53.710642
-1.0,11,53.712143
-1.0,11,53.714037
0.0,11,53.715954
0.0,11,53.717839
0.0,11,53.719343
-1.0,11,53.721235
-1.0,11,53.723143
0.0,11,53.725083
-1.0,11,53.726529
-1.0,11,53.728426
-1.0,11,53.730352
0.0,11,53.732236
0.0,11,53.733752
0.0,11,53.735645
0.0,11,53.737537
0.0,11,53.739439
-1.0,11,53.74095
-1.0,11,53.742856
-1.0,11,53.74476
-1.0,11,53.746608
0.0,11,53.748106
0.0,11,53.750007
-1.0,11,53.751892
0.0,11,53.753807
-1.0,11,53.755316
0.0,11,53.757219
0.0,11,53.759111
0.0,11,53.761018
0.0,11,53.762541
-1.0,11,53.764434
0.0,11,53.766327
-1.0,11,53.768221
0.0,11,53.769719
0.0,11,53.771618
0.0,11,53.773504
-1.0,11,53.775453
-1.0,11,53.776943
-1.0,11,53.77896
0.0,11,53.780896
-1.0,11,53.782812
0.0,11,53.784512
-1.0,11,53.786569
0.0,11,53.788517
0.0,11,53.790601
0.0,11,53.792136
0.0,11,53.794066
-1.0,11,53.795978
-2.0,11,53.797893
0.0,11,53.799489
0.0,11,53.801412
0.0,11,53.80331
-1.0,11,53.805209
-1.0,11,53.806738
0.0,11,53.808685
-1.0,11,53.810591
0.0,11,53.812756
0.0,11,53.814257
0.0,11,53.816181
-1.0,11,53.818101
-2.0,11,53.819982
0.0,11,53.821442
0.0,11,53.823308
-1.0,11,53.825244
-1.0,11,53.827141
0.0,11,53.828697
0.0,11,53.830616
0.0,11,53.832482
0.0,11,53.834392
-1.0,11,53.835915
-1.0,11,53.837801
0.0,11,53.839717
0.0,11,53.841659
0.0,11,53.843137
0.0,11,53.845048
-1.0,11,53.84695
-1.0,11,53.848866
-2.0,11,53.850371
0.0,11,53.852316
-1.0,11,53.854219
0.0,11,53.856098
0.0,11,53.857622
-1.0,11,53.859503
0.0,11,53.861401
-1.0,11,53.863297
-1.0,11,53.864759
-1.0,11,53.866667
0.0,11,53.868554
-2.0,11,53.870413
-1.0,11,53.871926
-2.0,11,53.873868
0.0,11,53.875746
-1.0,11,53.877634
-1.0,11,53.879095
-1.0,11,53.88101
0.0,11,53.882929
-1.0,11,53.884831
-1.0,11,53.88636
0.0,11,53.888283
-2.0,11,53.890184
0.0,11,53.892083
-1.0,11,53.893594
-1.0,11,53.895516
-1.0,11,53.897402
-1.0,11,53.89931
-1.0,11,53.900803
0.0,11,53.902691
-2.0,11,53.904555
-1.0,11,53.906467
-1.0,11,53.907982
-1.0,11,53.909892
-1.0,11,53.911795
0.0,11,53.913697
0.0,11,53.915257
-2.0,11,53.917167
0.0,11,53.919023
0.0,11,53.920896
-1.0,11,53.922414
0.0,11,53.92435
-2.0,11,53.926282
0.0,11,53.92821
-1.0,11,53.92973
0.0,11,53.931611
0.0,11,53.933561
0.0,11,53.935535
-1.0,11,53.937038
0.0,11,53.938961
0.0,11,53.940854
-1.0,11,53.942784
0.0,11,53.944301
-1.0,11,53.946206
-1.0,11,53.948112
-1.0,11,53.950038
0.0,11,53.951547
-2.0,11,53.953428
-1.0,11,53.955321
0.0,11,53.957248
-1.0,11,53.958753
0.0,11,53.960717
-1.0,11,53.962627
0.0,11,53.964508
-1.0,11,53.966151
-1.0,11,53.968171
-1.0,11,53.970113
0.0,11,53.972079
0.0,11,53.973739
0.0,11,53.97571
0.0,11,53.977634
0.0,11,53.979558
-1.0,11,53.981041
-1.0,11,53.982979
-1.0,11,53.984849
-1.0,11,53.986715
0.0,11,53.98822
-1.0,11,53.990073
0.0,11,53.99198
0.0,11,53.993879
0.0,11,53.995375
0.0,11,53.997276
-1.0,11,53.99917
-1.0,11,54.001028
0.0,11,54.002529
-1.0,11,54.004467
0.0,11,54.006386
-1.0,11,54.008307
-1.0,11,54.009816
-1.0,11,54.011715
-1.0,11,54.013613
-1.0,11,54.015555
0.0,11,54.017086
-2.0,11,54.019002
-1.0,11,54.02094
-1.0,11,54.022835
0.0,11,54.024328
0.0,11,54.026218
-1.0,11,54.028119
0.0,11,54.030046
-2.0,11,54.031576
0.0,11,54.033478
-1.0,11,54.03543
-1.0,11,54.03732
-1.0,11,54.038876
-2.0,11,54.040979
-1.0,11,54.042999
0.0,11,54.044923
0.0,11,54.046432
-2.0,11,54.048387
-1.0,11,54.050302
0.0,11,54.052235
-1.0,11,54.053717
0.0,11,54.055589
0.0,11,54.057482
-1.0,11,54.059388
-1.0,11,54.060891
-1.0,11,54.062776
-1.0,11,54.064718
-1.0,11,54.066674
-1.0,11,54.0682
-2.0,11,54.070078
0.0,11,54.071971
0.0,11,54.07387
-1.0,11,54.075357
0.0,11,54.077248
0.0,11,54.079174
0.0,11,54.081025
0.0,11,54.082494
-1.0,11,54.0844
0.0,11,54.08631
-1.0,11,54.088163
0.0,11,54.089673
-1.0,11,54.091545
0.0,11,54.093477
-1.0,11,54.09541
-1.0,11,54.096934
0.0,11,54.098857
-1.0,11,54.100746
0.0,11,54.102649
-1.0,11,54.104169
0.0,11,54.106059
-1.0,11,54.107974
0.0,11,54.109834
-2.0,11,54.111295
0.0,11,54.113192
0.0,11,54.115055
-1.0,11,54.116902
-1.0,11,54.1184
-1.0,11,54.120288
0.0,11,54.122169
0.0,11,54.12408
0.0,11,54.125577
-2.0,11,54.127474
0.0,11,54.129364
0.0,11,54.13127
0.0,11,54.132774
-1.0,11,54.134697
-1.0,11,54.136625
-1.0,11,54.138552
-1.0,11,54.140088
-1.0,11,54.142154
-1.0,11,54.144062
0.0,11,54.145947
0.0,11,54.147656
-1.0,11,54.149811
-1.0,11,54.151782
-1.0,11,54.153702
0.0,11,54.155225
0.0,11,54.157212
-1.0,11,54.159163
-1.0,11,54.161043
0.0,11,54.16255
-1.0,11,54.164449
0.0,11,54.166414
0.0,11,54.168322
-1.0,11,54.169827
0.0,11,54.17171
0.0,11,54.173626
0.0,11,54.175512
-1.0,11,54.177053
0.0,11,54.178977
-1.0,11,54.180877
-2.0,11,54.182797
0.0,11,54.18434
-1.0,11,54.186253
0.0,11,54.188165
0.0,11,54.190098
-1.0,11,54.1916
-1.0,11,54.193506
0.0,11,54.19542
-1.0,11,54.197299
-1.0,11,54.198884
-1.0,11,54.200796
-1.0,11,54.202712
-1.0,11,54.204533
0.0,11,54.20601
-1.0,11,54.20795
0.0,11,54.209843
0.0,11,54.211814
-1.0,11,54.213359
-1.0,11,54.215234
0.0,11,54.217127
0.0,11,54.219025
0.0,11,54.220526
0.0,11,54.22242
-1.0,11,54.224343
-1.0,11,54.226224
-1.0,11,54.227734
-2.0,11,54.229622
0.0,11,54.231517
0.0,11,54.233409
0.0,11,54.234891
-1.0,11,54.236808
-1.0,11,54.238701
-2.0,11,54.240626
0.0,11,54.242052
-1.0,11,54.243968
0.0,11,54.245851
-1.0,11,54.247704
0.0,11,54.249246
0.0,11,54.251145
-1.0,11,54.253026
-1.0,11,54.254916
-1.0,11,54.2564
-1.0,11,54.258311
-2.0,11,54.260227
0.0,11,54.262158
-1.0,11,54.263661
0.0,11,54.26556
0.0,11,54.267468
-1.0,11,54.269346
-1.0,11,54.270849
0.0,11,54.272742
-1.0,11,54.274636
-1.0,11,54.276488
0.0,11,54.277979
0.0,11,54.279829
-1.0,11,54.281724
0.0,11,54.2837
-1.0,11,54.285283
0.0,11,54.287301
0.0,11,54.289411
-1.0,11,54.291458
-1.0,11,54.29316
0.0,11,54.29524
-1.0,11,54.297396
0.0,11,54.29947
-1.0,11,54.301121
0.0,11,54.303216
-2.0,11,54.30525
0.0,11,54.307378
-1.0,11,54.309029
-2.0,11,54.3111
-2.0,11,54.313137
0.0,11,54.315251
0.0,11,54.316819
0.0,11,54.318795
-1.0,11,54.320899
-1.0,11,54.323014
0.0,11,54.324661
-1.0,11,54.326759
-1.0,11,54.328686
-1.0,11,54.330567
0.0,11,54.332303
0.0,11,54.33432
0.0,11,54.336324
0.0,11,54.338326
-2.0,11,54.339911
-1.0,11,54.341995
0.0,11,54.343965
0.0,11,54.34589
-1.0,11,54.347394
0.0,11,54.349334
-2.0,11,54.351202
0.0,11,54.353111
-1.0,11,54.354664
-1.0,11,54.356553
-1.0,11,54.35848
-1.0,11,54.360371
0.0,11,54.361863
0.0,11,54.36376
0.0,11,54.365665
-1.0,11,54.367526
-1.0,11,54.369021
0.0,11,54.370913
-1.0,11,54.372807
0.0,11,54.374693
-1.0,11,54.376243
-1.0,11,54.378186
0.0,11,54.380085
-1.0,11,54.381946
0.0,11,54.383456
-1.0,11,54.385386
0.0,11,54.387294
0.0,11,54.389192
-2.0,11,54.39065
0.0,11,54.392546
0.0,11,54.394447
-1.0,11,54.396342
-1.0,11,54.397906
0.0,11,54.399836
0.0,11,54.401715
-1.0,11,54.403592
-1.0,11,54.405092
0.0,11,54.407002
-1.0,11,54.408884
-1.0,11,54.410819
0.0,11,54.412325
-1.0,11,54.414245
-1.0,11,54.416151
-1.0,11,54.4181
0.0,11,54.419627
0.0,11,54.421521
-1.0,11,54.423393
-1.0,11,54.425266
-1.0,11,54.426786
0.0,11,54.428667
-2.0,11,54.430565
0.0,11,54.432476
0.0,11,54.433974
-1.0,11,54.435888
0.0,11,54.437807
-1.0,11,54.439687
-1.0,11,54.441173
-1.0,11,54.443101
0.0,11,54.444996
0.0,11,54.446875
0.0,11,54.448365
-1.0,11,54.450261
-1.0,11,54.452166
0.0,11,54.454059
-1.0,11,54.455555
0.0,11,54.457444
0.0,11,54.4593
-1.0,11,54.461232
0.0,11,54.462718
0.0,11,54.464614
0.0,11,54.466485
-1.0,11,54.468403
0.0,11,54.469894
-1.0,11,54.471789
0.0,11,54.473643
0.0,11,54.475531
0.0,11,54.477007
0.0,11,54.478894
-2.0,11,54.480779
0.0,11,54.482693
-1.0,11,54.48421
-1.0,11,54.4861
-1.0,11,54.487985
-1.0,11,54.489884
0.0,11,54.491383
0.0,11,54.49328
-1.0,11,54.495198
0.0,11,54.497082
0.0,11,54.498573
-1.0,11,54.500473
-1.0,11,54.502343
0.0,11,54.504264
-2.0,11,54.505782
0.0,11,54.507798
-1.0,11,54.509715
-1.0,11,54.511622
0.0,11,54.51337
-1.0,11,54.515424
0.0,11,54.517417
-1.0,11,54.519501
-1.0,11,54.521079
-2.0,11,54.523046
0.0,11,54.52506
-1.0,11,54.526932
-1.0,11,54.528508
-1.0,11,54.530437
-1.0,11,54.532356
0.0,11,54.534297
-2.0,11,54.535842
0.0,11,54.537782
0.0,11,54.539714
0.0,11,54.541636
-1.0,11,54.543175
0.0,11,54.545122
0.0,11,54.547217
0.0,11,54.549131
-2.0,11,54.550564
0.0,11,54.552566
0.0,11,54.554483
-1.0,11,54.556359
-1.0,11,54.557886
0.0,11,54.55979
-1.0,11,54.56174
-1.0,11,54.56365
-1.0,11,54.565189
0.0,11,54.567085
0.0,11,54.569008
0.0,11,54.570916
-1.0,11,54.572422
0.0,11,54.574326
-1.0,11,54.576205
-1.0,11,54.578132
-2.0,11,54.579628
-1.0,11,54.581555
0.0,11,54.583448
-2.0,11,54.58533
0.0,11,54.586825
0.0,11,54.588725
0.0,11,54.590643
-1.0,11,54.592534
-1.0,11,54.594044
-1.0,11,54.595932
-1.0,11,54.597864
0.0,11,54.599757
-2.0,11,54.601273
-1.0,11,54.603193
0.0,11,54.605107
0.0,11,54.60697
-1.0,11,54.608492
-2.0,11,54.610356
0.0,11,54.612264
-1.0,11,54.614163
-1.0,11,54.61566
0.0,11,54.617525
-1.0,11,54.619345
0.0,11,54.621248
0.0,11,54.622778
0.0,11,54.624724
0.0,11,54.626606
-2.0,11,54.62853
0.0,11,54.630033
-1.0,11,54.631922
-2.0,11,54.63383
0.0,11,54.635689
0.0,11,54.637223
-1.0,11,54.639147
-1.0,11,54.641053
0.0,11,54.642965
-1.0,11,54.644497
0.0,11,54.646428
0.0,11,54.648378
-1.0,11,54.650313
0.0,11,54.651808
0.0,11,54.653692
0.0,11,54.655651
-1.0,11,54.657591
-1.0,11,54.659106
-1.0,11,54.661019
0.0,11,54.662894
0.0,11,54.664798
-2.0,11,54.666375
0.0,11,54.668289
-1.0,11,54.670236
0.0,11,54.672141
-1.0,11,54.673614
0.0,11,54.675519
-1.0,11,54.677394
-1.0,11,54.679267
0.0,11,54.68072
0.0,11,54.682607
-1.0,11,54.684495
-1.0,11,54.686398
-1.0,11,54.687886
0.0,11,54.689908
-1.0,11,54.691758
-1.0,11,54.693657
0.0,11,54.695316
-1.0,11,54.697285
-1.0,11,54.699187
0.0,11,54.701092
0.0,11,54.702705
0.0,11,54.704669
-1.0,11,54.706598
-1.0,11,54.70843
-1.0,11,54.709951
-1.0,11,54.71186
0.0,11,54.713793
-1.0,11,54.715669
0.0,11,54.717161
0.0,11,54.719058
-1.0,11,54.720949
-1.0,11,54.722861
0.0,11,54.724371
-1.0,11,54.726307
0.0,11,54.728229
0.0,11,54.730156
0.0,11,54.731656
-1.0,11,54.733561
-1.0,11,54.735453
-1.0,11,54.737363
-1.0,11,54.738836
-2.0,11,54.740794
-1.0,11,54.742701
0.0,11,54.744632
0.0,11,54.746111
0.0,11,54.74804
-2.0,11,54.749933
0.0,11,54.75182
-1.0,11,54.753326
0.0,11,54.755217
-2.0,11,54.757124
-1.0,11,54.759003
0.0,11,54.760531
0.0,11,54.762426
0.0,11,54.764317
-1.0,11,54.766204
0.0,11,54.767715
-2.0,11,54.76957
-1.0,11,54.771521
0.0,11,54.773382
0.0,11,54.774858
0.0,11,54.776763
-2.0,11,54.778661
-2.0,11,54.780561
-2.0,11,54.782026
0.0,11,54.783936
0.0,11,54.785861
-1.0,11,54.787749
0.0,11,54.789234
0.0,11,54.791121
0.0,11,54.793002
-1.0,11,54.794918
-1.0,11,54.796403
0.0,11,54.798282
0.0,11,54.800197
0.0,11,54.80312
-1.0,11,54.806117
-1.0,11,54.808013
0.0,11,54.809899
-1.0,11,54.811807
0.0,11,54.813262
-1.0,11,54.81516
0.0,11,54.817043
-1.0,11,54.818927
-1.0,11,54.820458
0.0,11,54.822348
0.0,11,54.824237
-1.0,11,54.826114
0.0,11,54.827621
0.0,11,54.829525
0.0,11,54.831407
-1.0,11,54.8333
0.0,11,54.834794
0.0,11,54.836707
-2.0,11,54.838597
0.0,11,54.840451
0.0,11,54.841912
-1.0,11,54.84384
0.0,11,54.84575
0.0,11,54.847681
-1.0,11,54.849181
-1.0,11,54.851068
0.0,11,54.852969
-1.0,11,54.854827
-1.0,11,54.856296
-2.0,11,54.858172
0.0,11,54.860056
-1.0,11,54.8619
-1.0,11,54.863374
0.0,11,54.865291
-1.0,11,54.867179
0.0,11,54.869056
-2.0,11,54.870551
-1.0,11,54.872627
0.0,11,54.874532
0.0,11,54.876428
-1.0,11,54.878082
0.0,11,54.88012
-2.0,11,54.88205
0.0,11,54.884005
0.0,11,54.885542
-1.0,11,54.88745
0.0,11,54.889351
-1.0,11,54.891381
0.0,11,54.892897
-1.0,11,54.894815
0.0,11,54.89674
-1.0,11,54.898662
0.0,11,54.900159
0.0,11,54.902079
0.0,11,54.903977
0.0,11,54.905872
-1.0,11,54.907402
0.0,11,54.909351
0.0,11,54.911251
0.0,11,54.913143
-1.0,11,54.914626
0.0,11,54.916535
-1.0,11,54.918467
-2.0,11,54.920358
-1.0,11,54.921851
-1.0,11,54.923792
-2.0,11,54.925661
0.0,11,54.92757
-1.0,11,54.929066
-1.0,11,54.930999
0.0,11,54.9329
-1.0,11,54.934745
-1.0,11,54.936283
-1.0,11,54.93814
0.0,11,54.940038
-1.0,11,54.941901
0.0,11,54.943423
0.0,11,54.945336
-1.0,11,54.947232
-1.0,11,54.94919
-1.0,11,54.950688
-2.0,11,54.952555
0.0,11,54.954423
0.0,11,54.956311
0.0,11,54.957822
-1.0,11,54.959719
-2.0,11,54.961581
-1.0,11,54.963483
-1.0,11,54.965039
0.0,11,54.966935
-1.0,11,54.96886
0.0,11,54.970747
-1.0,11,54.972249
-1.0,11,54.974107
0.0,11,54.976031
-1.0,11,54.977945
-1.0,11,54.979436
-1.0,11,54.981357
0.0,11,54.983285
-1.0,11,54.985186
-1.0,11,54.986692
-2.0,11,54.988546
-2.0,11,54.99047
-1.0,11,54.992364
-1.0,11,54.993879
-1.0,11,54.99575
0.0,11,54.997654
-1.0,11,54.999558
0.0,11,55.001048
0.0,11,55.002994
-1.0,11,55.004865
-1.0,11,55.006787
-1.0,11,55.008292
0.0,11,55.010198
0.0,11,55.012096
-1.0,11,55.014007
-2.0,11,55.015513
0.0,11,55.017405
-1.0,11,55.019357
0.0,11,55.021266
-2.0,11,55.022778
0.0,11,55.02462
-1.0,11,55.026521
-1.0,11,55.028439
0.0,11,55.029938
-1.0,11,55.031838
0.0,11,55.033698
0.0,11,55.035589
0.0,11,55.037111
0.0,11,55.039066
-1.0,11,55.04113
-1.0,11,55.043047
-1.0,11,55.044509
0.0,11,55.046428
-1.0,11,55.048382
-1.0,11,55.050309
-1.0,11,55.051823
-1.0,11,55.053793
-1.0,11,55.055717
0.0,11,55.057648
-1.0,11,55.059226
0.0,11,55.061182
-1.0,11,55.063099
0.0,11,55.065036
-1.0,11,55.066722
0.0,11,55.068637
0.0,11,55.070555
-1.0,11,55.0725
-1.0,11,55.074095
0.0,11,55.076051
-2.0,11,55.077993
0.0,11,55.07992
-2.0,11,55.081445
-1.0,11,55.083341
-1.0,11,55.085222
0.0,11,55.087144
-1.0,11,55.088644
-1.0,11,55.090561
0.0,11,55.092458
-1.0,11,55.094382
-1.0,11,55.095886
-1.0,11,55.097771
0.0,11,55.099678
0.0,11,55.101564
-1.0,11,55.103045
0.0,11,55.104948
0.0,11,55.106867
0.0,11,55.108783
-1.0,11,55.110301
-1.0,11,55.112216
0.0,11,55.114096
-1.0,11,55.116001
0.0,11,55.117499
0.0,11,55.119445
-1.0,11,55.121298
-1.0,11,55.12318
-1.0,11,55.124696
-3.0,11,55.126565
0.0,11,55.128457
0.0,11,55.130347
0.0,11,55.131903
0.0,11,55.133815
-1.0,11,55.13574
-1.0,11,55.137645
0.0,11,55.139132
-1.0,11,55.141031
0.0,11,55.142944
-1.0,11,55.144866
0.0,11,55.146366
0.0,11,55.148279
-1.0,11,55.150152
-1.0,11,55.152061
0.0,11,55.153559
0.0,11,55.155485
-1.0,11,55.1574
0.0,11,55.159294
0.0,11,55.160831
0.0,11,55.162732
0.0,11,55.164619
-1.0,11,55.166505
0.0,11,55.168013
-1.0,11,55.169926
0.0,11,55.171834
-1.0,11,55.173747
-1.0,11,55.175272
-1.0,11,55.177187
0.0,11,55.179088
-1.0,11,55.180982
0.0,11,55.182448
-1.0,11,55.184379
-2.0,11,55.186264
-1.0,11,55.188148
0.0,11,55.189642
-1.0,11,55.191544
-1.0,11,55.193503
-1.0,11,55.195398
0.0,11,55.196878
0.0,11,55.198786
-1.0,11,55.200662
0.0,11,55.202626
-1.0,11,55.204121
-1.0,11,55.205997
-1.0,11,55.207865
0.0,11,55.209775
0.0,11,55.211236
0.0,11,55.213086
0.0,11,55.214975
0.0,11,55.216872
0.0,11,55.218356
-1.0,11,55.220246
-1.0,11,55.22213
0.0,11,55.224019
0.0,11,55.225506
0.0,11,55.227424
-1.0,11,55.229321
-1.0,11,55.231212
0.0,11,55.232727
-1.0,11,55.23472
0.0,11,55.236646
0.0,11,55.238551
-1.0,11,55.240256
-1.0,11,55.242288
-1.0,11,55.244222
-1.0,11,55.246346
-1.0,11,55.247903
-2.0,11,55.249804
0.0,11,55.251707
-1.0,11,55.253643
-1.0,11,55.255137
0.0,11,55.257052
0.0,11,55.258953
0.0,11,55.260872
-1.0,11,55.262381
0.0,11,55.264308
0.0,11,55.266229
0.0,11,55.268148
-1.0,11,55.269668
0.0,11,55.271561
-1.0,11,55.273443
-1.0,11,55.275293
0.0,11,55.276852
-1.0,11,55.278758
-1.0,11,55.280644
0.0,11,55.282589
0.0,11,55.284082
0.0,11,55.286014
-2.0,11,55.287926
-1.0,11,55.289865
0.0,11,55.291376
0.0,11,55.293277
0.0,11,55.295201
-1.0,11,55.297092
-1.0,11,55.29858
-1.0,11,55.300405
-1.0,11,55.302308
-1.0,11,55.304186
-2.0,11,55.305632
0.0,11,55.307551
-1.0,11,55.309438
-1.0,11,55.311356
0.0,11,55.31286
-1.0,11,55.314739
-2.0,11,55.316626
0.0,11,55.318543
0.0,11,55.320085
-1.0,11,55.321979
0.0,11,55.323893
0.0,11,55.325806
-1.0,11,55.327315
0.0,11,55.329216
-1.0,11,55.331136
0.0,11,55.333015
0.0,11,55.334508
-1.0,11,55.336428
0.0,11,55.338303
-1.0,11,55.340195
-1.0,11,55.341703
-1.0,11,55.343626
-1.0,11,55.345543
-1.0,11,55.34743
0.0,11,55.348915
0.0,11,55.350806
0.0,11,55.352724
0.0,11,55.354611
-2.0,11,55.356113
-1.0,11,55.35799
0.0,11,55.359886
0.0,11,55.361796
-1.0,11,55.363286
0.0,11,55.365186
0.0,11,55.367068
-1.0,11,55.36896
0.0,11,55.370492
-1.0,11,55.372387
0.0,11,55.374322
0.0,11,55.376212
-1.0,11,55.377727
0.0,11,55.379626
-1.0,11,55.381528
-1.0,11,55.383431
-2.0,11,55.38494
-1.0,11,55.386881
-1.0,11,55.388731
0.0,11,55.390622
-1.0,11,55.392138
-1.0,11,55.394058
0.0,11,55.395957
-1.0,11,55.397851
-2.0,11,55.399343
-1.0,11,55.40122
0.0,11,55.403108
0.0,11,55.405007
0.0,11,55.406496
0.0,11,55.408389
-1.0,11,55.410274
-1.0,11,55.412165
0.0,11,55.413671
0.0,11,55.415675
0.0,11,55.417632
0.0,11,55.419518
-1.0,11,55.421174
-1.0,11,55.423202
-1.0,11,55.425136
-2.0,11,55.427022
-1.0,11,55.428704
-1.0,11,55.4306
-1.0,11,55.432516
0.0,11,55.434414
0.0,11,55.435933
0.0,11,55.437863
0.0,11,55.439743
0.0,11,55.441594
-1.0,11,55.443076
-1.0,11,55.444989
-1.0,11,55.446859
0.0,11,55.448761
0.0,11,55.450284
-2.0,11,55.452208
-2.0,11,55.45429
0.0,11,55.456241
-1.0,11,55.457695
-1.0,11,55.459628
-2.0,11,55.461785
-1.0,11,55.46386
-1.0,11,55.465725
-1.0,11,55.467928
0.0,11,55.470225
-1.0,11,55.472341
-1.0,11,55.473908
0.0,11,55.475843
-1.0,11,55.477773
0.0,11,55.479757
-1.0,11,55.481408
0.0,11,55.483393
0.0,11,55.485211
-1.0,11,55.4872
0.0,11,55.488728
0.0,11,55.490651
0.0,11,55.492548
0.0,11,55.494469
0.0,11,55.49594
0.0,11,55.497891
-1.0,11,55.499796
-1.0,11,55.501718
-2.0,11,55.503245
0.0,11,55.505204
0.0,11,55.507139
-2.0,11,55.508944
0.0,11,55.510451
-1.0,11,55.512349
-1.0,11,55.514261
0.0,11,55.516177
0.0,11,55.517678
-1.0,11,55.519566
-1.0,11,55.5215
-1.0,11,55.523415
-1.0,11,55.524931
0.0,11,55.526783
0.0,11,55.528687
-1.0,11,55.530591
0.0,11,55.532074
-1.0,11,55.534016
0.0,11,55.535941
-2.0,11,55.537856
0.0,11,55.539388
0.0,11,55.541502
-2.0,11,55.54347
0.0,11,55.545435
0.0,11,55.546967
-1.0,11,55.548927
0.0,11,55.550847
0.0,11,55.552768
-1.0,11,55.554275
-2.0,11,55.556163
0.0,11,55.558083
-1.0,11,55.559978
-1.0,11,55.561468
0.0,11,55.563334
0.0,11,55.565226
-1.0,11,55.567111
0.0,11,55.568614
-1.0,11,55.570495
-1.0,11,55.572528
-1.0,11,55.574411
-1.0,11,55.575878
-1.0,11,55.577798
0.0,11,55.579686
0.0,11,55.581586
-1.0,11,55.583114
0.0,11,55.585001
-1.0,11,55.586931
-2.0,11,55.588837
0.0,11,55.590417
-1.0,11,55.592583
-1.0,11,55.5947
-1.0,11,55.596867
0.0,11,55.59864
0.0,11,55.6011
0.0,11,55.603318
0.0,11,55.605618
0.0,11,55.607449
0.0,11,55.609572
0.0,11,55.61169
0.0,11,55.61379
-1.0,11,55.6154
-2.0,11,55.617345
-1.0,11,55.619326
-2.0,11,55.621308
0.0,11,55.622883
0.0,11,55.62484
0.0,11,55.626779
-1.0,11,55.628758
0.0,11,55.630357
0.0,11,55.632358
-2.0,11,55.634266
-1.0,11,55.63615
-1.0,11,55.637666
-1.0,11,55.639597
0.0,11,55.641522
-1.0,11,55.643377
0.0,11,55.64489
0.0,11,55.646819
-1.0,11,55.648709
-1.0,11,55.650613
-1.0,11,55.652111
-1.0,11,55.654027
-1.0,11,55.656063
-1.0,11,55.658015
0.0,11,55.65953
-1.0,11,55.661456
-1.0,11,55.663374
0.0,11,55.665314
0.0,11,55.666806
0.0,11,55.668682
0.0,11,55.670619
0.0,11,55.67257
0.0,11,55.674134
0.0,11,55.676039
0.0,11,55.677926
-2.0,11,55.679798
-1.0,11,55.681279
-1.0,11,55.68321
-1.0,11,55.685107
-1.0,11,55.68705
-1.0,11,55.688512
0.0,11,55.690389
-1.0,11,55.692299
0.0,11,55.694216
-1.0,11,55.695693
-2.0,11,55.697596
0.0,11,55.699483
-1.0,11,55.701398
-1.0,11,55.702942
-1.0,11,55.704859
0.0,11,55.706769
0.0,11,55.708698
0.0,11,55.7102
-1.0,11,55.712132
-1.0,11,55.714031
-1.0,11,55.715934
0.0,11,55.717453
-1.0,11,55.719363
-2.0,11,55.721261
-1.0,11,55.723129
0.0,11,55.724625
-1.0,11,55.726529
0.0,11,55.728462
-1.0,11,55.73036
0.0,11,55.731847
0.0,11,55.733737
-1.0,11,55.735636
-1.0,11,55.737527
0.0,11,55.739013
-1.0,11,55.740893
-2.0,11,55.742765
0.0,11,55.744658
0.0,11,55.746153
-1.0,11,55.748037
0.0,11,55.749924
-1.0,11,55.751832
-1.0,11,55.75334
0.0,11,55.755225
-1.0,11,55.757124
0.0,11,55.75902
-1.0,11,55.760516
0.0,11,55.762434
0.0,11,55.764343
0.0,11,55.766242
0.0,11,55.767749
0.0,11,55.769676
-1.0,11,55.771572
0.0,11,55.773459
0.0,11,55.774957
-1.0,11,55.776855
-1.0,11,55.778804
0.0,11,55.780754
0.0,11,55.782288
-1.0,11,55.784268
0.0,11,55.786158
0.0,11,55.788087
-1.0,11,55.789932
0.0,11,55.791969
0.0,11,55.793869
0.0,11,55.795826
0.0,11,55.797374
0.0,11,55.799314
-2.0,11,55.801209
-1.0,11,55.803244
-1.0,11,55.804773
0.0,11,55.806668
-1.0,11,55.808608
-1.0,11,55.810509
0.0,11,55.812043
0.0,11,55.813954
0.0,11,55.815841
-1.0,11,55.817734
0.0,11,55.819259
-1.0,11,55.821162
0.0,11,55.823123
-1.0,11,55.824982
-1.0,11,55.826498
-1.0,11,55.828384
-1.0,11,55.830301
-1.0,11,55.832188
0.0,11,55.833685
-1.0,11,55.835547
0.0,11,55.837511
0.0,11,55.839398
-2.0,11,55.840923
-1.0,11,55.842829
-1.0,11,55.844743
0.0,11,55.846634
-1.0,11,55.848119
0.0,11,55.850021
-2.0,11,55.851901
0.0,11,55.853823
-2.0,11,55.855336
-2.0,11,55.857283
0.0,11,55.859168
-2.0,11,55.861067
0.0,11,55.862565
0.0,11,55.864454
-1.0,11,55.866372
-1.0,11,55.868298
0.0,11,55.86985
0.0,11,55.871777
-1.0,11,55.873653
-1.0,11,55.875548
-1.0,11,55.877013
-1.0,11,55.878932
0.0,11,55.880793
-1.0,11,55.882737
0.0,11,55.884227
0.0,11,55.886131
-2.0,11,55.888044
-1.0,11,55.889916
0.0,11,55.891425
0.0,11,55.893337
0.0,11,55.89523
-1.0,11,55.897116
-1.0,11,55.898618
0.0,11,55.900516
0.0,11,55.902416
0.0,11,55.904328
-1.0,11,55.905827
-1.0,11,55.907689
-1.0,11,55.909594
-1.0,11,55.91155
0.0,11,55.913074
-1.0,11,55.914978
-1.0,11,55.916841
-2.0,11,55.918724
0.0,11,55.920235
-1.0,11,55.92209
0.0,11,55.924036
0.0,11,55.925929
0.0,11,55.927434
0.0,11,55.929323
-1.0,11,55.931209
0.0,11,55.933101
-1.0,11,55.934598
-1.0,11,55.936505
0.0,11,55.938404
0.0,11,55.940335
0.0,11,55.94182
-1.0,11,55.943725
-2.0,11,55.945657
-1.0,11,55.947517
-1.0,11,55.949034
-1.0,11,55.950935
0.0,11,55.952861
-1.0,11,55.954741
-1.0,11,55.956223
-1.0,11,55.958111
0.0,11,55.95998
0.0,11,55.961842
-1.0,11,55.96335
0.0,11,55.965402
0.0,11,55.967285
0.0,11,55.969258
0.0,11,55.970867
0.0,11,55.972776
-1.0,11,55.974684
-1.0,11,55.976606
0.0,11,55.978097
0.0,11,55.980008
0.0,11,55.98192
-2.0,11,55.9839
0.0,11,55.985461
-1.0,11,55.987355
-1.0,11,55.989282
0.0,11,55.991278
-1.0,11,55.992796
0.0,11,55.994732
-1.0,11,55.996661
-1.0,11,55.998587
0.0,11,56.000099
0.0,11,56.00201
-1.0,11,56.003907
-1.0,11,56.005811
-1.0,11,56.007329
0.0,11,56.009248
-1.0,11,56.011149
-2.0,11,56.012976
-1.0,11,56.014461
0.0,11,56.016389
0.0,11,56.018305
0.0,11,56.020195
-1.0,11,56.021742
0.0,11,56.023652
-2.0,11,56.025529
-1.0,11,56.02741
0.0,11,56.028931
0.0,11,56.030794
0.0,11,56.032692
-2.0,11,56.034611
0.0,11,56.036105
0.0,11,56.038011
-1.0,11,56.041663
-1.0,11,56.049293
-1.0,11,56.054464
-1.0,11,56.060698
0.0,11,56.063221
0.0,11,56.068015
0.0,11,56.07122
0.0,11,56.073426
0.0,11,56.075488
-1.0,11,56.077516
-1.0,11,56.079062
-1.0,11,56.081057
0.0,11,56.082969
0.0,11,56.084875
-1.0,11,56.086425
-1.0,11,56.088367
-1.0,11,56.090308
0.0,11,56.092199
0.0,11,56.093701
0.0,11,56.095646
-2.0,11,56.097537
-1.0,11,56.099479
0.0,11,56.101001
0.0,11,56.102957
0.0,11,56.104866
-2.0,11,56.106802
-1.0,11,56.108307
0.0,11,56.110208
-1.0,11,56.11213
-1.0,11,56.114039
0.0,11,56.115551
-1.0,11,56.117428
-1.0,11,56.119374
-1.0,11,56.121333
0.0,11,56.122868
-1.0,11,56.124802
0.0,11,56.126708
0.0,11,56.128664
-2.0,11,56.130134
0.0,11,56.132021
0.0,11,56.133915
0.0,11,56.13585
-1.0,11,56.137341
0.0,11,56.139237
-2.0,11,56.141128
-2.0,11,56.143029
-1.0,11,56.144553
0.0,11,56.14646
0.0,11,56.148343
0.0,11,56.150231
-1.0,11,56.151737
-1.0,11,56.153619
-1.0,11,56.155588
-1.0,11,56.157487
0.0,11,56.158989
-1.0,11,56.160909
0.0,11,56.162834
0.0,11,56.164726
0.0,11,56.166207
-1.0,11,56.168232
-1.0,11,56.170204
0.0,11,56.172089
-2.0,11,56.173665
-1.0,11,56.175606
-1.0,11,56.177565
0.0,11,56.179661
-2.0,11,56.18123
-1.0,11,56.183147
0.0,11,56.185057
-1.0,11,56.187061
0.0,11,56.188606
0.0,11,56.190524
-1.0,11,56.192426
0.0,11,56.194285
-1.0,11,56.195796
-1.0,11,56.197697
0.0,11,56.19959
0.0,11,56.201507
0.0,11,56.203036
-1.0,11,56.204946
0.0,11,56.206852
-1.0,11,56.208745
0.0,11,56.210238
-2.0,11,56.212141
-1.0,11,56.214051
-1.0,11,56.215933
0.0,11,56.217418
-1.0,11,56.219329
0.0,11,56.22126
0.0,11,56.223158
-1.0,11,56.224626
0.0,11,56.226603
0.0,11,56.228459
-1.0,11,56.230332
0.0,11,56.231826
-1.0,11,56.233699
-1.0,11,56.235592
-1.0,11,56.237432
0.0,11,56.238977
0.0,11,56.240887
0.0,11,56.242805
-1.0,11,56.244718
0.0,11,56.246216
0.0,11,56.248202
-1.0,11,56.250106
0.0,11,56.25196
0.0,11,56.253442
-1.0,11,56.255292
-1.0,11,56.257214
0.0,11,56.259081
0.0,11,56.260548
0.0,11,56.262457
-2.0,11,56.264366
0.0,11,56.266265
-1.0,11,56.267731
-1.0,11,56.269616
-1.0,11,56.271492
-1.0,11,56.273415
0.0,11,56.27494
-1.0,11,56.276854
-2.0,11,56.278678
-1.0,11,56.280561
0.0,11,56.282125
-1.0,11,56.284075
-1.0,11,56.285958
0.0,11,56.287881
0.0,11,56.289371
0.0,11,56.291257
0.0,11,56.293106
0.0,11,56.294982
-1.0,11,56.296436
-1.0,11,56.298409
0.0,11,56.300326
-1.0,11,56.302229
-1.0,11,56.3037
-1.0,11,56.305628
-1.0,11,56.307463
0.0,11,56.309346
-1.0,11,56.310827
0.0,11,56.312731
0.0,11,56.314614
-1.0,11,56.316505
-1.0,11,56.317991
0.0,11,56.319909
0.0,11,56.321827
0.0,11,56.32372
-1.0,11,56.325177
-1.0,11,56.327068
0.0,11,56.328943
0.0,11,56.330825
-1.0,11,56.332323
-1.0,11,56.334238
0.0,11,56.33615
-1.0,11,56.338022
0.0,11,56.339501
-1.0,11,56.341388
-1.0,11,56.34319
-1.0,11,56.345095
0.0,11,56.346586
0.0,11,56.348602
-1.0,11,56.350496
0.0,11,56.352383
-1.0,11,56.354066
0.0,11,56.356106
0.0,11,56.358044
-2.0,11,56.360003
-1.0,11,56.361555
-1.0,11,56.363448
-1.0,11,56.365438
0.0,11,56.367416
-1.0,11,56.368948
0.0,11,56.370863
-1.0,11,56.372765
0.0,11,56.374686
-1.0,11,56.376183
-1.0,11,56.378105
-1.0,11,56.380019
-1.0,11,56.381988
-1.0,11,56.383506
-1.0,11,56.385427
0.0,11,56.387346
-1.0,11,56.38927
0.0,11,56.390792
0.0,11,56.392678
-1.0,11,56.394559
-1.0,11,56.396474
0.0,11,56.397985
0.0,11,56.399879
0.0,11,56.401784
0.0,11,56.403676
-2.0,11,56.405164
-1.0,11,56.407126
0.0,11,56.409034
0.0,11,56.410914
0.0,11,56.412403
0.0,11,56.414321
-1.0,11,56.416222
-1.0,11,56.41812
-2.0,11,56.419667
0.0,11,56.421597
-1.0,11,56.423536
0.0,11,56.425424
-2.0,11,56.426876
0.0,11,56.428784
-1.0,11,56.430738
-1.0,11,56.432704
-1.0,11,56.434194
0.0,11,56.436158
0.0,11,56.438029
0.0,11,56.439909
0.0,11,56.44141
0.0,11,56.443332
0.0,11,56.445242
-1.0,11,56.447141
0.0,11,56.448655
-1.0,11,56.45056
-2.0,11,56.45248
0.0,11,56.454384
0.0,11,56.455892
0.0,11,56.457766
-1.0,11,56.459655
0.0,11,56.461463
0.0,11,56.462956
0.0,11,56.464877
0.0,11,56.466799
0.0,11,56.468706
-1.0,11,56.470206
0.0,11,56.472111
-1.0,11,56.474013
0.0,11,56.475901
-1.0,11,56.477395
-1.0,11,56.479299
0.0,11,56.481192
0.0,11,56.483081
-1.0,11,56.484604
-1.0,11,56.486514
-1.0,11,56.488375
0.0,11,56.490239
0.0,11,56.491696
0.0,11,56.4936
0.0,11,56.495469
-1.0,11,56.497303
-1.0,11,56.498801
0.0,11,56.500695
0.0,11,56.502596
0.0,11,56.50447
-1.0,11,56.505988
-1.0,11,56.507892
-1.0,11,56.509749
-1.0,11,56.511622
-1.0,11,56.513121
0.0,11,56.515006
0.0,11,56.516878
0.0,11,56.518769
-2.0,11,56.520261
-1.0,11,56.522144
0.0,11,56.524044
0.0,11,56.525914
-1.0,11,56.527422
-2.0,11,56.529469
-1.0,11,56.531367
0.0,11,56.533259
-1.0,11,56.534965
0.0,11,56.53697
-1.0,11,56.538874
0.0,11,56.540887
-1.0,11,56.542575
-1.0,11,56.544543
-1.0,11,56.54645
0.0,11,56.548378
0.0,11,56.549894
0.0,11,56.551813
-1.0,11,56.553677
-1.0,11,56.555582
-1.0,11,56.557096
-1.0,11,56.559024
-1.0,11,56.560924
-1.0,11,56.562803
0.0,11,56.564326
-1.0,11,56.566252
0.0,11,56.568147
-1.0,11,56.570033
0.0,11,56.571536
-1.0,11,56.573438
0.0,11,56.575329
0.0,11,56.577228
-1.0,11,56.578729
0.0,11,56.580623
0.0,11,56.582536
0.0,11,56.584421
0.0,11,56.585953
-1.0,11,56.587823
0.0,11,56.589724
0.0,11,56.591664
-1.0,11,56.59315
0.0,11,56.595038
-2.0,11,56.596933
0.0,11,56.598829
0.0,11,56.600316
0.0,11,56.602244
-1.0,11,56.604134
0.0,11,56.606051
-1.0,11,56.607546
0.0,11,56.609459
-1.0,11,56.611356
0.0,11,56.613219
0.0,11,56.61471
-1.0,11,56.61662
-1.0,11,56.618463
0.0,11,56.620351
-1.0,11,56.621876
-1.0,11,56.623736
-1.0,11,56.625638
0.0,11,56.627538
-1.0,11,56.629029
-2.0,11,56.630938
-1.0,11,56.632852
-1.0,11,56.634732
-1.0,11,56.636211
-1.0,11,56.638066
0.0,11,56.639983
0.0,11,56.641869
-1.0,11,56.643358
-1.0,11,56.645238
-1.0,11,56.647083
0.0,11,56.648959
-2.0,11,56.650427
-1.0,11,56.652318
0.0,11,56.654208
-1.0,11,56.656119
-1.0,11,56.657616
-1.0,11,56.659522
-1.0,11,56.661422
-1.0,11,56.663317
0.0,11,56.66486
0.0,11,56.666762
0.0,11,56.668648
-1.0,11,56.670525
-2.0,11,56.672014
-1.0,11,56.673924
0.0,11,56.675811
0.0,11,56.677733
-1.0,11,56.679253
-1.0,11,56.681127
-1.0,11,56.683031
0.0,11,56.684869
-1.0,11,56.686335
0.0,11,56.688261
0.0,11,56.69019
0.0,11,56.692086
-1.0,11,56.693589
0.0,11,56.695498
0.0,11,56.697386
-1.0,11,56.699293
0.0,11,56.700788
0.0,11,56.702707
-1.0,11,56.704602
-3.0,11,56.706463
0.0,11,56.707992
0.0,11,56.710059
-1.0,11,56.71198
-1.0,11,56.713858
-1.0,11,56.715493
-2.0,11,56.71747
0.0,11,56.719391
-1.0,11,56.721331
-1.0,11,56.722851
-1.0,11,56.724859
0.0,11,56.726769
0.0,11,56.728663
0.0,11,56.730167
-1.0,11,56.732156
-1.0,11,56.734077
-2.0,11,56.735946
-1.0,11,56.737467
0.0,11,56.739346
-1.0,11,56.741288
0.0,11,56.743234
0.0,11,56.744752
-1.0,11,56.746662
-2.0,11,56.748574
-1.0,11,56.750503
-1.0,11,56.751992
-1.0,11,56.753921
0.0,11,56.755801
-1.0,11,56.75769
-1.0,11,56.759168
0.0,11,56.761059
0.0,11,56.762954
-1.0,11,56.764813
0.0,11,56.766393
0.0,11,56.768309
0.0,11,56.77021
-2.0,11,56.772097
0.0,11,56.773605
0.0,11,56.775468
-1.0,11,56.777373
-2.0,11,56.779275
-1.0,11,56.780756
-1.0,11,56.782625
0.0,11,56.784564
0.0,11,56.786446
-1.0,11,56.788003
-1.0,11,56.789916
0.0,11,56.7918
-1.0,11,56.793717
0.0,11,56.795222
0.0,11,56.797085
0.0,11,56.79898
0.0,11,56.800875
-1.0,11,56.802374
-1.0,11,56.804274
-1.0,11,56.806156
-2.0,11,56.808044
0.0,11,56.809543
0.0,11,56.811416
-1.0,11,56.813292
0.0,11,56.815149
0.0,11,56.8166
-1.0,11,56.818514
-2.0,11,56.820404
-1.0,11,56.822287
0.0,11,56.823807
0.0,11,56.825761
-1.0,11,56.827677
0.0,11,56.829584
-2.0,11,56.830977
-1.0,11,56.832867
0.0,11,56.834784
0.0,11,56.836667
-1.0,11,56.838123
0.0,11,56.840011
0.0,11,56.841901
-1.0,11,56.843805
-1.0,11,56.845288
0.0,11,56.847182
0.0,11,56.84905
-1.0,11,56.850935
-1.0,11,56.852468
-2.0,11,56.854355
0.0,11,56.856264
0.0,11,56.85816
0.0,11,56.859638
0.0,11,56.861527
0.0,11,56.863424
0.0,11,56.865303
0.0,11,56.866803
-1.0,11,56.868756
-1.0,11,56.870644
0.0,11,56.87256
0.0,11,56.874071
-1.0,11,56.875996
-1.0,11,56.877884
-1.0,11,56.87979
-1.0,11,56.881306
0.0,11,56.883207
-2.0,11,56.885123
-1.0,11,56.887027
-1.0,11,56.888472
0.0,11,56.890497
0.0,11,56.892408
-2.0,11,56.894296
-1.0,11,56.895942
0.0,11,56.897979
0.0,11,56.899912
-2.0,11,56.901786
0.0,11,56.903408
-1.0,11,56.905347
-1.0,11,56.907267
0.0,11,56.909184
0.0,11,56.910693
-1.0,11,56.912633
0.0,11,56.914547
-1.0,11,56.916439
0.0,11,56.917932
0.0,11,56.91981
-1.0,11,56.921689
0.0,11,56.923587
-1.0,11,56.925091
0.0,11,56.926962
0.0,11,56.928889
-2.0,11,56.930781
-2.0,11,56.932283
-1.0,11,56.934197
-1.0,11,56.936093
0.0,11,56.937975
0.0,11,56.939477
0.0,11,56.941391
-1.0,11,56.943294
0.0,11,56.945223
-1.0,11,56.946709
-1.0,11,56.948597
0.0,11,56.950486
0.0,11,56.952375
-1.0,11,56.9539
0.0,11,56.955809
0.0,11,56.95771
-2.0,11,56.959626
0.0,11,56.9611
0.0,11,56.963001
0.0,11,56.964962
-1.0,11,56.966865
-1.0,11,56.968367
-1.0,11,56.970274
-1.0,11,56.972161
0.0,11,56.974049
0.0,11,56.975539
0.0,11,56.977447
-1.0,11,56.979355
0.0,11,56.981228
-1.0,11,56.982725
0.0,11,56.984636
-1.0,11,56.986521
0.0,11,56.988446
0.0,11,56.989954
-1.0,11,56.991883
-1.0,11,56.993783
-1.0,11,56.995692
-2.0,11,56.997168
0.0,11,56.999056
0.0,11,57.00095
-1.0,11,57.002861
-1.0,11,57.004384
-1.0,11,57.006294
0.0,11,57.008192
-1.0,11,57.010075
-1.0,11,57.011604
-1.0,11,57.013459
0.0,11,57.01538
-1.0,11,57.017231
0.0,11,57.018723
-1.0,11,57.020625
-1.0,11,57.022523
0.0,11,57.024377
-1.0,11,57.02584
-1.0,11,57.027748
-1.0,11,57.029646
0.0,11,57.031519
-2.0,11,57.033019
0.0,11,57.034904
-1.0,11,57.036796
0.0,11,57.038681
-1.0,11,57.040264
0.0,11,57.042456
-1.0,11,57.04438
0.0,11,57.04629
-1.0,11,57.047821
-1.0,11,57.049707
-2.0,11,57.051605
0.0,11,57.053508
0.0,11,57.05501
0.0,11,57.056914
0.0,11,57.058799
0.0,11,57.060709
-1.0,11,57.062234
-1.0,11,57.064154
-1.0,11,57.066042
0.0,11,57.067929
0.0,11,57.06944
0.0,11,57.071433
-2.0,11,57.073369
0.0,11,57.07526
0.0,11,57.076901
-1.0,11,57.078983
0.0,11,57.080945
-1.0,11,57.082917
0.0,11,57.084431
-1.0,11,57.086348
-2.0,11,57.088272
0.0,11,57.090124
0.0,11,57.09162
-1.0,11,57.093507
0.0,11,57.095449
-1.0,11,57.097382
0.0,11,57.098872
0.0,11,57.100814
0.0,11,57.102706
0.0,11,57.10459
0.0,11,57.106135
0.0,11,57.108058
0.0,11,57.109969
-1.0,11,57.111883
-1.0,11,57.113357
-1.0,11,57.115232
-1.0,11,57.11713
0.0,11,57.119014
0.0,11,57.120509
0.0,11,57.12239
0.0,11,57.124297
-3.0,11,57.126173
0.0,11,57.127691
0.0,11,57.129667
0.0,11,57.131545
-1.0,11,57.13345
0.0,11,57.134937
0.0,11,57.137092
-1.0,11,57.138984
-1.0,11,57.140822
0.0,11,57.142283
-1.0,11,57.144185
0.0,11,57.146078
0.0,11,57.147971
0.0,11,57.149476
-1.0,11,57.151325
-1.0,11,57.153232
-1.0,11,57.155124
-1.0,11,57.156595
-1.0,11,57.15851
0.0,11,57.160458
0.0,11,57.162378
0.0,11,57.163863
-1.0,11,57.165786
0.0,11,57.167749
0.0,11,57.169645
0.0,11,57.171131
-1.0,11,57.173026
-1.0,11,57.174889
-1.0,11,57.176769
-2.0,11,57.178271
-1.0,11,57.180155
-1.0,11,57.182022
0.0,11,57.183868
-1.0,11,57.185348
-2.0,11,57.187266
-1.0,11,57.189141
-1.0,11,57.191028
0.0,11,57.192514
0.0,11,57.194406
0.0,11,57.196266
0.0,11,57.198181
-1.0,11,57.199653
-1.0,11,57.201546
0.0,11,57.203352
0.0,11,57.205253
-1.0,11,57.206741
-1.0,11,57.208635
-1.0,11,57.21053
0.0,11,57.212447
0.0,11,57.213928
-1.0,11,57.215819
0.0,11,57.2177
-1.0,11,57.219586
0.0,11,57.221087
0.0,11,57.222984
0.0,11,57.224871
0.0,11,57.226769
0.0,11,57.228262
0.0,11,57.230198
-2.0,11,57.23214
-1.0,11,57.234041
-1.0,11,57.235518
0.0,11,57.23741
-1.0,11,57.23928
-1.0,11,57.241136
0.0,11,57.242652
0.0,11,57.24455
-2.0,11,57.246461
-1.0,11,57.248341
-1.0,11,57.249812
0.0,11,57.251846
0.0,11,57.253748
-1.0,11,57.255636
-1.0,11,57.25739
0.0,11,57.259434
0.0,11,57.261358
0.0,11,57.263305
-2.0,11,57.264813
0.0,11,57.266851
0.0,11,57.268788
-1.0,11,57.270696
-1.0,11,57.272252
-1.0,11,57.274165
-2.0,11,57.276038
-1.0,11,57.277973
-1.0,11,57.279471
0.0,11,57.28139
0.0,11,57.283357
-1.0,11,57.285267
-1.0,11,57.286767
0.0,11,57.288645
-1.0,11,57.290581
-1.0,11,57.292498
0.0,11,57.294019
0.0,11,57.295935
-1.0,11,57.297823
0.0,11,57.299723
-1.0,11,57.301235
0.0,11,57.303149
-1.0,11,57.305106
-1.0,11,57.307055
-2.0,11,57.308579
-1.0,11,57.310491
-2.0,11,57.312416
-2.0,11,57.314356
0.0,11,57.315886
-1.0,11,57.317783
0.0,11,57.31967
-2.0,11,57.321571
-1.0,11,57.323082
0.0,11,57.324989
0.0,11,57.326919
0.0,11,57.328825
-1.0,11,57.330336
-1.0,11,57.33222
-1.0,11,57.334126
0.0,11,57.336039
0.0,11,57.337528
-2.0,11,57.339374
0.0,11,57.341279
0.0,11,57.343183
-2.0,11,57.344647
-1.0,11,57.346491
0.0,11,57.348379
0.0,11,57.350282
-1.0,11,57.351738
0.0,11,57.35362
0.0,11,57.355514
-1.0,11,57.357392
-1.0,11,57.358835
0.0,11,57.360733
0.0,11,57.362613
-1.0,11,57.364603
-1.0,11,57.366134
0.0,11,57.368063
-1.0,11,57.369948
-1.0,11,57.371842
-2.0,11,57.37335
-1.0,11,57.375289
0.0,11,57.377177
-1.0,11,57.379064
-1.0,11,57.380594
0.0,11,57.382462
-1.0,11,57.384359
-1.0,11,57.38623
-1.0,11,57.387769
0.0,11,57.389697
0.0,11,57.391628
-2.0,11,57.393519
-2.0,11,57.395007
-1.0,11,57.396891
0.0,11,57.398793
-2.0,11,57.400699
0.0,11,57.402186
0.0,11,57.404099
0.0,11,57.405996
-1.0,11,57.407884
0.0,11,57.409378
-1.0,11,57.411267
-1.0,11,57.413159
0.0,11,57.415074
0.0,11,57.416576
0.0,11,57.418457
0.0,11,57.420313
0.0,11,57.422169
-1.0,11,57.423697
0.0,11,57.425548
-1.0,11,57.427404
-1.0,11,57.429295
-1.0,11,57.430776
-1.0,11,57.432799
0.0,11,57.434679
-1.0,11,57.436548
0.0,11,57.4382
-1.0,11,57.440233
0.0,11,57.442196
-2.0,11,57.44417
-1.0,11,57.445692
0.0,11,57.447672
0.0,11,57.44972
-1.0,11,57.451678
0.0,11,57.453188
-1.0,11,57.455127
0.0,11,57.457054
0.0,11,57.458948
0.0,11,57.46047
-1.0,11,57.462374
0.0,11,57.464269
-2.0,11,57.466175
-1.0,11,57.467617
0.0,11,57.469498
-1.0,11,57.471425
0.0,11,57.473338
0.0,11,57.474838
0.0,11,57.476745
-2.0,11,57.478654
0.0,11,57.48054
-1.0,11,57.482075
0.0,11,57.483981
0.0,11,57.485786
-1.0,11,57.487699
-1.0,11,57.489183
-1.0,11,57.491129
0.0,11,57.493026
-1.0,11,57.494941
0.0,11,57.496483
-1.0,11,57.498391
-1.0,11,57.500323
0.0,11,57.502229
-1.0,11,57.503791
0.0,11,57.505692
0.0,11,57.507612
0.0,11,57.509512
0.0,11,57.511012
0.0,11,57.512933
-1.0,11,57.514885
0.0,11,57.516802
-1.0,11,57.518309
0.0,11,57.520208
-2.0,11,57.522145
0.0,11,57.524037
-1.0,11,57.52555
-2.0,11,57.527447
0.0,11,57.529306
0.0,11,57.531212
0.0,11,57.532731
-1.0,11,57.534651
0.0,11,57.536551
0.0,11,57.538487
0.0,11,57.540087
0.0,11,57.542088
0.0,11,57.544031
-1.0,11,57.545916
-1.0,11,57.547417
-1.0,11,57.549394
0.0,11,57.551277
0.0,11,57.553169
0.0,11,57.554669
0.0,11,57.556657
-1.0,11,57.558627
0.0,11,57.560568
0.0,11,57.562018
-1.0,11,57.56394
-1.0,11,57.56576
0.0,11,57.567645
0.0,11,57.569154
0.0,11,57.571043
0.0,11,57.572963
0.0,11,57.574992
-1.0,11,57.576574
0.0,11,57.578699
-1.0,11,57.58075
-1.0,11,57.584007
-1.0,11,57.585568
-1.0,11,57.587528
-1.0,11,57.589529
0.0,11,57.591465
0.0,11,57.592948
-1.0,11,57.594823
0.0,11,57.596728
-1.0,11,57.598565
-1.0,11,57.600071
-2.0,11,57.60198
0.0,11,57.604126
-2.0,11,57.606338
-1.0,11,57.608102
-1.0,11,57.610293
0.0,11,57.612625
0.0,11,57.614786
0.0,11,57.616433
-2.0,11,57.61869
-1.0,11,57.620779
0.0,11,57.622731
0.0,11,57.624572
-1.0,11,57.626668
-1.0,11,57.628667
0.0,11,57.630706
0.0,11,57.632348
-1.0,11,57.63439
0.0,11,57.636363
0.0,11,57.638292
0.0,11,57.639817
0.0,11,57.64172
-1.0,11,57.643651
0.0,11,57.645591
-1.0,11,57.64709
-2.0,11,57.648993
0.0,11,57.650903
0.0,11,57.652904
0.0,11,57.654414
0.0,11,57.656348
0.0,11,57.658271
-2.0,11,57.660137
0.0,11,57.661716
-1.0,11,57.663658
-1.0,11,57.665555
0.0,11,57.66748
0.0,11,57.668992
-1.0,11,57.670881
0.0,11,57.672772
-1.0,11,57.674727
-1.0,11,57.676254
0.0,11,57.678222
-1.0,11,57.680124
-1.0,11,57.682024
-1.0,11,57.683553
0.0,11,57.685449
0.0,11,57.687448
-1.0,11,57.689372
-1.0,11,57.690861
0.0,11,57.69276
-1.0,11,57.694686
0.0,11,57.696583
0.0,11,57.698095
0.0,11,57.69999
-2.0,11,57.701877
0.0,11,57.70379
-2.0,11,57.705329
0.0,11,57.707274
-2.0,11,57.709174
0.0,11,57.711069
0.0,11,57.712578
-1.0,11,57.714469
-1.0,11,57.716371
0.0,11,57.718244
0.0,11,57.719785
0.0,11,57.721664
-1.0,11,57.723599
0.0,11,57.725543
-1.0,11,57.727066
-1.0,11,57.729054
0.0,11,57.730943
-1.0,11,57.732869
0.0,11,57.734401
-1.0,11,57.73629
-1.0,11,57.738186
-2.0,11,57.740043
-1.0,11,57.741506
0.0,11,57.743419
-1.0,11,57.745328
0.0,11,57.747218
-1.0,11,57.748718
0.0,11,57.750642
0.0,11,57.752534
0.0,11,57.754458
-1.0,11,57.755912
0.0,11,57.757813
-1.0,11,57.759705
-1.0,11,57.761614
-2.0,11,57.763141
0.0,11,57.765055
-1.0,11,57.766914
0.0,11,57.768805
0.0,11,57.770306
0.0,11,57.772226
0.0,11,57.774097
0.0,11,57.775996
-1.0,11,57.777458
-1.0,11,57.779385
0.0,11,57.781285
0.0,11,57.783228
0.0,11,57.784741
-1.0,11,57.786655
0.0,11,57.788575
0.0,11,57.790492
0.0,11,57.792031
0.0,11,57.793987
0.0,11,57.795936
0.0,11,57.797842
-1.0,11,57.799303
-1.0,11,57.801312
-1.0,11,57.803215
-2.0,11,57.805148
-1.0,11,57.806897
0.0,11,57.808906
0.0,11,57.81085
-1.0,11,57.812794
-1.0,11,57.814339
0.0,11,57.816273
-2.0,11,57.818183
0.0,11,57.820249
0.0,11,57.82181
-1.0,11,57.823742
0.0,11,57.825627
0.0,11,57.827566
0.0,11,57.829068
-1.0,11,57.830967
-1.0,11,57.83287
-1.0,11,57.834761
0.0,11,57.836309
-2.0,11,57.838226
0.0,11,57.840112
-1.0,11,57.842013
0.0,11,57.843525
-1.0,11,57.845433
0.0,11,57.847384
-2.0,11,57.849274
-1.0,11,57.850777
-1.0,11,57.852708
-1.0,11,57.854609
0.0,11,57.856513
0.0,11,57.858046
-1.0,11,57.859939
-1.0,11,57.861857
-1.0,11,57.863791
0.0,11,57.865254
0.0,11,57.867183
-1.0,11,57.869091
-1.0,11,57.87097
-1.0,11,57.872493
-1.0,11,57.874407
-1.0,11,57.876317
0.0,11,57.878282
0.0,11,57.879741
0.0,11,57.881635
-1.0,11,57.88353
0.0,11,57.885464
0.0,11,57.887016
0.0,11,57.888875
0.0,11,57.89075
0.0,11,57.892608
0.0,11,57.89411
-1.0,11,57.895966
-1.0,11,57.897851
-1.0,11,57.899743
-1.0,11,57.901289
0.0,11,57.903195
0.0,11,57.905096
-1.0,11,57.907011
-1.0,11,57.90852
0.0,11,57.910416
0.0,11,57.912354
-1.0,11,57.914219
0.0,11,57.915706
-1.0,11,57.917583
0.0,11,57.919523
0.0,11,57.921423
-1.0,11,57.92292
0.0,11,57.924831
0.0,11,57.926704
-1.0,11,57.928635
-1.0,11,57.930132
-2.0,11,57.931951
-2.0,11,57.933852
0.0,11,57.935766
-1.0,11,57.93726
0.0,11,57.939177
-1.0,11,57.941059
-1.0,11,57.942927
0.0,11,57.944447
-2.0,11,57.946334
-1.0,11,57.948202
0.0,11,57.950092
0.0,11,57.951564
0.0,11,57.953459
0.0,11,57.955311
-2.0,11,57.9572
-2.0,11,57.958651
0.0,11,57.960549
-1.0,11,57.962451
-1.0,11,57.964321
-1.0,11,57.965814
-1.0,11,57.967716
-1.0,11,57.969594
0.0,11,57.971479
-1.0,11,57.972883
0.0,11,57.974788
0.0,11,57.976672
-1.0,11,57.978596
0.0,11,57.980099
0.0,11,57.982082
0.0,11,57.983956
0.0,11,57.985886
-1.0,11,57.987548
0.0,11,57.989527
0.0,11,57.991434
-1.0,11,57.993366
0.0,11,57.994939
-1.0,11,57.996866
-2.0,11,57.998891
-1.0,11,58.000855
-1.0,11,58.002419
0.0,11,58.004345
0.0,11,58.006246
-2.0,11,58.008177
0.0,11,58.009711
-1.0,11,58.011543
-1.0,11,58.013416
-1.0,11,58.015335
-1.0,11,58.016845
0.0,11,58.018751
-1.0,11,58.020641
-1.0,11,58.022549
-1.0,11,58.024063
-1.0,11,58.025997
-1.0,11,58.027856
0.0,11,58.029747
-1.0,11,58.03125
-1.0,11,58.033162
0.0,11,58.035016
0.0,11,58.036901
0.0,11,58.038432
-1.0,11,58.040545
-1.0,11,58.042573
0.0,11,58.044484
0.0,11,58.046034
-1.0,11,58.047971
-1.0,11,58.049899
0.0,11,58.051786
-2.0,11,58.053282
-1.0,11,58.055194
-1.0,11,58.05713
0.0,11,58.059006
0.0,11,58.060502
-1.0,11,58.062428
-1.0,11,58.064341
0.0,11,58.066258
-1.0,11,58.067768
-2.0,11,58.069717
-1.0,11,58.071685
0.0,11,58.073604
-1.0,11,58.07512
-2.0,11,58.07702
-1.0,11,58.07893
-1.0,11,58.080847
-1.0,11,58.082356
-2.0,11,58.084226
-2.0,11,58.086107
0.0,11,58.088009
-1.0,11,58.089562
0.0,11,58.091461
0.0,11,58.093387
-1.0,11,58.095295
-1.0,11,58.096796
0.0,11,58.098734
0.0,11,58.100653
-1.0,11,58.102538
0.0,11,58.104094
-1.0,11,58.106028
0.0,11,58.107894
0.0,11,58.109809
0.0,11,58.11133
0.0,11,58.113234
-2.0,11,58.115121
0.0,11,58.117019
-1.0,11,58.118517
0.0,11,58.120421
0.0,11,58.122299
0.0,11,58.124179
0.0,11,58.125681
-1.0,11,58.127547
-1.0,11,58.129428
0.0,11,58.131346
-2.0,11,58.132835
-1.0,11,58.134746
-1.0,11,58.136645
0.0,11,58.138523
0.0,11,58.140038
-1.0,11,58.141938
0.0,11,58.143841
0.0,11,58.145707
0.0,11,58.147219
-2.0,11,58.149107
-1.0,11,58.150997
-2.0,11,58.152862
0.0,11,58.154405
-1.0,11,58.156297
-2.0,11,58.158193
0.0,11,58.160126
-1.0,11,58.161621
0.0,11,58.163611
-2.0,11,58.165508
0.0,11,58.167384
0.0,11,58.168987
-2.0,11,58.171103
0.0,11,58.173076
-1.0,11,58.175057
0.0,11,58.176568
0.0,11,58.178465
0.0,11,58.180442
-1.0,11,58.182375
-1.0,11,58.183887
0.0,11,58.185782
-1.0,11,58.187655
0.0,11,58.189615
0.0,11,58.191105
-2.0,11,58.193035
0.0,11,58.194969
0.0,11,58.196862
-1.0,11,58.198392
-1.0,11,58.200315
-1.0,11,58.202217
0.0,11,58.204135
0.0,11,58.205605
-1.0,11,58.207525
0.0,11,58.209468
-1.0,11,58.211383
0.0,11,58.212923
-1.0,11,58.214852
-1.0,11,58.216754
-1.0,11,58.21865
0.0,11,58.220148
0.0,11,58.222086
-1.0,11,58.223983
-1.0,11,58.225875
-1.0,11,58.227398
0.0,11,58.229293
-1.0,11,58.231207
-1.0,11,58.233079
0.0,11,58.234571
0.0,11,58.236491
0.0,11,58.238396
0.0,11,58.240347
-1.0,11,58.241843
0.0,11,58.243748
0.0,11,58.245653
-1.0,11,58.247578
-1.0,11,58.249071
-1.0,11,58.250968
-2.0,11,58.252851
0.0,11,58.254746
-1.0,11,58.256234
-2.0,11,58.258096
0.0,11,58.259982
-1.0,11,58.261877
0.0,11,58.263395
0.0,11,58.265277
-1.0,11,58.267182
0.0,11,58.269083
0.0,11,58.270587
0.0,11,58.272465
0.0,11,58.274357
0.0,11,58.276242
-1.0,11,58.277755
-1.0,11,58.279659
0.0,11,58.281559
-1.0,11,58.283435
-1.0,11,58.28494
-1.0,11,58.286802
-2.0,11,58.288707
0.0,11,58.290607
-1.0,11,58.292083
0.0,11,58.293968
-1.0,11,58.295888
0.0,11,58.297788
0.0,11,58.299275
-1.0,11,58.301209
0.0,11,58.303102
0.0,11,58.305017
-1.0,11,58.306474
-1.0,11,58.308337
0.0,11,58.310227
0.0,11,58.312119
0.0,11,58.313611
-1.0,11,58.3155
-2.0,11,58.317399
-2.0,11,58.31929
0.0,11,58.320795
-1.0,11,58.322716
0.0,11,58.324629
0.0,11,58.326518
-1.0,11,58.328004
-1.0,11,58.32988
0.0,11,58.331759
-1.0,11,58.333642
-1.0,11,58.335158
0.0,11,58.337072
0.0,11,58.338922
-1.0,11,58.340809
-2.0,11,58.342313
-2.0,11,58.344314
0.0,11,58.346205
0.0,11,58.348103
0.0,11,58.349898
-1.0,11,58.351899
0.0,11,58.353815
-1.0,11,58.355725
0.0,11,58.357246
0.0,11,58.359132
-1.0,11,58.361116
-2.0,11,58.363107
-1.0,11,58.364599
-1.0,11,58.366494
0.0,11,58.368427
0.0,11,58.37035
-1.0,11,58.371821
0.0,11,58.373711
0.0,11,58.375609
-1.0,11,58.377483
0.0,11,58.379016
0.0,11,58.380916
0.0,11,58.382769
-1.0,11,58.384653
0.0,11,58.386133
0.0,11,58.388027
0.0,11,58.389966
-1.0,11,58.39185
-1.0,11,58.393352
-1.0,11,58.395242
0.0,11,58.397153
-1.0,11,58.399042
0.0,11,58.400549
0.0,11,58.40252
-1.0,11,58.404422
-1.0,11,58.406306
0.0,11,58.407836
-1.0,11,58.40974
0.0,11,58.411633
-1.0,11,58.413523
-1.0,11,58.415054
0.0,11,58.416922
0.0,11,58.418797
-2.0,11,58.420665
-2.0,11,58.422176
0.0,11,58.424023
-1.0,11,58.425876
-1.0,11,58.427753
0.0,11,58.42923
-1.0,11,58.431094
0.0,11,58.432999
-1.0,11,58.434905
0.0,11,58.436413
-1.0,11,58.43828
0.0,11,58.440174
0.0,11,58.442084
-1.0,11,58.443566
-1.0,11,58.44544
0.0,11,58.44737
-1.0,11,58.4492
0.0,11,58.450709
-1.0,11,58.45261
0.0,11,58.454528
-1.0,11,58.456409
-1.0,11,58.457964
0.0,11,58.459879
-2.0,11,58.461781
0.0,11,58.4637
0.0,11,58.465199
0.0,11,58.467089
0.0,11,58.469004
-2.0,11,58.470922
-1.0,11,58.472415
0.0,11,58.474301
-1.0,11,58.476204
-1.0,11,58.478115
-1.0,11,58.479608
-1.0,11,58.481522
0.0,11,58.483468
0.0,11,58.485295
0.0,11,58.486811
-1.0,11,58.488692
-1.0,11,58.490657
-1.0,11,58.492544
-1.0,11,58.494046
-2.0,11,58.495952
0.0,11,58.497835
0.0,11,58.49972
-1.0,11,58.50121
-1.0,11,58.503138
0.0,11,58.505056
-1.0,11,58.506969
-1.0,11,58.508483
0.0,11,58.510404
0.0,11,58.512294
-1.0,11,58.514148
0.0,11,58.515647
-2.0,11,58.517501
-2.0,11,58.519371
0.0,11,58.52128
-1.0,11,58.52278
-1.0,11,58.524724
-1.0,11,58.52661
0.0,11,58.528514
0.0,11,58.530237
0.0,11,58.532261
-1.0,11,58.534152
0.0,11,58.536248
0.0,11,58.537773
-1.0,11,58.539712
0.0,11,58.541626
0.0,11,58.543549
0.0,11,58.545115
-1.0,11,58.547224
-1.0,11,58.549184
0.0,11,58.551091
-1.0,11,58.552633
-1.0,11,58.554502
-1.0,11,58.556405
-1.0,11,58.558307
-1.0,11,58.559814
-1.0,11,58.561688
-2.0,11,58.563561
0.0,11,58.565469
-1.0,11,58.566952
-1.0,11,58.56886
0.0,11,58.570779
0.0,11,58.572661
-1.0,11,58.574178
0.0,11,58.576106
0.0,11,58.57801
0.0,11,58.579907
0.0,11,58.581398
-1.0,11,58.583328
0.0,11,58.585227
-2.0,11,58.587139
-1.0,11,58.58864
0.0,11,58.590518
0.0,11,58.592415
-1.0,11,58.594301
-1.0,11,58.595786
0.0,11,58.597673
-1.0,11,58.599591
-1.0,11,58.601471
-1.0,11,58.603003
-1.0,11,58.604916
0.0,11,58.606793
-1.0,11,58.608662
0.0,11,58.61016
-1.0,11,58.612083
0.0,11,58.613998
0.0,11,58.615885
-1.0,11,58.617399
0.0,11,58.619334
-2.0,11,58.621225
-3.0,11,58.623038
0.0,11,58.624539
0.0,11,58.626432
0.0,11,58.628319
-1.0,11,58.630207
-1.0,11,58.631712
0.0,11,58.633607
-2.0,11,58.63547
0.0,11,58.637384
0.0,11,58.638834
-2.0,11,58.640756
0.0,11,58.642656
-1.0,11,58.644532
-1.0,11,58.646048
-1.0,11,58.647897
-1.0,11,58.649773
0.0,11,58.651684
0.0,11,58.653213
-1.0,11,58.655129
-1.0,11,58.656989
0.0,11,58.658876
0.0,11,58.660396
-1.0,11,58.662287
-1.0,11,58.664167
-1.0,11,58.666123
0.0,11,58.667604
0.0,11,58.669529
0.0,11,58.671403
0.0,11,58.673288
-1.0,11,58.674783
0.0,11,58.6767
0.0,11,58.678649
-1.0,11,58.680537
0.0,11,58.682023
-1.0,11,58.683879
0.0,11,58.685764
0.0,11,58.687665
-1.0,11,58.689181
0.0,11,58.691087
-1.0,11,58.692966
-1.0,11,58.694862
0.0,11,58.696375
0.0,11,58.698283
0.0,11,58.700169
-1.0,11,58.702069
0.0,11,58.703587
-1.0,11,58.705598
0.0,11,58.707547
-1.0,11,58.709486
0.0,11,58.71131
0.0,11,58.713381
0.0,11,58.715337
0.0,11,58.717331
0.0,11,58.718866
0.0,11,58.720864
-1.0,11,58.722723
-1.0,11,58.724621
-1.0,11,58.72615
-1.0,11,58.72809
0.0,11,58.730015
0.0,11,58.731899
-1.0,11,58.733387
-1.0,11,58.735265
0.0,11,58.737177
-1.0,11,58.739071
0.0,11,58.740574
-2.0,11,58.742425
0.0,11,58.744324
-1.0,11,58.746214
-1.0,11,58.747743
0.0,11,58.749621
-1.0,11,58.75152
-2.0,11,58.753399
-1.0,11,58.754928
-1.0,11,58.756827
0.0,11,58.758748
0.0,11,58.760691
-1.0,11,58.762163
-1.0,11,58.764052
-1.0,11,58.765931
-1.0,11,58.767784
0.0,11,58.769295
-1.0,11,58.771216
-1.0,11,58.773115
-1.0,11,58.775003
0.0,11,58.776486
-1.0,11,58.778408
0.0,11,58.780308
-1.0,11,58.782221
-1.0,11,58.783728
-1.0,11,58.785648
-1.0,11,58.787849
0.0,11,58.789781
0.0,11,58.791312
-1.0,11,58.793209
-2.0,11,58.795081
-1.0,11,58.796982
0.0,11,58.798475
0.0,11,58.800419
0.0,11,58.802328
0.0,11,58.804217
-2.0,11,58.805734
0.0,11,58.807659
0.0,11,58.809564
0.0,11,58.811434
-1.0,11,58.81293
0.0,11,58.814815
0.0,11,58.816714
0.0,11,58.818594
-2.0,11,58.820087
-1.0,11,58.822021
0.0,11,58.82396
-1.0,11,58.825783
-1.0,11,58.827275
-1.0,11,58.829115
-1.0,11,58.831032
-2.0,11,58.832926
-1.0,11,58.834405
0.0,11,58.836288
-1.0,11,58.838181
0.0,11,58.840074
-1.0,11,58.841544
-2.0,11,58.84342
-2.0,11,58.845301
0.0,11,58.847196
0.0,11,58.848707
0.0,11,58.850588
-1.0,11,58.852434
-1.0,11,58.854327
0.0,11,58.855793
-1.0,11,58.857712
0.0,11,58.85961
-1.0,11,58.861489
0.0,11,58.862975
-1.0,11,58.86489
0.0,11,58.866799
0.0,11,58.868694
0.0,11,58.870165
0.0,11,58.872059
0.0,11,58.873955
0.0,11,58.875839
0.0,11,58.877318
0.0,11,58.879225
-1.0,11,58.881088
0.0,11,58.882957
-1.0,11,58.88446
0.0,11,58.886463
0.0,11,58.888342
0.0,11,58.890241
-1.0,11,58.891888
-2.0,11,58.893921
0.0,11,58.895866
0.0,11,58.897799
-1.0,11,58.899434
-1.0,11,58.90136
-1.0,11,58.903294
0.0,11,58.905217
0.0,11,58.906755
0.0,11,58.908657
-1.0,11,58.910511
-1.0,11,58.91242
-1.0,11,58.913931
0.0,11,58.915869
0.0,11,58.91775
-2.0,11,58.919627
-1.0,11,58.921136
-1.0,11,58.92307
-2.0,11,58.92498
0.0,11,58.926893
-1.0,11,58.928409
-1.0,11,58.930314
-2.0,11,58.932248
-1.0,11,58.934188
-1.0,11,58.935707
-1.0,11,58.937605
-2.0,11,58.9395
-2.0,11,58.941355
0.0,11,58.942885
0.0,11,58.944747
0.0,11,58.946664
-1.0,11,58.948607
0.0,11,58.950121
-1.0,11,58.952003
0.0,11,58.95393
0.0,11,58.955823
0.0,11,58.957339
-2.0,11,58.95923
-1.0,11,58.961141
0.0,11,58.963025
0.0,11,58.964513
0.0,11,58.966425
0.0,11,58.968331
-1.0,11,58.970216
-1.0,11,58.971702
0.0,11,58.973592
-1.0,11,58.975486
0.0,11,58.977382
-1.0,11,58.978922
-1.0,11,58.980845
-1.0,11,58.982751
-1.0,11,58.984638
-1.0,11,58.986121
-2.0,11,58.988004
0.0,11,58.989921
-1.0,11,58.99175
-1.0,11,58.993248
0.0,11,58.995138
-1.0,11,58.997032
0.0,11,58.998966
0.0,11,59.000492
0.0,11,59.002392
0.0,11,59.004288
-2.0,11,59.006101
0.0,11,59.007586
0.0,11,59.009467
-2.0,11,59.011343
-2.0,11,59.013235
-1.0,11,59.014727
0.0,11,59.016591
0.0,11,59.018497
-1.0,11,59.020344
-1.0,11,59.021842
0.0,11,59.023772
0.0,11,59.025651
0.0,11,59.027557
0.0,11,59.029057
0.0,11,59.030951
0.0,11,59.032873
0.0,11,59.034744
0.0,11,59.036246
0.0,11,59.038127
-2.0,11,59.040116
0.0,11,59.042036
0.0,11,59.04355
0.0,11,59.045447
-2.0,11,59.047334
-1.0,11,59.049288
0.0,11,59.050832
-1.0,11,59.052725
-2.0,11,59.054615
0.0,11,59.056582
0.0,11,59.058074
0.0,11,59.059962
0.0,11,59.061868
0.0,11,59.063767
0.0,11,59.065254
0.0,11,59.067271
-1.0,11,59.069153
0.0,11,59.071057
-1.0,11,59.072633
0.0,11,59.074718
-1.0,11,59.076718
-2.0,11,59.078666
-1.0,11,59.080237
-1.0,11,59.082192
-1.0,11,59.084182
-2.0,11,59.08611
0.0,11,59.087642
-1.0,11,59.089574
0.0,11,59.091465
-1.0,11,59.093384
-1.0,11,59.094888
-1.0,11,59.096757
-2.0,11,59.098632
0.0,11,59.100561
-1.0,11,59.102152
-1.0,11,59.104063
-1.0,11,59.105969
0.0,11,59.107834
0.0,11,59.109331
0.0,11,59.111249
0.0,11,59.113149
-1.0,11,59.115031
-1.0,11,59.116543
-2.0,11,59.11842
0.0,11,59.120319
0.0,11,59.1222
0.0,11,59.123735
-1.0,11,59.125618
0.0,11,59.127542
0.0,11,59.129435
0.0,11,59.130937
0.0,11,59.132852
-1.0,11,59.134753
-1.0,11,59.1366
-1.0,11,59.138149
0.0,11,59.140094
0.0,11,59.142005
-1.0,11,59.143959
-1.0,11,59.145444
-1.0,11,59.147302
0.0,11,59.149183
0.0,11,59.151088
0.0,11,59.152601
0.0,11,59.154498
-1.0,11,59.156497
-1.0,11,59.158401
-1.0,11,59.1599
0.0,11,59.161895
-2.0,11,59.1638
0.0,11,59.16572
0.0,11,59.167219
-1.0,11,59.169143
0.0,11,59.171033
0.0,11,59.172913
-1.0,11,59.174427
-1.0,11,59.176334
-1.0,11,59.178235
-1.0,11,59.18014
0.0,11,59.181644
-1.0,11,59.183525
-2.0,11,59.185386
0.0,11,59.187314
0.0,11,59.188812
0.0,11,59.190712
0.0,11,59.192602
-1.0,11,59.194503
-1.0,11,59.195995
-1.0,11,59.197876
-1.0,11,59.199768
0.0,11,59.201649
-1.0,11,59.203182
0.0,11,59.205068
-1.0,11,59.206976
-1.0,11,59.208881
0.0,11,59.21036
0.0,11,59.212264
-1.0,11,59.21414
-2.0,11,59.215975
-2.0,11,59.217469
0.0,11,59.219463
-1.0,11,59.221374
-1.0,11,59.223246
-1.0,11,59.224744
0.0,11,59.226591
0.0,11,59.228491
-1.0,11,59.230438
-2.0,11,59.23197
-1.0,11,59.233893
0.0,11,59.235815
-1.0,11,59.237688
0.0,11,59.23919
0.0,11,59.241085
0.0,11,59.242974
-1.0,11,59.244869
0.0,11,59.24636
0.0,11,59.248398
-1.0,11,59.250261
0.0,11,59.252244
-1.0,11,59.253963
-1.0,11,59.255937
-1.0,11,59.257825
0.0,11,59.259824
0.0,11,59.261378
-1.0,11,59.2633
0.0,11,59.265204
-1.0,11,59.26714
0.0,11,59.268612
-1.0,11,59.27051
0.0,11,59.27243
-2.0,11,59.274347
-1.0,11,59.275868
0.0,11,59.277783
0.0,11,59.279718
0.0,11,59.281572
-1.0,11,59.283114
0.0,11,59.28503
-1.0,11,59.287058
0.0,11,59.28906
-2.0,11,59.290619
0.0,11,59.292743
0.0,11,59.294854
-1.0,11,59.296937
0.0,11,59.298508
-1.0,11,59.300506
-2.0,11,59.302526
0.0,11,59.304542
0.0,11,59.306155
0.0,11,59.308182
-1.0,11,59.310187
-1.0,11,59.312209
0.0,11,59.313821
-2.0,11,59.315805
-2.0,11,59.317865
0.0,11,59.320014
0.0,11,59.321787
0.0,11,59.323849
-2.0,11,59.325766
-1.0,11,59.327775
0.0,11,59.32931
-2.0,11,59.331281
-1.0,11,59.333184
-1.0,11,59.335156
0.0,11,59.336688
0.0,11,59.338601
0.0,11,59.340458
0.0,11,59.342426
-1.0,11,59.343927
-1.0,11,59.345837
-1.0,11,59.347708
-1.0,11,59.349608
0.0,11,59.351111
0.0,11,59.353037
0.0,11,59.354945
-2.0,11,59.356856
-1.0,11,59.358339
-1.0,11,59.360223
0.0,11,59.362138
-2.0,11,59.364072
-2.0,11,59.365582
0.0,11,59.367456
0.0,11,59.369367
0.0,11,59.371264
-1.0,11,59.372754
0.0,11,59.374698
0.0,11,59.376608
0.0,11,59.378518
0.0,11,59.380025
-2.0,11,59.381924
-1.0,11,59.38382
-1.0,11,59.385669
0.0,11,59.387159
0.0,11,59.389051
-1.0,11,59.390965
-1.0,11,59.392908
0.0,11,59.394432
0.0,11,59.396324
0.0,11,59.398242
-1.0,11,59.400168
-1.0,11,59.401686
-2.0,11,59.403636
0.0,11,59.405538
0.0,11,59.407447
-1.0,11,59.408961
0.0,11,59.410856
0.0,11,59.412797
-1.0,11,59.414715
-1.0,11,59.416208
0.0,11,59.41811
-1.0,11,59.420002
-1.0,11,59.421894
0.0,11,59.423375
-1.0,11,59.425275
-2.0,11,59.427155
-1.0,11,59.429076
-1.0,11,59.430579
-1.0,11,59.432566
0.0,11,59.434461
-1.0,11,59.436313
0.0,11,59.438004
0.0,11,59.440124
0.0,11,59.442017
-1.0,11,59.443987
-2.0,11,59.445636
0.0,11,59.447567
-1.0,11,59.449487
0.0,11,59.451403
-2.0,11,59.452919
-1.0,11,59.454836
-1.0,11,59.456733
-1.0,11,59.458596
0.0,11,59.4601
0.0,11,59.46204
0.0,11,59.463943
-1.0,11,59.465841
-1.0,11,59.467335
-1.0,11,59.469228
0.0,11,59.471123
-1.0,11,59.473001
0.0,11,59.474504
-1.0,11,59.476415
-1.0,11,59.47831
0.0,11,59.480203
0.0,11,59.481705
0.0,11,59.483661
0.0,11,59.485525
0.0,11,59.487452
0.0,11,59.488925
0.0,11,59.490867
0.0,11,59.492814
0.0,11,59.494721
0.0,11,59.496244
0.0,11,59.4982
-2.0,11,59.500121
-1.0,11,59.502021
-1.0,11,59.503559
0.0,11,59.505479
-2.0,11,59.507431
0.0,11,59.509332
0.0,11,59.510849
0.0,11,59.512747
0.0,11,59.514636
0.0,11,59.516522
0.0,11,59.518023
0.0,11,59.51994
0.0,11,59.521795
-1.0,11,59.523681
-1.0,11,59.525179
-1.0,11,59.527108
-1.0,11,59.529026
0.0,11,59.530929
0.0,11,59.532472
-1.0,11,59.534384
-1.0,11,59.536294
-1.0,11,59.538204
-1.0,11,59.539753
-1.0,11,59.541776
0.0,11,59.543679
-1.0,11,59.545497
0.0,11,59.546969
-1.0,11,59.548932
-1.0,11,59.550818
0.0,11,59.552761
-1.0,11,59.554252
0.0,11,59.556156
-1.0,11,59.558092
0.0,11,59.559979
0.0,11,59.561489
0.0,11,59.563392
0.0,11,59.565282
-1.0,11,59.567139
-1.0,11,59.568653
-1.0,11,59.570628
0.0,11,59.572529
-1.0,11,59.574427
0.0,11,59.575948
-1.0,11,59.577863
0.0,11,59.579752
-2.0,11,59.58165
-1.0,11,59.583159
-2.0,11,59.585073
0.0,11,59.586981
-1.0,11,59.588887
0.0,11,59.590376
-1.0,11,59.592222
-1.0,11,59.59414
0.0,11,59.596051
-1.0,11,59.597553
-1.0,11,59.599517
0.0,11,59.601328
0.0,11,59.603241
0.0,11,59.60472
-1.0,11,59.606607
-1.0,11,59.608497
0.0,11,59.610354
-1.0,11,59.61188
0.0,11,59.613848
-1.0,11,59.615689
0.0,11,59.617614
0.0,11,59.619277
-1.0,11,59.621312
0.0,11,59.623241
-1.0,11,59.62519
-1.0,11,59.626709
-1.0,11,59.628731
0.0,11,59.630687
-1.0,11,59.632594
0.0,11,59.634066
-1.0,11,59.636025
0.0,11,59.63801
-1.0,11,59.639983
0.0,11,59.641474
-1.0,11,59.64336
0.0,11,59.645303
-1.0,11,59.647182
-1.0,11,59.64871
-1.0,11,59.65058
-1.0,11,59.652447
0.0,11,59.654372
0.0,11,59.655916
0.0,11,59.657792
0.0,11,59.659709
-1.0,11,59.661627
0.0,11,59.663142
0.0,11,59.665058
0.0,11,59.666954
0.0,11,59.6688
0.0,11,59.670335
-2.0,11,59.672297
-1.0,11,59.674187
0.0,11,59.67609
-1.0,11,59.677617
-1.0,11,59.679509
-1.0,11,59.681377
-1.0,11,59.68328
-2.0,11,59.684742
-1.0,11,59.686667
-1.0,11,59.688531
0.0,11,59.690426
-1.0,11,59.692014
-1.0,11,59.693993
0.0,11,59.695892
-1.0,11,59.697779
0.0,11,59.699266
0.0,11,59.70118
0.0,11,59.70317
-1.0,11,59.705236
0.0,11,59.706938
0.0,11,59.709123
-1.0,11,59.711322
0.0,11,59.713302
0.0,11,59.714832
0.0,11,59.716761
0.0,11,59.718672
0.0,11,59.720607
-1.0,11,59.722345
-1.0,11,59.724583
-1.0,11,59.726734
-1.0,11,59.728823
-1.0,11,59.730393
-1.0,11,59.732333
-1.0,11,59.734363
0.0,11,59.736321
-1.0,11,59.737839
0.0,11,59.73972
0.0,11,59.741635
0.0,11,59.743561
0.0,11,59.745099
-1.0,11,59.747023
-1.0,11,59.748949
0.0,11,59.750842
-2.0,11,59.752361
0.0,11,59.754285
-1.0,11,59.756176
0.0,11,59.758133
-1.0,11,59.759659
-1.0,11,59.761615
0.0,11,59.763519
-2.0,11,59.765397
0.0,11,59.766894
-1.0,11,59.76878
0.0,11,59.770652
0.0,11,59.772554
-1.0,11,59.774063
0.0,11,59.775972
0.0,11,59.777867
-1.0,11,59.779775
0.0,11,59.781271
-1.0,11,59.783185
-1.0,11,59.785061
0.0,11,59.786945
-1.0,11,59.788436
0.0,11,59.790363
0.0,11,59.792267
-1.0,11,59.794154
-1.0,11,59.795639
0.0,11,59.797657
-2.0,11,59.79958
-1.0,11,59.801479
0.0,11,59.803165
0.0,11,59.805237
-1.0,11,59.807156
0.0,11,59.809096
-1.0,11,59.810668
-1.0,11,59.812826
-1.0,11,59.814818
-1.0,11,59.816787
-1.0,11,59.818278
0.0,11,59.820223
-1.0,11,59.822127
0.0,11,59.824014
0.0,11,59.825519
-1.0,11,59.827425
-2.0,11,59.829342
0.0,11,59.831278
-1.0,11,59.832808
0.0,11,59.834671
-1.0,11,59.83656
-1.0,11,59.838488
-2.0,11,59.839979
-1.0,11,59.841887
-1.0,11,59.843774
-1.0,11,59.845666
-1.0,11,59.847188
0.0,11,59.849086
-1.0,11,59.850988
-1.0,11,59.852886
-1.0,11,59.854405
-2.0,11,59.85633
0.0,11,59.858264
-2.0,11,59.860182
-1.0,11,59.861685
-1.0,11,59.863612
-1.0,11,59.865475
0.0,11,59.867348
-1.0,11,59.868833
-2.0,11,59.87074
0.0,11,59.872679
0.0,11,59.874612
-2.0,11,59.876084
0.0,11,59.878029
0.0,11,59.879989
-1.0,11,59.881893
-2.0,11,59.883481
-1.0,11,59.885651
-2.0,11,59.887877
-1.0,11,59.890087
0.0,11,59.891781
0.0,11,59.893852
0.0,11,59.895934
-2.0,11,59.898062
-1.0,11,59.899732
0.0,11,59.901869
0.0,11,59.903962
-1.0,11,59.905942
-1.0,11,59.907474
0.0,11,59.909427
-1.0,11,59.911409
-1.0,11,59.913393
0.0,11,59.914921
-1.0,11,59.916831
0.0,11,59.91874
-3.0,11,59.920578
0.0,11,59.922099
-1.0,11,59.924023
0.0,11,59.925929
-1.0,11,59.927894
-1.0,11,59.929464
-1.0,11,59.931434
-1.0,11,59.933398
-1.0,11,59.935286
0.0,11,59.936772
-1.0,11,59.938682
-1.0,11,59.94066
0.0,11,59.942559
0.0,11,59.944089
0.0,11,59.94599
0.0,11,59.947891
0.0,11,59.949803
-2.0,11,59.951357
-1.0,11,59.953302
0.0,11,59.95528
-1.0,11,59.957223
0.0,11,59.958779
0.0,11,59.960749
-2.0,11,59.962654
0.0,11,59.96459
0.0,11,59.966156
0.0,11,59.968072
-1.0,11,59.969997
0.0,11,59.971903
0.0,11,59.973403
0.0,11,59.975261
-1.0,11,59.977147
0.0,11,59.978954
-2.0,11,59.980453
-1.0,11,59.982472
-1.0,11,59.984408
0.0,11,59.986317
-1.0,11,59.987998
0.0,11,59.99003
-1.0,11,59.991962
0.0,11,59.993899
-1.0,11,59.995452
0.0,11,59.997361
0.0,11,59.999398
0.0,11,60.001363
-1.0,11,60.002896
-1.0,11,60.004798
-1.0,11,60.006775
0.0,11,60.008706
-1.0,11,60.010185
0.0,11,60.012136
-1.0,11,60.014088
-1.0,11,60.016027
-1.0,11,60.017501
0.0,11,60.019467
-1.0,11,60.021312
-1.0,11,60.023226
0.0,11,60.024748
0.0,11,60.026679
-1.0,11,60.028646
-1.0,11,60.030561
0.0,11,60.032054
0.0,11,60.033966
-1.0,11,60.035864
-1.0,11,60.037765
0.0,11,60.039297
-1.0,11,60.041427
-1.0,11,60.043346
-1.0,11,60.045226
-2.0,11,60.046713
0.0,11,60.048673
-1.0,11,60.050606
-1.0,11,60.052524
-1.0,11,60.054026
-1.0,11,60.055904
-1.0,11,60.057762
-2.0,11,60.0597
0.0,11,60.061187
0.0,11,60.063078
-1.0,11,60.064949
-2.0,11,60.066838
-1.0,11,60.068368
-1.0,11,60.070283
-1.0,11,60.072174
-1.0,11,60.074085
-1.0,11,60.075609
-1.0,11,60.077529
0.0,11,60.079415
-1.0,11,60.081306
0.0,11,60.08278
-1.0,11,60.084699
0.0,11,60.08659
0.0,11,60.088459
0.0,11,60.08998
0.0,11,60.091887
-1.0,11,60.093853
0.0,11,60.095765
-1.0,11,60.09728
-1.0,11,60.099188
-2.0,11,60.101091
-1.0,11,60.10301
0.0,11,60.104499
-1.0,11,60.10638
-1.0,11,60.108262
-1.0,11,60.110185
-1.0,11,60.111676
0.0,11,60.113591
0.0,11,60.11549
-1.0,11,60.117388
0.0,11,60.118893
0.0,11,60.120795
-2.0,11,60.122691
-1.0,11,60.124593
0.0,11,60.126097
0.0,11,60.127999
-1.0,11,60.12993
0.0,11,60.13182
0.0,11,60.133315
-1.0,11,60.135214
0.0,11,60.137121
-1.0,11,60.138988
-1.0,11,60.140488
0.0,11,60.142414
0.0,11,60.144306
0.0,11,60.146222
-1.0,11,60.147732
0.0,11,60.149641
0.0,11,60.151535
0.0,11,60.153442
-1.0,11,60.155011
0.0,11,60.156937
-2.0,11,60.158857
-1.0,11,60.160775
-1.0,11,60.162268
0.0,11,60.164303
-1.0,11,60.166249
-2.0,11,60.16817
0.0,11,60.169918
0.0,11,60.172025
0.0,11,60.173949
-1.0,11,60.175893
0.0,11,60.177412
-1.0,11,60.179334
0.0,11,60.181332
-1.0,11,60.183248
0.0,11,60.18477
0.0,11,60.186685
0.0,11,60.188584
0.0,11,60.190542
0.0,11,60.192057
-1.0,11,60.193935
-1.0,11,60.195839
0.0,11,60.197713
0.0,11,60.199225
0.0,11,60.201148
0.0,11,60.203035
0.0,11,60.204934
0.0,11,60.206433
0.0,11,60.208266
-2.0,11,60.210194
-1.0,11,60.212094
-1.0,11,60.213595
-1.0,11,60.215517
-1.0,11,60.217458
0.0,11,60.219345
0.0,11,60.220894
-1.0,11,60.222796
0.0,11,60.224675
-1.0,11,60.226575
-1.0,11,60.228082
0.0,11,60.229973
0.0,11,60.231867
0.0,11,60.233725
0.0,11,60.235275
0.0,11,60.23721
0.0,11,60.239109
-1.0,11,60.241023
-2.0,11,60.242554
0.0,11,60.244467
-2.0,11,60.24635
-1.0,11,60.24824
0.0,11,60.249698
0.0,11,60.251599
0.0,11,60.253544
-1.0,11,60.255458
-1.0,11,60.25696
0.0,11,60.258854
-1.0,11,60.26076
0.0,11,60.262647
-1.0,11,60.264159
0.0,11,60.26606
-2.0,11,60.267938
-1.0,11,60.26985
-1.0,11,60.271318
-1.0,11,60.273211
-1.0,11,60.275084
-1.0,11,60.277044
0.0,11,60.278614
-1.0,11,60.28051
-1.0,11,60.282388
-1.0,11,60.284273
-1.0,11,60.285775
-3.0,11,60.287612
0.0,11,60.289509
-2.0,11,60.29141
-1.0,11,60.292873
-1.0,11,60.294787
-1.0,11,60.296707
-1.0,11,60.29863
0.0,11,60.300122
0.0,11,60.302011
0.0,11,60.303871
0.0,11,60.305781
-1.0,11,60.30729
-2.0,11,60.309163
-1.0,11,60.311063
-1.0,11,60.312921
0.0,11,60.314375
-1.0,11,60.316282
0.0,11,60.318187
-1.0,11,60.320077
0.0,11,60.321605
0.0,11,60.323489
-1.0,11,60.32539
0.0,11,60.327326
-1.0,11,60.328816
0.0,11,60.330733
0.0,11,60.332603
0.0,11,60.334455
0.0,11,60.335967
0.0,11,60.337864
-1.0,11,60.339779
-1.0,11,60.341663
0.0,11,60.343185
-1.0,11,60.345242
-1.0,11,60.347176
-2.0,11,60.349031
0.0,11,60.350679
-1.0,11,60.352646
-2.0,11,60.354574
-1.0,11,60.356541
-1.0,11,60.358077
0.0,11,60.359953
-2.0,11,60.361987
-2.0,11,60.363925
-1.0,11,60.365446
-1.0,11,60.367361
0.0,11,60.369301
-1.0,11,60.371208
0.0,11,60.372711
0.0,11,60.374619
-1.0,11,60.376497
-2.0,11,60.378431
0.0,11,60.379923
-1.0,11,60.381834
-1.0,11,60.383734
0.0,11,60.385655
-1.0,11,60.387202
0.0,11,60.389144
-1.0,11,60.391054
-1.0,11,60.392889
0.0,11,60.394384
-1.0,11,60.396238
0.0,11,60.398123
-1.0,11,60.400021
0.0,11,60.401553
0.0,11,60.403517
0.0,11,60.405419
-1.0,11,60.407319
0.0,11,60.408835
0.0,11,60.410775
-2.0,11,60.412708
0.0,11,60.41465
0.0,11,60.416177
-3.0,11,60.418002
-1.0,11,60.419905
0.0,11,60.421809
-1.0,11,60.423279
-1.0,11,60.42515
0.0,11,60.427033
-1.0,11,60.4289
0.0,11,60.430396
-1.0,11,60.432267
-1.0,11,60.434155
-1.0,11,60.436055
-2.0,11,60.437566
-1.0,11,60.439465
-1.0,11,60.44134
0.0,11,60.443457
0.0,11,60.444939
0.0,11,60.446832
-1.0,11,60.448725
-1.0,11,60.450614
-1.0,11,60.452112
0.0,11,60.45403
-1.0,11,60.455925
-1.0,11,60.457769
-1.0,11,60.459259
-2.0,11,60.461139
0.0,11,60.46304
-1.0,11,60.464906
-1.0,11,60.466414
0.0,11,60.468312
0.0,11,60.4702
-1.0,11,60.472098
0.0,11,60.473585
0.0,11,60.475482
0.0,11,60.477392
-1.0,11,60.479259
0.0,11,60.480778
-1.0,11,60.482634
0.0,11,60.484511
0.0,11,60.486413
-1.0,11,60.487899
0.0,11,60.48976
-1.0,11,60.491675
0.0,11,60.49355
0.0,11,60.495067
0.0,11,60.496953
0.0,11,60.498901
0.0,11,60.500805
-1.0,11,60.502336
0.0,11,60.504256
-1.0,11,60.506176
-1.0,11,60.508072
-1.0,11,60.509542
0.0,11,60.511472
0.0,11,60.513408
0.0,11,60.515365
0.0,11,60.516848
-2.0,11,60.518742
-1.0,11,60.520678
0.0,11,60.522597
-1.0,11,60.524067
-1.0,11,60.526056
0.0,11,60.527986
-1.0,11,60.529874
-2.0,11,60.531446
0.0,11,60.5335
0.0,11,60.535425
0.0,11,60.537333
-1.0,11,60.538876
-1.0,11,60.540804
0.0,11,60.542715
-1.0,11,60.544762
-2.0,11,60.546396
-1.0,11,60.548408
0.0,11,60.550338
-1.0,11,60.552251
0.0,11,60.553801
-1.0,11,60.555686
-1.0,11,60.557601
-1.0,11,60.559541
0.0,11,60.561081
0.0,11,60.563008
-1.0,11,60.564927
-1.0,11,60.566862
-1.0,11,60.56841
-1.0,11,60.570364
0.0,11,60.572295
-1.0,11,60.574191
-1.0,11,60.57566
0.0,11,60.577591
-1.0,11,60.579484
-1.0,11,60.581434
-1.0,11,60.582903
0.0,11,60.584779
0.0,11,60.586739
-3.0,11,60.588666
-2.0,11,60.590134
-1.0,11,60.592061
-1.0,11,60.593983
0.0,11,60.595913
0.0,11,60.597444
-1.0,11,60.599322
-1.0,11,60.601212
0.0,11,60.603096
-1.0,11,60.604655
-1.0,11,60.606597
0.0,11,60.608511
0.0,11,60.610445
0.0,11,60.612025
0.0,11,60.613926
0.0,11,60.615824
-1.0,11,60.61772
-1.0,11,60.619215
0.0,11,60.621158
0.0,11,60.623091
0.0,11,60.624991
-1.0,11,60.626457
-1.0,11,60.628357
0.0,11,60.630278
0.0,11,60.632171
0.0,11,60.633694
-2.0,11,60.635611
0.0,11,60.637562
0.0,11,60.639437
0.0,11,60.640942
-1.0,11,60.64284
0.0,11,60.644784
-1.0,11,60.646728
0.0,11,60.648203
-1.0,11,60.650151
-1.0,11,60.652047
0.0,11,60.653954
-1.0,11,60.655549
-1.0,11,60.657493
-1.0,11,60.659396
-1.0,11,60.661328
-1.0,11,60.662794
-1.0,11,60.664696
-1.0,11,60.666567
-1.0,11,60.668504
0.0,11,60.669986
0.0,11,60.671896
0.0,11,60.673828
-1.0,11,60.675734
0.0,11,60.677237
-1.0,11,60.679181
0.0,11,60.681095
0.0,11,60.682977
0.0,11,60.684478
0.0,11,60.6864
-1.0,11,60.688299
-1.0,11,60.690187
0.0,11,60.691718
-1.0,11,60.69358
-1.0,11,60.695547
-1.0,11,60.697441
0.0,11,60.698908
0.0,11,60.700798
0.0,11,60.70275
-2.0,11,60.704625
0.0,11,60.706126
0.0,11,60.708136
0.0,11,60.71003
0.0,11,60.712045
-1.0,11,60.71373
-1.0,11,60.715716
-2.0,11,60.717546
-1.0,11,60.719629
-1.0,11,60.721163
0.0,11,60.723119
0.0,11,60.725053
0.0,11,60.726988
-1.0,11,60.728495
-1.0,11,60.73045
-1.0,11,60.732366
-1.0,11,60.734288
-1.0,11,60.735823
0.0,11,60.737707
-1.0,11,60.73962
0.0,11,60.741532
0.0,11,60.742997
0.0,11,60.745082
-1.0,11,60.747009
0.0,11,60.748919
0.0,11,60.750397
-1.0,11,60.752434
-1.0,11,60.754357
-2.0,11,60.756258
-1.0,11,60.75777
0.0,11,60.759683
0.0,11,60.761686
-1.0,11,60.763631
0.0,11,60.765176
0.0,11,60.767059
-1.0,11,60.769093
0.0,11,60.771023
-1.0,11,60.772535
-1.0,11,60.774443
-1.0,11,60.776479
-2.0,11,60.778389
0.0,11,60.779908
-1.0,11,60.781837
-1.0,11,60.783762
-1.0,11,60.785704
-1.0,11,60.787213
0.0,11,60.789119
0.0,11,60.791035
-1.0,11,60.793093
-2.0,11,60.794674
-1.0,11,60.796661
-1.0,11,60.798591
-2.0,11,60.800511
0.0,11,60.802098
0.0,11,60.804039
0.0,11,60.80596
-1.0,11,60.807889
0.0,11,60.809474
0.0,11,60.811529
-1.0,11,60.813428
-1.0,11,60.815398
-1.0,11,60.816962
0.0,11,60.819061
-1.0,11,60.821019
-1.0,11,60.822939
-1.0,11,60.824503
-1.0,11,60.826515
-1.0,11,60.828475
0.0,11,60.830383
0.0,11,60.831888
0.0,11,60.833945
0.0,11,60.836073
-1.0,11,60.838071
-1.0,11,60.839637
-1.0,11,60.841638
0.0,11,60.843614
-1.0,11,60.845534
-1.0,11,60.847035
-2.0,11,60.849007
-2.0,11,60.850972
-1.0,11,60.85294
-1.0,11,60.854563
0.0,11,60.856664
0.0,11,60.858635
0.0,11,60.860625
-1.0,11,60.862205
-1.0,11,60.864214
0.0,11,60.866312
0.0,11,60.868379
-1.0,11,60.869862
0.0,11,60.871948
-2.0,11,60.873968
0.0,11,60.87599
-1.0,11,60.877558
0.0,11,60.879459
0.0,11,60.881523
-2.0,11,60.883563
-1.0,11,60.885129
-2.0,11,60.887105
-1.0,11,60.88905
-2.0,11,60.89128
0.0,11,60.892888
0.0,11,60.894995
-1.0,11,60.896945
-2.0,11,60.899159
-1.0,11,60.900841
-1.0,11,60.902806
0.0,11,60.904816
0.0,11,60.906892
-1.0,11,60.908605
-1.0,11,60.910665
-1.0,11,60.91267
0.0,11,60.914564
-2.0,11,60.916321
-1.0,11,60.918353
-1.0,11,60.920292
-1.0,11,60.92223
-1.0,11,60.923913
-1.0,11,60.925953
-1.0,11,60.927921
0.0,11,60.929865
-1.0,11,60.931399
-1.0,11,60.933444
-1.0,11,60.935368
-1.0,11,60.937296
-1.0,11,60.938843
0.0,11,60.940902
-1.0,11,60.942878
-1.0,11,60.944806
-1.0,11,60.946348
-1.0,11,60.948336
0.0,11,60.950315
0.0,11,60.952232
0.0,11,60.953752
-1.0,11,60.956282
0.0,11,60.95826
-1.0,11,60.960196
-1.0,11,60.961705
-1.0,11,60.963629
0.0,11,60.965609
-2.0,11,60.96769
0.0,11,60.969217
-1.0,11,60.971147
0.0,11,60.973074
0.0,11,60.975126
-1.0,11,60.976682
0.0,11,60.978553
-1.0,11,60.980396
0.0,11,60.982352
-1.0,11,60.983933
-1.0,11,60.985878
0.0,11,60.987766
0.0,11,60.989725
-1.0,11,60.991238
0.0,11,60.993191
0.0,11,60.9951
0.0,11,60.997051
-1.0,11,60.998584
0.0,11,61.000471
-2.0,11,61.002374
0.0,11,61.004266
0.0,11,61.005773
-1.0,11,61.007739
0.0,11,61.009674
0.0,11,61.011577
-1.0,11,61.013125
0.0,11,61.015153
0.0,11,61.017079
0.0,11,61.019105
-1.0,11,61.020685
0.0,11,61.022654
-1.0,11,61.024812
-2.0,11,61.026804
0.0,11,61.028437
-1.0,11,61.030515
-2.0,11,61.03248
-2.0,11,61.034422
-2.0,11,61.035935
-1.0,11,61.037932
-1.0,11,61.039905
-2.0,11,61.042003
-1.0,11,61.043583
0.0,11,61.045536
-2.0,11,61.047472
-1.0,11,61.049471
-1.0,11,61.050998
-1.0,11,61.052958
0.0,11,61.054909
0.0,11,61.056825
0.0,11,61.058396
-1.0,11,61.060329
0.0,11,61.062262
0.0,11,61.064244
0.0,11,61.065884
0.0,11,61.067835
-1.0,11,61.069777
0.0,11,61.071664
-1.0,11,61.073233
-1.0,11,61.075178
-1.0,11,61.077116
-1.0,11,61.079027
-1.0,11,61.080509
0.0,11,61.082576
0.0,11,61.084478
0.0,11,61.086372
0.0,11,61.087953
0.0,11,61.089961
0.0,11,61.092162
0.0,11,61.094138
0.0,11,61.095614
-2.0,11,61.097531
0.0,11,61.099582
-1.0,11,61.101508
-2.0,11,61.103051
-1.0,11,61.105032
-2.0,11,61.106989
0.0,11,61.108922
-1.0,11,61.110392
-1.0,11,61.1123
0.0,11,61.114221
-1.0,11,61.116213
-1.0,11,61.117657
-2.0,11,61.119515
-1.0,11,61.121409
-2.0,11,61.123365
-1.0,11,61.124899
0.0,11,61.126844
-2.0,11,61.128731
-1.0,11,61.130651
0.0,11,61.13219
0.0,11,61.134067
-1.0,11,61.135996
-1.0,11,61.137911
-1.0,11,61.139445
-2.0,11,61.141424
0.0,11,61.143385
0.0,11,61.14526
-1.0,11,61.146728
-1.0,11,61.148644
0.0,11,61.150575
-1.0,11,61.15248
-1.0,11,61.154013
-1.0,11,61.155891
-1.0,11,61.157883
0.0,11,61.159905
-1.0,11,61.161419
0.0,11,61.163283
0.0,11,61.165228
-1.0,11,61.167155
0.0,11,61.168674
-1.0,11,61.170567
-2.0,11,61.172478
-1.0,11,61.17446
0.0,11,61.175955
-1.0,11,61.177883
0.0,11,61.179791
-1.0,11,61.181779
-1.0,11,61.183366
0.0,11,61.18533
0.0,11,61.187253
-2.0,11,61.18916
0.0,11,61.190668
-1.0,11,61.192532
0.0,11,61.194461
-1.0,11,61.19636
0.0,11,61.19785
-1.0,11,61.199854
-1.0,11,61.201831
0.0,11,61.203729
-1.0,11,61.20524
-2.0,11,61.207189
-1.0,11,61.209137
0.0,11,61.211014
-1.0,11,61.212542
0.0,11,61.214415
0.0,11,61.216384
0.0,11,61.218321
-1.0,11,61.219856
-1.0,11,61.221695
-1.0,11,61.223589
-1.0,11,61.225522
-1.0,11,61.227063
-1.0,11,61.22897
-1.0,11,61.230866
0.0,11,61.232869
-1.0,11,61.234335
0.0,11,61.236258
0.0,11,61.238172
0.0,11,61.240153
-1.0,11,61.241694
0.0,11,61.243614
-1.0,11,61.245525
-1.0,11,61.247387
-2.0,11,61.248888
-1.0,11,61.250812
-1.0,11,61.252715
0.0,11,61.254583
-1.0,11,61.256085
-1.0,11,61.25807
-1.0,11,61.259949
0.0,11,61.261863
0.0,11,61.263375
0.0,11,61.26545
0.0,11,61.267399
-1.0,11,61.269319
-1.0,11,61.27087
0.0,11,61.272805
0.0,11,61.274877
-1.0,11,61.276907
0.0,11,61.278435
-1.0,11,61.280362
-1.0,11,61.282414
-1.0,11,61.284371
-2.0,11,61.285902
-2.0,11,61.287776
0.0,11,61.28965
0.0,11,61.291608
0.0,11,61.29313
0.0,11,61.295043
0.0,11,61.297019
0.0,11,61.299011
-1.0,11,61.300549
-2.0,11,61.302471
-1.0,11,61.304382
0.0,11,61.306271
0.0,11,61.307874
0.0,11,61.309805
-1.0,11,61.311775
0.0,11,61.313673
0.0,11,61.315277
-2.0,11,61.317203
0.0,11,61.319108
0.0,11,61.321049
0.0,11,61.322577
-1.0,11,61.324548
-2.0,11,61.326526
0.0,11,61.328442
-2.0,11,61.329961
0.0,11,61.331954
0.0,11,61.333905
-1.0,11,61.335813
0.0,11,61.337322
0.0,11,61.339249
0.0,11,61.341253
-1.0,11,61.34315
-2.0,11,61.344624
-1.0,11,61.346539
0.0,11,61.348501
0.0,11,61.350401
0.0,11,61.351908
0.0,11,61.353803
0.0,11,61.355701
0.0,11,61.357685
0.0,11,61.359188
0.0,11,61.361098
-1.0,11,61.363019
0.0,11,61.364945
-1.0,11,61.366494
-1.0,11,61.368355
0.0,11,61.37022
0.0,11,61.372111
-1.0,11,61.373632
-1.0,11,61.375624
0.0,11,61.377509
-1.0,11,61.379401
-2.0,11,61.380831
0.0,11,61.382857
0.0,11,61.384773
0.0,11,61.386727
-1.0,11,61.388239
-1.0,11,61.390166
-1.0,11,61.392115
-2.0,11,61.394043
0.0,11,61.395568
0.0,11,61.397458
-1.0,11,61.39945
-1.0,11,61.401371
0.0,11,61.402916
-1.0,11,61.404842
0.0,11,61.406774
-1.0,11,61.408725
-1.0,11,61.41026
-1.0,11,61.412197
0.0,11,61.414117
0.0,11,61.416129
-1.0,11,61.417645
-1.0,11,61.419527
-2.0,11,61.421464
0.0,11,61.423412
0.0,11,61.424901
-1.0,11,61.426904
0.0,11,61.428822
0.0,11,61.430756
0.0,11,61.432362
-1.0,11,61.434297
-1.0,11,61.436207
0.0,11,61.438116
0.0,11,61.439618
0.0,11,61.441576
0.0,11,61.443504
0.0,11,61.445428
-2.0,11,61.446934
-1.0,11,61.449078
-1.0,11,61.450987
0.0,11,61.452932
0.0,11,61.454489
0.0,11,61.456484
0.0,11,61.458552
-1.0,11,61.460542
-3.0,11,61.462058
-1.0,11,61.463957
0.0,11,61.465979
0.0,11,61.46797
-1.0,11,61.469473
0.0,11,61.471379
-1.0,11,61.473335
-1.0,11,61.475275
0.0,11,61.476753
-1.0,11,61.478667
0.0,11,61.480586
0.0,11,61.482559
0.0,11,61.484087
-1.0,11,61.485984
-1.0,11,61.487912
-1.0,11,61.489839
0.0,11,61.491408
-1.0,11,61.493305
-2.0,11,61.495229
-1.0,11,61.497144
-1.0,11,61.49867
-2.0,11,61.500633
-1.0,11,61.502539
0.0,11,61.504443
-1.0,11,61.505923
0.0,11,61.507931
-1.0,11,61.509845
-1.0,11,61.511748
0.0,11,61.513237
-1.0,11,61.515163
-1.0,11,61.517106
0.0,11,61.518994
-1.0,11,61.520495
0.0,11,61.522429
0.0,11,61.52443
-1.0,11,61.526352
0.0,11,61.527871
-1.0,11,61.529784
-1.0,11,61.531681
-1.0,11,61.533606
0.0,11,61.535103
0.0,11,61.537036
0.0,11,61.538938
0.0,11,61.540888
-1.0,11,61.542576
0.0,11,61.544538
-1.0,11,61.546471
-1.0,11,61.548523
0.0,11,61.550032
0.0,11,61.551967
0.0,11,61.553913
0.0,11,61.555849
0.0,11,61.557454
-2.0,11,61.559322
-1.0,11,61.561254
-1.0,11,61.563159
-1.0,11,61.564647
-1.0,11,61.566635
0.0,11,61.568517
0.0,11,61.570409
0.0,11,61.571936
0.0,11,61.573925
0.0,11,61.575876
0.0,11,61.577792
-1.0,11,61.579311
-1.0,11,61.581199
-1.0,11,61.58314
0.0,11,61.585033
-1.0,11,61.586492
-1.0,11,61.588391
-1.0,11,61.590261
0.0,11,61.592227
-1.0,11,61.59373
-1.0,11,61.595635
-1.0,11,61.59754
0.0,11,61.599504
-1.0,11,61.601039
-1.0,11,61.602991
0.0,11,61.604883
0.0,11,61.606794
-2.0,11,61.608323
-1.0,11,61.610245
0.0,11,61.612136
0.0,11,61.614063
-1.0,11,61.615671
-1.0,11,61.617621
-2.0,11,61.619537
0.0,11,61.621411
0.0,11,61.622918
-1.0,11,61.624919
0.0,11,61.626834
0.0,11,61.628763
-1.0,11,61.630288
0.0,11,61.632395
0.0,11,61.634381
-1.0,11,61.636294
0.0,11,61.637839
0.0,11,61.639857
-1.0,11,61.641935
-1.0,11,61.643871
0.0,11,61.645403
-1.0,11,61.647325
-1.0,11,61.649315
-1.0,11,61.651278
0.0,11,61.652789
0.0,11,61.654725
-1.0,11,61.65666
0.0,11,61.658561
-2.0,11,61.660072
-1.0,11,61.661931
-1.0,11,61.663845
-1.0,11,61.665764
-1.0,11,61.66731
-1.0,11,61.669244
0.0,11,61.671136
-2.0,11,61.672998
0.0,11,61.674521
-1.0,11,61.676458
-1.0,11,61.67839
0.0,11,61.680302
-1.0,11,61.681815
0.0,11,61.683705
0.0,11,61.685597
-1.0,11,61.687514
-1.0,11,61.689047
0.0,11,61.690947
0.0,11,61.692841
-1.0,11,61.694751
0.0,11,61.696266
-1.0,11,61.698195
-1.0,11,61.700059
0.0,11,61.701948
-1.0,11,61.703457
0.0,11,61.705321
0.0,11,61.707251
0.0,11,61.709151
-1.0,11,61.710672
0.0,11,61.712579
-1.0,11,61.71448
0.0,11,61.716387
0.0,11,61.717909
0.0,11,61.719807
-3.0,11,61.721666
0.0,11,61.723614
-1.0,11,61.725139
0.0,11,61.727025
-1.0,11,61.728984
-2.0,11,61.730871
0.0,11,61.732406
0.0,11,61.734289
0.0,11,61.736188
0.0,11,61.738133
0.0,11,61.739593
0.0,11,61.741501
-1.0,11,61.743407
-1.0,11,61.745288
0.0,11,61.746815
-2.0,11,61.748731
0.0,11,61.750646
0.0,11,61.752554
-2.0,11,61.754031
-1.0,11,61.755942
-1.0,11,61.757859
0.0,11,61.75977
-1.0,11,61.761291
-1.0,11,61.763218
-1.0,11,61.765118
-1.0,11,61.767019
0.0,11,61.768507
-1.0,11,61.770414
-1.0,11,61.772377
0.0,11,61.774278
-1.0,11,61.775746
-1.0,11,61.777616
0.0,11,61.779492
0.0,11,61.781376
-1.0,11,61.782911
-1.0,11,61.784834
-1.0,11,61.78677
0.0,11,61.788728
-1.0,11,61.790197
-1.0,11,61.792099
-1.0,11,61.793977
-1.0,11,61.795853
-1.0,11,61.797382
0.0,11,61.799306
0.0,11,61.801204
0.0,11,61.803086
0.0,11,61.804619
-2.0,11,61.806542
0.0,11,61.808481
-1.0,11,61.81039
0.0,11,61.811894
-1.0,11,61.813947
0.0,11,61.815911
-1.0,11,61.817804
0.0,11,61.819698
-1.0,11,61.821763
-1.0,11,61.823664
0.0,11,61.825745
0.0,11,61.827353
0.0,11,61.829466
-1.0,11,61.831801
-1.0,11,61.834139
-1.0,11,61.835801
-1.0,11,61.837848
0.0,11,61.839891
-2.0,11,61.841878
0.0,11,61.843452
-1.0,11,61.845439
-1.0,11,61.847559
0.0,11,61.849811
0.0,11,61.851621
-1.0,11,61.853833
-2.0,11,61.856225
-1.0,11,61.858585
-1.0,11,61.860299
-1.0,11,61.862488
-1.0,11,61.864506
-1.0,11,61.866691
0.0,11,61.868309
0.0,11,61.870377
-1.0,11,61.872439
0.0,11,61.874543
0.0,11,61.876154
0.0,11,61.878173
0.0,11,61.880157
0.0,11,61.882171
0.0,11,61.883845
-1.0,11,61.885873
-1.0,11,61.88786
-1.0,11,61.889837
-1.0,11,61.891502
0.0,11,61.893503
0.0,11,61.895542
-2.0,11,61.897535
-2.0,11,61.899047
-1.0,11,61.901006
-1.0,11,61.90305
-1.0,11,61.904986
0.0,11,61.906553
0.0,11,61.908673
-1.0,11,61.910666
-1.0,11,61.912717
-1.0,11,61.914289
-2.0,11,61.916318
0.0,11,61.918276
-1.0,11,61.920234
-2.0,11,61.921757
0.0,11,61.9238
0.0,11,61.925872
0.0,11,61.927864
0.0,11,61.929424
-2.0,11,61.93137
0.0,11,61.933416
-1.0,11,61.935361
-1.0,11,61.936966
-1.0,11,61.93891
0.0,11,61.940952
0.0,11,61.94298
-1.0,11,61.944568
0.0,11,61.946498
-1.0,11,61.948422
-1.0,11,61.950391
0.0,11,61.951984
-1.0,11,61.95391
0.0,11,61.955821
-1.0,11,61.957981
-1.0,11,61.95952
-1.0,11,61.961577
-1.0,11,61.963587
-1.0,11,61.96556
0.0,11,61.967164
-1.0,11,61.969171
-1.0,11,61.971121
-1.0,11,61.973073
-1.0,11,61.974676
0.0,11,61.976651
-1.0,11,61.97861
0.0,11,61.980528
-1.0,11,61.982059
-2.0,11,61.98406
0.0,11,61.985997
0.0,11,61.987937
-2.0,11,61.989402
-1.0,11,61.991361
0.0,11,61.993325
0.0,11,61.995265
-1.0,11,61.996782
0.0,11,61.998648
0.0,11,62.000546
0.0,11,62.002441
-1.0,11,62.003955
0.0,11,62.006055
-1.0,11,62.007986
0.0,11,62.009904
-1.0,11,62.011593
-1.0,11,62.01358
-2.0,11,62.015651
-2.0,11,62.017601
-1.0,11,62.019128
-1.0,11,62.021046
0.0,11,62.022998
0.0,11,62.024975
0.0,11,62.026506
0.0,11,62.028454
-1.0,11,62.030367
0.0,11,62.03231
0.0,11,62.033881
-1.0,11,62.035839
-1.0,11,62.037767
0.0,11,62.039745
-2.0,11,62.041278
-1.0,11,62.043157
-1.0,11,62.045065
-1.0,11,62.047033
-1.0,11,62.048682
-1.0,11,62.050621
0.0,11,62.05256
-2.0,11,62.054493
-1.0,11,62.055996
-1.0,11,62.057923
-1.0,11,62.059836
0.0,11,62.061745
0.0,11,62.063297
-1.0,11,62.065222
0.0,11,62.067099
-1.0,11,62.069027
-1.0,11,62.070548
0.0,11,62.072504
0.0,11,62.074417
-1.0,11,62.076339
0.0,11,62.077858
-1.0,11,62.079774
0.0,11,62.081675
-2.0,11,62.083556
0.0,11,62.085086
-1.0,11,62.086997
-1.0,11,62.088893
0.0,11,62.090775
0.0,11,62.092247
0.0,11,62.094165
0.0,11,62.096069
-2.0,11,62.097949
-1.0,11,62.099466
0.0,11,62.101384
-2.0,11,62.103334
-1.0,11,62.105254
-2.0,11,62.106702
0.0,11,62.108701
-1.0,11,62.110653
-1.0,11,62.112589
-1.0,11,62.114127
0.0,11,62.116035
0.0,11,62.11795
-1.0,11,62.119905
0.0,11,62.121729
-1.0,11,62.123661
0.0,11,62.12552
0.0,11,62.127434
0.0,11,62.128944
-1.0,11,62.130879
0.0,11,62.13279
-1.0,11,62.134711
-1.0,11,62.136281
0.0,11,62.138199
-1.0,11,62.140152
-1.0,11,62.142132
0.0,11,62.14372
0.0,11,62.145624
0.0,11,62.147569
0.0,11,62.149465
-2.0,11,62.15095
0.0,11,62.152865
0.0,11,62.154807
0.0,11,62.156704
0.0,11,62.158201
-1.0,11,62.160115
-1.0,11,62.161983
-1.0,11,62.163913
0.0,11,62.165468
-2.0,11,62.167338
-1.0,11,62.169261
0.0,11,62.171128
-1.0,11,62.172595
-1.0,11,62.174506
0.0,11,62.176434
-1.0,11,62.178345
-1.0,11,62.179908
-1.0,11,62.181808
-1.0,11,62.18373
0.0,11,62.185652
-1.0,11,62.187151
0.0,11,62.189151
0.0,11,62.191057
-1.0,11,62.192965
0.0,11,62.194675
0.0,11,62.196705
-2.0,11,62.198637
-1.0,11,62.200658
-2.0,11,62.20226
-1.0,11,62.204193
-1.0,11,62.206119
0.0,11,62.208033
0.0,11,62.209546
-2.0,11,62.211542
-1.0,11,62.213509
-1.0,11,62.215421
0.0,11,62.216931
-1.0,11,62.218764
-1.0,11,62.220695
-2.0,11,62.222613
-1.0,11,62.224133
0.0,11,62.226033
0.0,11,62.227943
0.0,11,62.229835
-1.0,11,62.231372
0.0,11,62.233315
-1.0,11,62.235233
-2.0,11,62.237155
-1.0,11,62.238647
-1.0,11,62.240562
-1.0,11,62.242492
0.0,11,62.24441
-2.0,11,62.245983
-1.0,11,62.247932
0.0,11,62.24983
-1.0,11,62.251683
0.0,11,62.253233
-1.0,11,62.2552
0.0,11,62.257112
-1.0,11,62.25904
-1.0,11,62.260563
0.0,11,62.262499
-2.0,11,62.264375
-1.0,11,62.266305
0.0,11,62.267817
0.0,11,62.269788
-1.0,11,62.271726
0.0,11,62.273583
-1.0,11,62.275081
-2.0,11,62.276939
-1.0,11,62.278891
0.0,11,62.280811
0.0,11,62.282324
-1.0,11,62.284236
0.0,11,62.286164
-2.0,11,62.288064
-1.0,11,62.289604
-1.0,11,62.291535
-2.0,11,62.293455
-1.0,11,62.295391
0.0,11,62.296946
-2.0,11,62.298873
-2.0,11,62.300768
-1.0,11,62.302697
0.0,11,62.304155
-1.0,11,62.306109
0.0,11,62.308032
-1.0,11,62.309941
0.0,11,62.311468
-1.0,11,62.313456
-1.0,11,62.315391
-1.0,11,62.317296
-1.0,11,62.318811
-1.0,11,62.320797
-2.0,11,62.32271
0.0,11,62.324607
-1.0,11,62.326104
0.0,11,62.328075
-2.0,11,62.330047
-1.0,11,62.331988
0.0,11,62.333483
-2.0,11,62.335442
-2.0,11,62.337529
-1.0,11,62.339638
0.0,11,62.341179
-1.0,11,62.343076
0.0,11,62.345091
-1.0,11,62.34707
0.0,11,62.348634
-1.0,11,62.350512
0.0,11,62.352506
-1.0,11,62.354486
0.0,11,62.35597
-1.0,11,62.357932
0.0,11,62.359927
-1.0,11,62.36201
0.0,11,62.363565
0.0,11,62.365545
-1.0,11,62.367488
0.0,11,62.369509
0.0,11,62.371035
0.0,11,62.373081
0.0,11,62.375019
-1.0,11,62.377128
0.0,11,62.378826
-2.0,11,62.380766
0.0,11,62.382891
0.0,11,62.384994
0.0,11,62.386553
-1.0,11,62.388486
-1.0,11,62.390537
0.0,11,62.392558
-2.0,11,62.394088
-1.0,11,62.395992
-1.0,11,62.397914
-1.0,11,62.399876
0.0,11,62.401464
-1.0,11,62.40337
0.0,11,62.405271
-1.0,11,62.40729
-1.0,11,62.408912
0.0,11,62.410872
-1.0,11,62.412823
-1.0,11,62.414741
-1.0,11,62.416342
-1.0,11,62.418344
-1.0,11,62.420272
0.0,11,62.422195
0.0,11,62.423769
0.0,11,62.425765
0.0,11,62.427693
-1.0,11,62.429629
0.0,11,62.431136
-2.0,11,62.433217
0.0,11,62.435249
0.0,11,62.437201
-2.0,11,62.438723
-1.0,11,62.440732
-1.0,11,62.442713
-1.0,11,62.444642
-1.0,11,62.446151
-2.0,11,62.44809
-1.0,11,62.450154
-1.0,11,62.452098
0.0,11,62.453626
0.0,11,62.455584
0.0,11,62.457616
-2.0,11,62.459534
-2.0,11,62.46106
0.0,11,62.463043
0.0,11,62.464997
0.0,11,62.467006
0.0,11,62.468545
-1.0,11,62.470477
0.0,11,62.472391
-1.0,11,62.474435
0.0,11,62.476018
-1.0,11,62.477971
-2.0,11,62.479905
0.0,11,62.481851
0.0,11,62.483397
0.0,11,62.48537
-1.0,11,62.487236
-1.0,11,62.489104
-1.0,11,62.490667
-1.0,11,62.492581
0.0,11,62.494487
0.0,11,62.496393
0.0,11,62.497903
0.0,11,62.49982
-1.0,11,62.501737
-1.0,11,62.503607
0.0,11,62.505107
-1.0,11,62.50699
0.0,11,62.508913
0.0,11,62.510827
0.0,11,62.512327
-1.0,11,62.514227
-1.0,11,62.516105
-2.0,11,62.518033
0.0,11,62.519554
-1.0,11,62.521447
-1.0,11,62.523362
0.0,11,62.525293
0.0,11,62.526789
0.0,11,62.528709
-1.0,11,62.530656
0.0,11,62.532579
-1.0,11,62.534092
0.0,11,62.536003
0.0,11,62.537924
0.0,11,62.539935
0.0,11,62.541576
-1.0,11,62.543512
-1.0,11,62.545422
-1.0,11,62.547362
-1.0,11,62.548904
0.0,11,62.55082
-2.0,11,62.552694
-1.0,11,62.554641
0.0,11,62.556141
0.0,11,62.558174
-1.0,11,62.560088
0.0,11,62.56199
0.0,11,62.563663
0.0,11,62.565762
-1.0,11,62.567746
0.0,11,62.569672
0.0,11,62.571207
-1.0,11,62.573096
0.0,11,62.575068
-1.0,11,62.576975
0.0,11,62.578499
0.0,11,62.580405
-2.0,11,62.582228
-1.0,11,62.584103
0.0,11,62.585702
0.0,11,62.587618
-2.0,11,62.589488
-2.0,11,62.591442
-1.0,11,62.592905
0.0,11,62.594807
-2.0,11,62.596725
0.0,11,62.598634
0.0,11,62.600122
0.0,11,62.602031
0.0,11,62.603975
-1.0,11,62.605864
-1.0,11,62.607401
-1.0,11,62.609367
0.0,11,62.611282
-1.0,11,62.613233
-1.0,11,62.614774
0.0,11,62.616692
-2.0,11,62.618587
0.0,11,62.620487
0.0,11,62.621999
-1.0,11,62.623927
0.0,11,62.625846
0.0,11,62.627762
-1.0,11,62.629251
-1.0,11,62.631151
0.0,11,62.633069
0.0,11,62.634985
0.0,11,62.636427
0.0,11,62.638336
-1.0,11,62.640221
-1.0,11,62.642159
-2.0,11,62.643667
-1.0,11,62.645603
-1.0,11,62.647452
-1.0,11,62.649307
0.0,11,62.650819
-1.0,11,62.652731
-2.0,11,62.654683
0.0,11,62.656661
0.0,11,62.658156
-1.0,11,62.660139
0.0,11,62.662104
-1.0,11,62.664019
-1.0,11,62.665525
-1.0,11,62.667481
0.0,11,62.66937
-1.0,11,62.671329
-1.0,11,62.672865
0.0,11,62.674774
-1.0,11,62.67666
-1.0,11,62.678592
0.0,11,62.680117
0.0,11,62.682024
-1.0,11,62.683891
-1.0,11,62.68574
0.0,11,62.687253
0.0,11,62.689155
-1.0,11,62.691015
0.0,11,62.692937
-1.0,11,62.69446
0.0,11,62.696402
0.0,11,62.698344
-2.0,11,62.700224
0.0,11,62.701737
-1.0,11,62.703691
-1.0,11,62.705581
0.0,11,62.707485
0.0,11,62.708988
-1.0,11,62.710926
0.0,11,62.712819
-1.0,11,62.714719
-1.0,11,62.716184
0.0,11,62.718101
0.0,11,62.720074
-1.0,11,62.721969
-1.0,11,62.723455
-1.0,11,62.725387
0.0,11,62.727343
-1.0,11,62.729262
0.0,11,62.730821
0.0,11,62.732723
-1.0,11,62.73465
0.0,11,62.736676
-1.0,11,62.738172
0.0,11,62.740194
0.0,11,62.742133
0.0,11,62.744159
-1.0,11,62.745916
0.0,11,62.74809
0.0,11,62.75011
0.0,11,62.752355
-1.0,11,62.753971
-1.0,11,62.755944
0.0,11,62.758115
0.0,11,62.760332
-1.0,11,62.761891
0.0,11,62.763892
-1.0,11,62.765857
0.0,11,62.767935
-1.0,11,62.769484
-1.0,11,62.771403
-1.0,11,62.773371
-1.0,11,62.775294
-1.0,11,62.776951
-1.0,11,62.779064
0.0,11,62.781289
-1.0,11,62.783436
-1.0,11,62.785005
0.0,11,62.787028
-1.0,11,62.788928
-1.0,11,62.790948
0.0,11,62.792583
-1.0,11,62.794556
-2.0,11,62.796472
0.0,11,62.798463
-1.0,11,62.800116
0.0,11,62.802202
0.0,11,62.804147
-1.0,11,62.806088
0.0,11,62.807709
-1.0,11,62.809783
-1.0,11,62.811723
-1.0,11,62.813671
0.0,11,62.815373
-1.0,11,62.817367
-1.0,11,62.819264
-1.0,11,62.821299
-1.0,11,62.822819
0.0,11,62.8249
0.0,11,62.826856
0.0,11,62.828812
0.0,11,62.830359
0.0,11,62.832409
-1.0,11,62.834421
-1.0,11,62.836304
-1.0,11,62.837798
-1.0,11,62.839737
-1.0,11,62.841794
-1.0,11,62.843756
0.0,11,62.845276
0.0,11,62.847191
-2.0,11,62.849188
0.0,11,62.851168
0.0,11,62.85277
-1.0,11,62.854703
0.0,11,62.856694
-1.0,11,62.858729
-1.0,11,62.860274
-1.0,11,62.862161
-1.0,11,62.864103
-1.0,11,62.866133
-1.0,11,62.867737
0.0,11,62.869681
-1.0,11,62.87156
-1.0,11,62.873553
-1.0,11,62.875192
0.0,11,62.877163
-1.0,11,62.879078
0.0,11,62.880992
0.0,11,62.882663
-2.0,11,62.884645
0.0,11,62.886567
-2.0,11,62.888481
0.0,11,62.890119
-2.0,11,62.892078
0.0,11,62.89401
-2.0,11,62.895919
0.0,11,62.897461
-1.0,11,62.899507
0.0,11,62.901423
-1.0,11,62.903373
-1.0,11,62.904893
-2.0,11,62.90687
0.0,11,62.908828
-1.0,11,62.910781
-1.0,11,62.912326
0.0,11,62.914301
0.0,11,62.916342
0.0,11,62.918282
-2.0,11,62.919751
-1.0,11,62.921636
0.0,11,62.923604
-1.0,11,62.925593
0.0,11,62.927115
0.0,11,62.929136
-1.0,11,62.931053
0.0,11,62.933065
0.0,11,62.934616
-1.0,11,62.936576
0.0,11,62.938501
-1.0,11,62.940739
0.0,11,62.942326
0.0,11,62.944338
-1.0,11,62.946262
-1.0,11,62.948401
-1.0,11,62.949997
0.0,11,62.951941
-2.0,11,62.953855
-1.0,11,62.955755
-1.0,11,62.957409
-1.0,11,62.959392
0.0,11,62.961374
0.0,11,62.963279
0.0,11,62.964913
-1.0,11,62.966848
0.0,11,62.968779
-1.0,11,62.970709
-1.0,11,62.972322
-1.0,11,62.974339
0.0,11,62.976311
0.0,11,62.97826
0.0,11,62.97978
0.0,11,62.981815
0.0,11,62.983813
-1.0,11,62.985776
-1.0,11,62.987278
-1.0,11,62.989262
0.0,11,62.991282
0.0,11,62.993197
-1.0,11,62.994719
-1.0,11,62.996711
0.0,11,62.99872
-1.0,11,63.000691
0.0,11,63.002234
-1.0,11,63.004153
-2.0,11,63.006102
-1.0,11,63.00815
-1.0,11,63.009662
0.0,11,63.011594
0.0,11,63.013526
-1.0,11,63.015539
0.0,11,63.017111
-1.0,11,63.019035
0.0,11,63.021015
0.0,11,63.022973
0.0,11,63.024572
0.0,11,63.026486
0.0,11,63.0284
0.0,11,63.030359
0.0,11,63.031909
-1.0,11,63.033887
-1.0,11,63.035786
-1.0,11,63.037673
0.0,11,63.039205
0.0,11,63.041187
0.0,11,63.043239
-1.0,11,63.045164
-2.0,11,63.046735
-1.0,11,63.048843
-1.0,11,63.050811
0.0,11,63.052817
-2.0,11,63.054406
-1.0,11,63.056392
-1.0,11,63.058404
-1.0,11,63.060345
-1.0,11,63.061942
0.0,11,63.063875
-1.0,11,63.065831
-1.0,11,63.067717
0.0,11,63.069236
-1.0,11,63.071227
-1.0,11,63.073161
-1.0,11,63.075204
0.0,11,63.076699
0.0,11,63.078667
-1.0,11,63.080622
-1.0,11,63.082599
0.0,11,63.084122
-1.0,11,63.086039
0.0,11,63.08798
0.0,11,63.089895
-1.0,11,63.091507
-2.0,11,63.09345
0.0,11,63.095421
-1.0,11,63.097361
-1.0,11,63.098997
-1.0,11,63.100925
0.0,11,63.102846
0.0,11,63.104747
0.0,11,63.106245
-1.0,11,63.108243
-1.0,11,63.110157
0.0,11,63.112123
-1.0,11,63.11369
-1.0,11,63.11582
-1.0,11,63.117733
-1.0,11,63.119712
0.0,11,63.121276
-2.0,11,63.123342
-1.0,11,63.12546
-1.0,11,63.127491
0.0,11,63.12903
-2.0,11,63.130924
-1.0,11,63.132965
-1.0,11,63.134887
-2.0,11,63.136465
0.0,11,63.138426
-1.0,11,63.140486
0.0,11,63.142442
-2.0,11,63.144008
-2.0,11,63.145947
-1.0,11,63.14787
0.0,11,63.149876
-1.0,11,63.151444
-1.0,11,63.15341
-1.0,11,63.155344
-1.0,11,63.157341
0.0,11,63.158971
-1.0,11,63.160948
-1.0,11,63.16287
0.0,11,63.164848
-2.0,11,63.166504
0.0,11,63.168483
0.0,11,63.170397
-1.0,11,63.172376
-1.0,11,63.173966
-1.0,11,63.175916
0.0,11,63.177817
-1.0,11,63.179757
-1.0,11,63.181275
0.0,11,63.183333
-1.0,11,63.185301
-1.0,11,63.187215
0.0,11,63.188722
0.0,11,63.190707
-1.0,11,63.192688
0.0,11,63.19465
0.0,11,63.196246
0.0,11,63.198176
-1.0,11,63.20016
0.0,11,63.202127
-1.0,11,63.203622
0.0,11,63.205506
-1.0,11,63.207499
-1.0,11,63.209444
-1.0,11,63.210992
0.0,11,63.212912
-1.0,11,63.214852
-2.0,11,63.216834
-1.0,11,63.218379
0.0,11,63.220304
-2.0,11,63.222211
-1.0,11,63.224159
-1.0,11,63.22568
-1.0,11,63.227683
0.0,11,63.229605
0.0,11,63.231557
-1.0,11,63.233156
0.0,11,63.2351
-1.0,11,63.236971
-1.0,11,63.238944
0.0,11,63.240558
-1.0,11,63.242557
0.0,11,63.244497
-1.0,11,63.246398
-1.0,11,63.247925
0.0,11,63.249915
-1.0,11,63.252051
-1.0,11,63.254096
0.0,11,63.255622
-1.0,11,63.257605
0.0,11,63.259969
-2.0,11,63.262051
-1.0,11,63.263655
-1.0,11,63.265719
-1.0,11,63.267966
-1.0,11,63.269978
-2.0,11,63.271529
-1.0,11,63.273539
-1.0,11,63.27555
-1.0,11,63.277499
-1.0,11,63.279094
0.0,11,63.281072
-1.0,11,63.283142
-1.0,11,63.285143
-1.0,11,63.286714
-1.0,11,63.28865
-2.0,11,63.290706
0.0,11,63.292595
-1.0,11,63.294144
0.0,11,63.296077
0.0,11,63.297983
0.0,11,63.300009
-1.0,11,63.301525
0.0,11,63.30358
-1.0,11,63.30548
0.0,11,63.307484
-1.0,11,63.309057
-1.0,11,63.311011
0.0,11,63.31293
-1.0,11,63.314897
0.0,11,63.31654
-2.0,11,63.318577
0.0,11,63.32052
-1.0,11,63.32249
-2.0,11,63.324114
-2.0,11,63.3261
-2.0,11,63.32802
0.0,11,63.329951
-1.0,11,63.331444
0.0,11,63.333413
0.0,11,63.335345
0.0,11,63.337366
-2.0,11,63.338913
0.0,11,63.340972
0.0,11,63.342941
-1.0,11,63.344819
0.0,11,63.346337
0.0,11,63.348377
0.0,11,63.350348
0.0,11,63.352274
-1.0,11,63.353848
0.0,11,63.355809
0.0,11,63.357827
0.0,11,63.359817
0.0,11,63.361381
0.0,11,63.363351
-1.0,11,63.365323
-1.0,11,63.367247
0.0,11,63.368754
-1.0,11,63.370667
0.0,11,63.372584
-2.0,11,63.374584
0.0,11,63.376084
0.0,11,63.377989
0.0,11,63.37996
-1.0,11,63.381948
-1.0,11,63.383503
-2.0,11,63.385477
-1.0,11,63.387429
0.0,11,63.389362
-1.0,11,63.390898
0.0,11,63.392776
0.0,11,63.394688
0.0,11,63.396632
-1.0,11,63.398191
0.0,11,63.400151
0.0,11,63.402068
0.0,11,63.403986
0.0,11,63.405518
-1.0,11,63.407505
0.0,11,63.409414
-1.0,11,63.411346
0.0,11,63.412865
0.0,11,63.414754
-1.0,11,63.416715
0.0,11,63.418659
0.0,11,63.420155
-1.0,11,63.422063
-1.0,11,63.424029
-1.0,11,63.425974
-1.0,11,63.427452
-1.0,11,63.429369
0.0,11,63.431285
0.0,11,63.433317
-1.0,11,63.4348
0.0,11,63.436732
0.0,11,63.438644
-1.0,11,63.440577
-1.0,11,63.442108
0.0,11,63.444007
0.0,11,63.44591
-2.0,11,63.447819
0.0,11,63.449381
0.0,11,63.451297
0.0,11,63.453229
-1.0,11,63.455163
-1.0,11,63.456708
0.0,11,63.45868
-1.0,11,63.460597
-1.0,11,63.462505
0.0,11,63.464053
-1.0,11,63.466001
0.0,11,63.467922
-2.0,11,63.469831
-1.0,11,63.471307
0.0,11,63.473284
-1.0,11,63.475247
0.0,11,63.477174
0.0,11,63.478636
0.0,11,63.480553
-1.0,11,63.482541
-1.0,11,63.484417
-1.0,11,63.485942
-1.0,11,63.487999
-1.0,11,63.489994
-1.0,11,63.491938
-1.0,11,63.493552
0.0,11,63.495493
0.0,11,63.497391
0.0,11,63.499424
-1.0,11,63.50099
0.0,11,63.502941
-1.0,11,63.504883
0.0,11,63.506853
0.0,11,63.508458
0.0,11,63.510491
-1.0,11,63.512431
-1.0,11,63.514369
0.0,11,63.515948
-1.0,11,63.517865
0.0,11,63.519831
-1.0,11,63.521751
0.0,11,63.523332
0.0,11,63.525299
-1.0,11,63.527233
-1.0,11,63.529146
0.0,11,63.530651
0.0,11,63.53262
0.0,11,63.534538
-1.0,11,63.536467
-2.0,11,63.537977
0.0,11,63.539922
0.0,11,63.541961
-1.0,11,63.54395
0.0,11,63.545412
-1.0,11,63.54729
0.0,11,63.549299
-1.0,11,63.551232
0.0,11,63.552762
0.0,11,63.554647
-1.0,11,63.556608
-1.0,11,63.558616
-1.0,11,63.56015
-1.0,11,63.562109
-2.0,11,63.564029
-2.0,11,63.566006
0.0,11,63.567554
0.0,11,63.569534
-1.0,11,63.571387
-1.0,11,63.573312
0.0,11,63.57487
0.0,11,63.576794
-1.0,11,63.578665
0.0,11,63.580529
0.0,11,63.582077
-1.0,11,63.584118
0.0,11,63.586034
0.0,11,63.587982
0.0,11,63.58952
0.0,11,63.59148
-2.0,11,63.593385
0.0,11,63.595283
0.0,11,63.596824
-1.0,11,63.598734
0.0,11,63.600649
-1.0,11,63.602569
0.0,11,63.604036
-1.0,11,63.605964
-1.0,11,63.607905
0.0,11,63.609848
-1.0,11,63.611353
0.0,11,63.613243
-1.0,11,63.615132
-1.0,11,63.617081
0.0,11,63.618561
-1.0,11,63.620516
-1.0,11,63.622431
0.0,11,63.624331
0.0,11,63.625869
-1.0,11,63.627828
0.0,11,63.629729
0.0,11,63.63163
-1.0,11,63.633176
-1.0,11,63.635076
-1.0,11,63.636989
0.0,11,63.638874
-1.0,11,63.640422
0.0,11,63.642372
-1.0,11,63.64426
0.0,11,63.646156
-1.0,11,63.647678
0.0,11,63.649656
0.0,11,63.651573
0.0,11,63.653485
0.0,11,63.654986
0.0,11,63.656894
0.0,11,63.658825
0.0,11,63.660728
-1.0,11,63.662219
-1.0,11,63.664134
0.0,11,63.666166
-1.0,11,63.668137
-1.0,11,63.669661
-2.0,11,63.671718
-2.0,11,63.673679
0.0,11,63.675644
-1.0,11,63.677204
-1.0,11,63.679158
-1.0,11,63.681101
-1.0,11,63.683406
-1.0,11,63.68498
0.0,11,63.686902
-1.0,11,63.688814
0.0,11,63.690981
0.0,11,63.692555
0.0,11,63.694499
0.0,11,63.696421
-1.0,11,63.698394
-1.0,11,63.699967
0.0,11,63.701923
-1.0,11,63.703833
-1.0,11,63.705765
0.0,11,63.707383
0.0,11,63.709479
0.0,11,63.711509
0.0,11,63.713447
-1.0,11,63.715027
-1.0,11,63.717214
0.0,11,63.719653
0.0,11,63.721503
-1.0,11,63.723083
-1.0,11,63.725229
-2.0,11,63.727501
0.0,11,63.729467
-1.0,11,63.731051
0.0,11,63.733176
-1.0,11,63.735206
-1.0,11,63.737128
-1.0,11,63.738627
-2.0,11,63.740753
-2.0,11,63.742825
0.0,11,63.744755
0.0,11,63.746297
0.0,11,63.748293
-2.0,11,63.750432
0.0,11,63.752402
-1.0,11,63.753929
-1.0,11,63.755923
0.0,11,63.758025
-1.0,11,63.760058
0.0,11,63.761623
0.0,11,63.76361
-1.0,11,63.765602
0.0,11,63.767673
0.0,11,63.769287
-2.0,11,63.771202
-1.0,11,63.773219
-1.0,11,63.775272
-2.0,11,63.776818
-1.0,11,63.778745
-1.0,11,63.780741
-1.0,11,63.782887
0.0,11,63.784498
0.0,11,63.786553
0.0,11,63.788499
0.0,11,63.790573
0.0,11,63.79216
-1.0,11,63.794094
-2.0,11,63.795995
0.0,11,63.798002
0.0,11,63.79962
-1.0,11,63.801605
-2.0,11,63.803543
-1.0,11,63.805524
-1.0,11,63.807228
-1.0,11,63.809482
-1.0,11,63.811451
-1.0,11,63.813436
0.0,11,63.815007
-1.0,11,63.817064
-1.0,11,63.819019
-2.0,11,63.82094
-1.0,11,63.82253
0.0,11,63.824573
0.0,11,63.826539
0.0,11,63.828454
0.0,11,63.830053
0.0,11,63.83203
0.0,11,63.834134
0.0,11,63.836117
0.0,11,63.83767
0.0,11,63.839624
-1.0,11,63.84159
-1.0,11,63.843512
-1.0,11,63.844998
-1.0,11,63.846888
-1.0,11,63.84885
0.0,11,63.850762
0.0,11,63.852271
-1.0,11,63.854202
-1.0,11,63.856115
-2.0,11,63.858089
0.0,11,63.859589
-1.0,11,63.861649
0.0,11,63.86358
0.0,11,63.865525
0.0,11,63.867159
-1.0,11,63.869233
-1.0,11,63.87118
-1.0,11,63.873192
-1.0,11,63.874871
0.0,11,63.876777
-1.0,11,63.8787
0.0,11,63.880587
0.0,11,63.882143
-1.0,11,63.884094
0.0,11,63.886007
0.0,11,63.887937
-2.0,11,63.889461
-3.0,11,63.891381
0.0,11,63.89333
-1.0,11,63.895259
0.0,11,63.896775
0.0,11,63.898626
-1.0,11,63.90054
-1.0,11,63.902467
-1.0,11,63.903992
0.0,11,63.905894
0.0,11,63.907809
-3.0,11,63.909695
-1.0,11,63.91126
-1.0,11,63.913199
0.0,11,63.915127
0.0,11,63.917096
0.0,11,63.918603
-1.0,11,63.920587
0.0,11,63.922519
0.0,11,63.924468
-1.0,11,63.926049
-1.0,11,63.928005
-1.0,11,63.929981
-1.0,11,63.931958
0.0,11,63.933467
-1.0,11,63.935454
-1.0,11,63.937372
-1.0,11,63.939259
0.0,11,63.940781
-1.0,11,63.942783
-1.0,11,63.944845
0.0,11,63.946768
-1.0,11,63.948293
0.0,11,63.95032
-1.0,11,63.952376
-1.0,11,63.954579
-1.0,11,63.956426
-2.0,11,63.958816
0.0,11,63.961197
0.0,11,63.963493
0.0,11,63.965296
-1.0,11,63.967694
-2.0,11,63.969847
-1.0,11,63.972009
-1.0,11,63.973749
-1.0,11,63.975845
0.0,11,63.977895
-1.0,11,63.979893
-1.0,11,63.981465
0.0,11,63.983429
-1.0,11,63.985459
0.0,11,63.987449
0.0,11,63.989
0.0,11,63.9909
-1.0,11,63.992936
-2.0,11,63.99488
0.0,11,63.996363
0.0,11,63.998316
-2.0,11,64.000277
0.0,11,64.002222
-1.0,11,64.003729
-2.0,11,64.005635
0.0,11,64.007537
-1.0,11,64.00951
-1.0,11,64.011038
0.0,11,64.012951
-1.0,11,64.01485
0.0,11,64.016795
0.0,11,64.018342
0.0,11,64.020268
-1.0,11,64.022165
0.0,11,64.024042
0.0,11,64.025626
0.0,11,64.027599
0.0,11,64.029533
0.0,11,64.031406
0.0,11,64.032935
-1.0,11,64.034875
-1.0,11,64.036807
0.0,11,64.038731
0.0,11,64.040231
0.0,11,64.042174
-1.0,11,64.044104
-1.0,11,64.045997
0.0,11,64.047496
0.0,11,64.049552
-1.0,11,64.051472
-1.0,11,64.053379
0.0,11,64.055059
0.0,11,64.057135
0.0,11,64.059114
-1.0,11,64.061325
0.0,11,64.062951
0.0,11,64.064908
-1.0,11,64.066868
-2.0,11,64.068966
-1.0,11,64.070582
-1.0,11,64.072555
0.0,11,64.074458
-1.0,11,64.076588
0.0,11,64.078174
0.0,11,64.080154
-1.0,11,64.082108
0.0,11,64.08407
-2.0,11,64.085585
0.0,11,64.087572
-1.0,11,64.089545
-1.0,11,64.091513
-2.0,11,64.093109
-1.0,11,64.095074
-2.0,11,64.097014
0.0,11,64.099011
-1.0,11,64.100547
-1.0,11,64.10249
-1.0,11,64.104572
-2.0,11,64.106591
0.0,11,64.108167
0.0,11,64.110077
0.0,11,64.112065
-2.0,11,64.113986
0.0,11,64.115559
-1.0,11,64.117494
0.0,11,64.119436
-1.0,11,64.12143
-2.0,11,64.122947
-1.0,11,64.124883
-1.0,11,64.126789
-2.0,11,64.128713
0.0,11,64.130227
-2.0,11,64.132176
-1.0,11,64.134303
-1.0,11,64.136274
-1.0,11,64.1378
0.0,11,64.13977
-1.0,11,64.141734
-1.0,11,64.143617
0.0,11,64.145089
0.0,11,64.14705
0.0,11,64.148973
0.0,11,64.150867
0.0,11,64.152465
0.0,11,64.154424
-1.0,11,64.156359
-2.0,11,64.158349
-1.0,11,64.159874
-1.0,11,64.161823
0.0,11,64.163788
-1.0,11,64.16572
-2.0,11,64.167378
-1.0,11,64.169387
-1.0,11,64.171251
0.0,11,64.173277
-1.0,11,64.17481
0.0,11,64.17679
0.0,11,64.178722
0.0,11,64.180671
0.0,11,64.182166
-2.0,11,64.184062
0.0,11,64.185999
-2.0,11,64.187927
-1.0,11,64.189438
-1.0,11,64.19136
-1.0,11,64.193225
-1.0,11,64.195136
0.0,11,64.19665
0.0,11,64.198537
-1.0,11,64.200434
0.0,11,64.202344
-1.0,11,64.203889
-1.0,11,64.205835
-1.0,11,64.207693
0.0,11,64.209597
0.0,11,64.211093
0.0,11,64.212994
0.0,11,64.214919
-1.0,11,64.216805
0.0,11,64.218308
-1.0,11,64.220217
0.0,11,64.222112
-1.0,11,64.224101
-1.0,11,64.225625
0.0,11,64.227554
-1.0,11,64.229475
-2.0,11,64.2314
-1.0,11,64.232915
-2.0,11,64.234981
-1.0,11,64.236921
-1.0,11,64.238834
-1.0,11,64.240452
0.0,11,64.242649
-1.0,11,64.244593
0.0,11,64.246542
0.0,11,64.248086
-1.0,11,64.25001
0.0,11,64.251931
0.0,11,64.25386
0.0,11,64.255375
0.0,11,64.257315
-1.0,11,64.259228
0.0,11,64.261169
-2.0,11,64.262685
-1.0,11,64.264709
-1.0,11,64.266747
0.0,11,64.268685
-1.0,11,64.270276
-1.0,11,64.272221
-1.0,11,64.274195
-3.0,11,64.276087
0.0,11,64.277606
-1.0,11,64.279543
-2.0,11,64.281448
-1.0,11,64.283361
0.0,11,64.284874
-1.0,11,64.286808
0.0,11,64.28883
0.0,11,64.290741
-1.0,11,64.292355
0.0,11,64.294311
-1.0,11,64.29642
-1.0,11,64.298526
0.0,11,64.300277
-1.0,11,64.302417
-2.0,11,64.304572
0.0,11,64.306667
0.0,11,64.308369
-1.0,11,64.310469
0.0,11,64.312562
-1.0,11,64.314599
-1.0,11,64.316224
-1.0,11,64.318254
-1.0,11,64.320302
0.0,11,64.32237
-2.0,11,64.324129
-1.0,11,64.326292
0.0,11,64.328414
0.0,11,64.330372
-1.0,11,64.331903
-1.0,11,64.333885
0.0,11,64.335767
-1.0,11,64.337626
0.0,11,64.33917
-1.0,11,64.341141
0.0,11,64.343151
-1.0,11,64.345119
0.0,11,64.346662
-1.0,11,64.348586
-1.0,11,64.350518
-1.0,11,64.352444
-1.0,11,64.354001
-1.0,11,64.355926
0.0,11,64.357815
0.0,11,64.359762
-2.0,11,64.361266
0.0,11,64.363221
0.0,11,64.365135
0.0,11,64.367049
-1.0,11,64.368575
0.0,11,64.370434
-1.0,11,64.37237
-1.0,11,64.374282
0.0,11,64.375851
-1.0,11,64.377771
-1.0,11,64.379705
0.0,11,64.381604
0.0,11,64.383149
0.0,11,64.385063
0.0,11,64.386979
0.0,11,64.388901
-1.0,11,64.390403
0.0,11,64.392319
0.0,11,64.394209
-1.0,11,64.396139
-1.0,11,64.397662
-2.0,11,64.399559
-1.0,11,64.401576
-1.0,11,64.403527
0.0,11,64.405068
0.0,11,64.406992
-2.0,11,64.408985
0.0,11,64.411005
-1.0,11,64.412527
-1.0,11,64.414494
0.0,11,64.416432
-1.0,11,64.418467
-1.0,11,64.420013
-1.0,11,64.422135
-1.0,11,64.424089
0.0,11,64.426046
0.0,11,64.427701
-1.0,11,64.429925
-1.0,11,64.431975
0.0,11,64.43402
0.0,11,64.435567
0.0,11,64.437669
0.0,11,64.439653
0.0,11,64.441623
-1.0,11,64.443138
-1.0,11,64.445112
0.0,11,64.447031
0.0,11,64.448941
0.0,11,64.450571
0.0,11,64.452574
0.0,11,64.45456
0.0,11,64.456693
-1.0,11,64.458275
0.0,11,64.460309
0.0,11,64.462211
-1.0,11,64.464188
0.0,11,64.465676
-1.0,11,64.467682
0.0,11,64.469573
-1.0,11,64.471513
0.0,11,64.473147
-1.0,11,64.475298
-2.0,11,64.477253
-1.0,11,64.479175
-1.0,11,64.48068
0.0,11,64.482838
0.0,11,64.48502
0.0,11,64.486994
0.0,11,64.488527
-1.0,11,64.490664
0.0,11,64.492662
0.0,11,64.494602
-1.0,11,64.49613
-1.0,11,64.498125
0.0,11,64.500174
0.0,11,64.502132
-1.0,11,64.503655
0.0,11,64.505552
-1.0,11,64.507655
0.0,11,64.509568
-1.0,11,64.511132
0.0,11,64.513027
-1.0,11,64.515012
-2.0,11,64.517041
0.0,11,64.51858
-1.0,11,64.520493
0.0,11,64.522401
0.0,11,64.52439
0.0,11,64.525925
-1.0,11,64.527882
0.0,11,64.529802
-1.0,11,64.531792
0.0,11,64.533418
-1.0,11,64.535502
-1.0,11,64.537424
0.0,11,64.539444
0.0,11,64.541076
-1.0,11,64.543055
-1.0,11,64.544965
-1.0,11,64.546875
-1.0,11,64.548557
-1.0,11,64.550576
0.0,11,64.55254
0.0,11,64.554437
-2.0,11,64.55604
-2.0,11,64.558115
-1.0,11,64.560062
-1.0,11,64.561996
-1.0,11,64.563549
0.0,11,64.565627
0.0,11,64.5676
-1.0,11,64.569517
0.0,11,64.571047
0.0,11,64.572996
0.0,11,64.575054
-1.0,11,64.577003
-2.0,11,64.578521
-1.0,11,64.58049
0.0,11,64.582532
0.0,11,64.584501
0.0,11,64.58604
-1.0,11,64.588029
-1.0,11,64.590008
-1.0,11,64.592035
-1.0,11,64.59362
0.0,11,64.595545
0.0,11,64.597552
-1.0,11,64.59961
0.0,11,64.601171
0.0,11,64.603113
-1.0,11,64.605041
0.0,11,64.60706
-1.0,11,64.608633
-1.0,11,64.610662
0.0,11,64.612588
-1.0,11,64.614565
-2.0,11,64.61622
-1.0,11,64.618153
-1.0,11,64.620077
0.0,11,64.622063
-1.0,11,64.623653
-2.0,11,64.625772
0.0,11,64.62773
0.0,11,64.629679
-1.0,11,64.631188
-1.0,11,64.633293
-1.0,11,64.635252
-1.0,11,64.637217
0.0,11,64.63877
0.0,11,64.640849
-1.0,11,64.642819
-1.0,11,64.644749
-2.0,11,64.646336
0.0,11,64.648343
0.0,11,64.650358
0.0,11,64.652275
0.0,11,64.653868
-1.0,11,64.655797
0.0,11,64.657815
-1.0,11,64.659741
-1.0,11,64.661231
0.0,11,64.663156
0.0,11,64.665205
-1.0,11,64.667164
-1.0,11,64.668734
0.0,11,64.670692
-1.0,11,64.672569
0.0,11,64.674609
-2.0,11,64.676119
0.0,11,64.67812
-1.0,11,64.680057
-2.0,11,64.681998
0.0,11,64.683583
0.0,11,64.685523
-1.0,11,64.68748
0.0,11,64.68939
-1.0,11,64.691027
-1.0,11,64.69297
-1.0,11,64.694945
-1.0,11,64.696924
0.0,11,64.698539
-1.0,11,64.700508
0.0,11,64.702479
0.0,11,64.704367
0.0,11,64.705897
-1.0,11,64.707894
0.0,11,64.709851
0.0,11,64.711813
-1.0,11,64.713305
0.0,11,64.71529
-1.0,11,64.717247
0.0,11,64.719228
-1.0,11,64.720716
-2.0,11,64.72262
-1.0,11,64.724619
0.0,11,64.726567
0.0,11,64.728192
0.0,11,64.730127
-1.0,11,64.732133
0.0,11,64.734112
-1.0,11,64.735661
0.0,11,64.737692
0.0,11,64.739659
-1.0,11,64.74174
-1.0,11,64.743238
-1.0,11,64.745239
0.0,11,64.747192
0.0,11,64.749299
-1.0,11,64.750942
-2.0,11,64.752934
0.0,11,64.754907
0.0,11,64.756936
-1.0,11,64.758657
-1.0,11,64.76076
0.0,11,64.762779
-1.0,11,64.764743
-1.0,11,64.766456
-1.0,11,64.76853
0.0,11,64.770578
-1.0,11,64.772572
0.0,11,64.77418
-1.0,11,64.776265
0.0,11,64.7783
0.0,11,64.780227
-1.0,11,64.781819
0.0,11,64.784005
0.0,11,64.786018
0.0,11,64.787931
0.0,11,64.789505
-1.0,11,64.791521
0.0,11,64.793601
0.0,11,64.795606
0.0,11,64.79715
-1.0,11,64.799377
-1.0,11,64.801417
-1.0,11,64.803328
0.0,11,64.804897
0.0,11,64.806928
-1.0,11,64.809057
0.0,11,64.811091
-1.0,11,64.812668
-1.0,11,64.814638
0.0,11,64.816856
-1.0,11,64.818942
-1.0,11,64.820459
0.0,11,64.822413
-2.0,11,64.824608
-1.0,11,64.826648
-1.0,11,64.828164
-1.0,11,64.830097
-2.0,11,64.832144
-1.0,11,64.834189
-1.0,11,64.835716
-1.0,11,64.83763
0.0,11,64.839583
0.0,11,64.841813
-2.0,11,64.84345
0.0,11,64.845496
-2.0,11,64.847487
0.0,11,64.849526
0.0,11,64.851071
-1.0,11,64.853057
-1.0,11,64.854915
-1.0,11,64.856918
-2.0,11,64.858637
0.0,11,64.860615
-2.0,11,64.862551
0.0,11,64.864507
-2.0,11,64.86615
0.0,11,64.868094
-2.0,11,64.869985
0.0,11,64.871907
0.0,11,64.873529
-1.0,11,64.875668
0.0,11,64.877661
0.0,11,64.87959
-1.0,11,64.881123
-1.0,11,64.883148
-1.0,11,64.88514
-1.0,11,64.887027
-1.0,11,64.888534
-1.0,11,64.890592
-1.0,11,64.892537
0.0,11,64.894474
0.0,11,64.896011
-1.0,11,64.897955
-1.0,11,64.899892
0.0,11,64.901842
-1.0,11,64.903377
-1.0,11,64.905309
-1.0,11,64.907214
0.0,11,64.909154
0.0,11,64.910675
-2.0,11,64.912653
0.0,11,64.914614
0.0,11,64.916532
0.0,11,64.918053
-1.0,11,64.919955
-1.0,11,64.921882
-2.0,11,64.923826
-3.0,11,64.925298
-1.0,11,64.927284
-1.0,11,64.929215
0.0,11,64.931145
-2.0,11,64.932676
0.0,11,64.934582
-1.0,11,64.936521
-1.0,11,64.938446
0.0,11,64.939971
0.0,11,64.941879
-1.0,11,64.943802
-1.0,11,64.945713
0.0,11,64.94729
-1.0,11,64.949215
-1.0,11,64.951113
-1.0,11,64.953024
-1.0,11,64.954491
-1.0,11,64.956406
-1.0,11,64.958319
0.0,11,64.960248
-1.0,11,64.961807
-1.0,11,64.96372
-1.0,11,64.965604
0.0,11,64.967499
-2.0,11,64.969013
0.0,11,64.970911
0.0,11,64.972826
-1.0,11,64.974725
0.0,11,64.976229
0.0,11,64.978146
0.0,11,64.980054
-1.0,11,64.981971
-1.0,11,64.983436
0.0,11,64.985454
0.0,11,64.98737
-1.0,11,64.98925
-1.0,11,64.990918
0.0,11,64.992989
-1.0,11,64.994929
-1.0,11,64.996891
-1.0,11,64.998476
-1.0,11,65.000478
-1.0,11,65.002449
-1.0,11,65.004379
0.0,11,65.005907
-1.0,11,65.007807
0.0,11,65.009718
-1.0,11,65.011627
-1.0,11,65.013174
-1.0,11,65.015129
0.0,11,65.017057
0.0,11,65.018953
0.0,11,65.020459
0.0,11,65.022359
0.0,11,65.024283
0.0,11,65.026168
-1.0,11,65.027675
0.0,11,65.029565
-1.0,11,65.031459
0.0,11,65.033357
0.0,11,65.034868
0.0,11,65.036804
-2.0,11,65.038668
-1.0,11,65.04052
-1.0,11,65.042059
-1.0,11,65.043973
-1.0,11,65.045881
0.0,11,65.047787
-1.0,11,65.049285
-3.0,11,65.051169
-1.0,11,65.053115
0.0,11,65.055013
-1.0,11,65.056538
-1.0,11,65.058441
0.0,11,65.060372
-1.0,11,65.062293
0.0,11,65.063806
-2.0,11,65.065651
0.0,11,65.067595
-1.0,11,65.069496
-1.0,11,65.070985
0.0,11,65.072894
0.0,11,65.074815
0.0,11,65.076708
-1.0,11,65.078247
-1.0,11,65.080141
0.0,11,65.082108
-1.0,11,65.08399
0.0,11,65.085505
-1.0,11,65.087416
0.0,11,65.089327
0.0,11,65.091265
0.0,11,65.092806
0.0,11,65.094731
-1.0,11,65.096626
-1.0,11,65.098545
-1.0,11,65.100041
0.0,11,65.101943
0.0,11,65.103871
0.0,11,65.105781
0.0,11,65.107291
-1.0,11,65.10919
0.0,11,65.111111
-1.0,11,65.113018
0.0,11,65.114563
0.0,11,65.116471
-2.0,11,65.118392
-1.0,11,65.120296
-1.0,11,65.121797
-1.0,11,65.123693
0.0,11,65.125553
0.0,11,65.12751
-1.0,11,65.128986
-1.0,11,65.13091
-1.0,11,65.132829
0.0,11,65.134767
0.0,11,65.136314
-2.0,11,65.138254
0.0,11,65.140159
0.0,11,65.142106
0.0,11,65.143651
-1.0,11,65.145578
0.0,11,65.147555
-1.0,11,65.149446
-1.0,11,65.150946
-1.0,11,65.153047
0.0,11,65.154999
-1.0,11,65.156984
0.0,11,65.158555
-1.0,11,65.16054
0.0,11,65.162479
0.0,11,65.164399
-2.0,11,65.165975
0.0,11,65.16806
-1.0,11,65.170003
0.0,11,65.171934
0.0,11,65.173499
-2.0,11,65.175598
0.0,11,65.177572
-1.0,11,65.179452
0.0,11,65.180982
0.0,11,65.183099
0.0,11,65.185088
-3.0,11,65.186989
-1.0,11,65.188527
0.0,11,65.190514
0.0,11,65.192458
0.0,11,65.194398
-1.0,11,65.1959
-1.0,11,65.19783
-1.0,11,65.199744
-2.0,11,65.201653
-1.0,11,65.203165
-2.0,11,65.205037
-2.0,11,65.206974
-1.0,11,65.208918
0.0,11,65.210436
0.0,11,65.212351
-1.0,11,65.21427
-1.0,11,65.216245
-1.0,11,65.217841
0.0,11,65.219778
-1.0,11,65.221705
0.0,11,65.223725
-1.0,11,65.225313
-1.0,11,65.227255
0.0,11,65.229189
0.0,11,65.231135
-1.0,11,65.232732
-1.0,11,65.234678
-1.0,11,65.236594
0.0,11,65.238531
0.0,11,65.24011
0.0,11,65.242242
-1.0,11,65.244247
-1.0,11,65.246208
0.0,11,65.24774
-1.0,11,65.249804
-1.0,11,65.251745
-1.0,11,65.253657
0.0,11,65.25518
0.0,11,65.257165
-1.0,11,65.25915
-1.0,11,65.261048
-1.0,11,65.262586
0.0,11,65.264553
-1.0,11,65.266738
-1.0,11,65.268771
-1.0,11,65.270295
-1.0,11,65.272206
0.0,11,65.274213
-1.0,11,65.276185
0.0,11,65.277708
0.0,11,65.279668
0.0,11,65.281596
0.0,11,65.283598
0.0,11,65.285167
-1.0,11,65.287067
-1.0,11,65.288987
-1.0,11,65.291074
-2.0,11,65.292635
-1.0,11,65.294584
0.0,11,65.296503
-1.0,11,65.298483
-1.0,11,65.300033
0.0,11,65.30195
0.0,11,65.303866
-1.0,11,65.305784
-1.0,11,65.307313
0.0,11,65.309267
-1.0,11,65.311208
0.0,11,65.31319
0.0,11,65.314801
-1.0,11,65.316776
0.0,11,65.31871
-1.0,11,65.320602
-1.0,11,65.322115
-1.0,11,65.324127
-2.0,11,65.326122
-1.0,11,65.328117
-2.0,11,65.329621
0.0,11,65.331628
-1.0,11,65.333735
-1.0,11,65.335724
-1.0,11,65.337284
-2.0,11,65.339228
0.0,11,65.341223
-1.0,11,65.34321
-1.0,11,65.344705
-1.0,11,65.346627
-1.0,11,65.34865
0.0,11,65.350563
-1.0,11,65.35208
0.0,11,65.354146
-1.0,11,65.356151
-2.0,11,65.3581
-1.0,11,65.359647
-2.0,11,65.361586
0.0,11,65.363538
0.0,11,65.365535
-1.0,11,65.367149
-1.0,11,65.369096
0.0,11,65.371068
0.0,11,65.373085
-1.0,11,65.374709
-2.0,11,65.376715
-1.0,11,65.378638
0.0,11,65.380556
-1.0,11,65.382038
0.0,11,65.383961
0.0,11,65.385884
-1.0,11,65.38782
-1.0,11,65.389337
-1.0,11,65.391318
0.0,11,65.393284
0.0,11,65.39516
0.0,11,65.396691
0.0,11,65.398651
0.0,11,65.4006
0.0,11,65.402526
-1.0,11,65.404039
0.0,11,65.405967
-1.0,11,65.40787
-2.0,11,65.409732
0.0,11,65.411274
0.0,11,65.413193
0.0,11,65.415149
-1.0,11,65.417045
-1.0,11,65.418579
-1.0,11,65.420458
0.0,11,65.422333
-1.0,11,65.424243
0.0,11,65.425775
0.0,11,65.427724
0.0,11,65.429632
-2.0,11,65.431528
0.0,11,65.43303
0.0,11,65.434957
-1.0,11,65.436933
-3.0,11,65.438784
-1.0,11,65.440273
-1.0,11,65.442156
-1.0,11,65.444129
-1.0,11,65.446014
-1.0,11,65.447545
-1.0,11,65.449486
-1.0,11,65.451464
0.0,11,65.453375
-2.0,11,65.454869
0.0,11,65.456769
-1.0,11,65.45863
0.0,11,65.460581
-1.0,11,65.462093
-1.0,11,65.464002
-1.0,11,65.465897
-1.0,11,65.467853
0.0,11,65.469375
-2.0,11,65.471272
0.0,11,65.473175
-2.0,11,65.475104
0.0,11,65.476682
0.0,11,65.478644
-2.0,11,65.480496
-2.0,11,65.482388
-2.0,11,65.483901
-2.0,11,65.485867
0.0,11,65.487786
0.0,11,65.489734
-1.0,11,65.491265
-2.0,11,65.493153
0.0,11,65.495102
-1.0,11,65.49699
-1.0,11,65.498495
-1.0,11,65.500364
0.0,11,65.502537
0.0,11,65.504441
0.0,11,65.505984
-1.0,11,65.507921
-2.0,11,65.509836
-1.0,11,65.511724
-1.0,11,65.513191
0.0,11,65.515052
-1.0,11,65.516959
-1.0,11,65.51887
-1.0,11,65.520368
-1.0,11,65.522245
-1.0,11,65.52412
-1.0,11,65.526001
0.0,11,65.527498
0.0,11,65.529412
0.0,11,65.531331
-2.0,11,65.53323
0.0,11,65.534744
0.0,11,65.536817
0.0,11,65.53871
-1.0,11,65.540601
0.0,11,65.542252
-2.0,11,65.544318
0.0,11,65.546245
0.0,11,65.548238
0.0,11,65.549717
-1.0,11,65.551647
-1.0,11,65.553638
0.0,11,65.555583
-1.0,11,65.557062
-1.0,11,65.558909
-1.0,11,65.56086
0.0,11,65.562776
-1.0,11,65.564293
0.0,11,65.566215
0.0,11,65.568135
0.0,11,65.570123
-1.0,11,65.571695
-1.0,11,65.573592
0.0,11,65.575505
0.0,11,65.5774
-1.0,11,65.578872
0.0,11,65.580784
-1.0,11,65.58266
0.0,11,65.584581
-2.0,11,65.586054
0.0,11,65.587968
-1.0,11,65.58983
0.0,11,65.591738
0.0,11,65.593224
0.0,11,65.595162
-2.0,11,65.597084
-1.0,11,65.598975
0.0,11,65.600471
-1.0,11,65.602351
-1.0,11,65.604256
0.0,11,65.606205
0.0,11,65.607706
0.0,11,65.609641
0.0,11,65.611618
0.0,11,65.613533
-1.0,11,65.615038
-1.0,11,65.617036
0.0,11,65.618904
0.0,11,65.620777
0.0,11,65.622288
-1.0,11,65.624197
0.0,11,65.626085
0.0,11,65.628004
-1.0,11,65.629518
0.0,11,65.631469
-1.0,11,65.633419
-1.0,11,65.635279
-1.0,11,65.636824
-2.0,11,65.638742
0.0,11,65.640647
0.0,11,65.642567
0.0,11,65.644111
-1.0,11,65.646035
-1.0,11,65.64792
-2.0,11,65.649774
-1.0,11,65.651285
0.0,11,65.653185
-1.0,11,65.65507
0.0,11,65.657004
-1.0,11,65.658498
0.0,11,65.660416
-1.0,11,65.662383
0.0,11,65.664278
0.0,11,65.665779
0.0,11,65.667706
0.0,11,65.669653
-1.0,11,65.671601
0.0,11,65.673135
0.0,11,65.675033
-1.0,11,65.676923
-1.0,11,65.678819
0.0,11,65.680326
-1.0,11,65.682234
-1.0,11,65.684078
-1.0,11,65.685954
-1.0,11,65.687446
-2.0,11,65.689374
0.0,11,65.691262
-1.0,11,65.693111
0.0,11,65.694622
-1.0,11,65.696519
-1.0,11,65.698389
-1.0,11,65.700256
0.0,11,65.701764
0.0,11,65.703623
-1.0,11,65.705527
0.0,11,65.707463
0.0,11,65.708958
0.0,11,65.710806
-2.0,11,65.71269
0.0,11,65.714606
0.0,11,65.716109
-1.0,11,65.718174
-1.0,11,65.720023
-1.0,11,65.721902
0.0,11,65.723598
0.0,11,65.725636
0.0,11,65.727595
-1.0,11,65.729503
-2.0,11,65.730977
-2.0,11,65.732965
0.0,11,65.73488
0.0,11,65.736789
0.0,11,65.73836
-1.0,11,65.740262
-1.0,11,65.742176
-2.0,11,65.744031
0.0,11,65.74555
0.0,11,65.747434
-1.0,11,65.749379
0.0,11,65.751292
-1.0,11,65.752802
0.0,11,65.754721
0.0,11,65.756675
0.0,11,65.758633
-1.0,11,65.760165
-2.0,11,65.762191
0.0,11,65.76417
-1.0,11,65.766118
-1.0,11,65.767651
0.0,11,65.769562
0.0,11,65.771504
0.0,11,65.773437
0.0,11,65.774999
0.0,11,65.776931
0.0,11,65.778836
0.0,11,65.780763
-1.0,11,65.782298
0.0,11,65.784198
0.0,11,65.786107
0.0,11,65.788065
0.0,11,65.789561
-2.0,11,65.791407
0.0,11,65.793379
-2.0,11,65.795326
0.0,11,65.796831
-2.0,11,65.798745
0.0,11,65.800665
-1.0,11,65.802584
0.0,11,65.804089
-1.0,11,65.805988
0.0,11,65.807889
-1.0,11,65.809781
0.0,11,65.811291
0.0,11,65.813219
-1.0,11,65.815146
-1.0,11,65.817087
0.0,11,65.81865
-2.0,11,65.82057
-1.0,11,65.822474
-1.0,11,65.8244
-1.0,11,65.825918
0.0,11,65.827855
0.0,11,65.82975
-1.0,11,65.831682
0.0,11,65.833216
0.0,11,65.835133
-2.0,11,65.837055
0.0,11,65.838942
0.0,11,65.840463
-1.0,11,65.842361
0.0,11,65.844245
-1.0,11,65.846183
0.0,11,65.847745
-1.0,11,65.851677
-1.0,11,65.854278
0.0,11,65.856191
-1.0,11,65.857708
-1.0,11,65.859597
0.0,11,65.861499
-2.0,11,65.863361
-1.0,11,65.864892
-1.0,11,65.866786
-1.0,11,65.868685
-2.0,11,65.870543
0.0,11,65.872039
0.0,11,65.873963
0.0,11,65.875898
0.0,11,65.877818
0.0,11,65.879333
-1.0,11,65.881236
0.0,11,65.883193
0.0,11,65.885112
-1.0,11,65.886618
0.0,11,65.88852
-1.0,11,65.890435
-1.0,11,65.892317
0.0,11,65.89382
-1.0,11,65.895689
-1.0,11,65.897575
0.0,11,65.899476
-1.0,11,65.900983
0.0,11,65.903
0.0,11,65.904872
0.0,11,65.906746
0.0,11,65.908605
-1.0,11,65.910636
-1.0,11,65.912517
-1.0,11,65.914481
-2.0,11,65.915979
0.0,11,65.917889
-1.0,11,65.919888
0.0,11,65.921889
-1.0,11,65.923404
0.0,11,65.925318
-1.0,11,65.927235
-1.0,11,65.929238
-1.0,11,65.930754
-1.0,11,65.93269
-1.0,11,65.93458
-1.0,11,65.936509
-1.0,11,65.938012
-1.0,11,65.939951
-1.0,11,65.941846
-1.0,11,65.943768
-1.0,11,65.945295
0.0,11,65.94721
-1.0,11,65.949113
0.0,11,65.951002
-1.0,11,65.952543
-1.0,11,65.954463
-2.0,11,65.956345
-1.0,11,65.958251
0.0,11,65.959814
-1.0,11,65.961715
0.0,11,65.963607
0.0,11,65.965495
0.0,11,65.967021
0.0,11,65.968929
-1.0,11,65.970812
-1.0,11,65.97274
-1.0,11,65.974306
0.0,11,65.97622
0.0,11,65.978128
-1.0,11,65.979989
0.0,11,65.981489
0.0,11,65.983415
-1.0,11,65.985392
-2.0,11,65.98732
-1.0,11,65.988797
-1.0,11,65.990697
0.0,11,65.992603
0.0,11,65.994527
0.0,11,65.996039
0.0,11,65.997961
-1.0,11,65.99985
-1.0,11,66.001779
-1.0,11,66.003279
0.0,11,66.005221
0.0,11,66.007143
0.0,11,66.009112
0.0,11,66.010623
0.0,11,66.012516
-1.0,11,66.014411
-1.0,11,66.016278
-1.0,11,66.017772
0.0,11,66.019668
-1.0,11,66.021588
0.0,11,66.023479
0.0,11,66.024984
-2.0,11,66.026841
-1.0,11,66.028706
0.0,11,66.030576
0.0,11,66.032084
-1.0,11,66.033987
-1.0,11,66.0359
-1.0,11,66.037812
-1.0,11,66.039319
0.0,11,66.041223
-1.0,11,66.04316
0.0,11,66.045015
0.0,11,66.046512
-1.0,11,66.048382
0.0,11,66.050268
-3.0,11,66.052203
0.0,11,66.053719
-1.0,11,66.055643
0.0,11,66.05753
-1.0,11,66.059434
-2.0,11,66.060924
0.0,11,66.06282
0.0,11,66.064718
-1.0,11,66.066784
0.0,11,66.068318
0.0,11,66.070217
0.0,11,66.072114
-1.0,11,66.074196
-1.0,11,66.075821
-1.0,11,66.077989
-1.0,11,66.080314
0.0,11,66.08236
0.0,11,66.083977
-2.0,11,66.086102
-1.0,11,66.088106
0.0,11,66.090042
-1.0,11,66.091772
0.0,11,66.093968
0.0,11,66.096179
0.0,11,66.098368
0.0,11,66.100273
-1.0,11,66.102424
-1.0,11,66.104704
-1.0,11,66.106886
0.0,11,66.108581
0.0,11,66.110636
-1.0,11,66.112649
-1.0,11,66.114659
0.0,11,66.116249
-1.0,11,66.118219
0.0,11,66.120209
-2.0,11,66.122144
-1.0,11,66.123693
-1.0,11,66.125669
0.0,11,66.127536
-1.0,11,66.129497
0.0,11,66.131076
0.0,11,66.133005
0.0,11,66.135007
0.0,11,66.137003
0.0,11,66.13853
0.0,11,66.140453
-2.0,11,66.142389
0.0,11,66.144307
-2.0,11,66.145772
-2.0,11,66.147652
-1.0,11,66.149553
0.0,11,66.151451
-1.0,11,66.152973
0.0,11,66.154917
-1.0,11,66.15685
0.0,11,66.158758
-1.0,11,66.160276
-2.0,11,66.162149
0.0,11,66.164081
0.0,11,66.165981
-1.0,11,66.167546
0.0,11,66.169477
-1.0,11,66.171392
-1.0,11,66.1733
0.0,11,66.174802
-1.0,11,66.176723
0.0,11,66.178667
0.0,11,66.180633
0.0,11,66.182233
0.0,11,66.184196
-1.0,11,66.186131
-1.0,11,66.188027
-1.0,11,66.189534
-1.0,11,66.191462
0.0,11,66.193395
-1.0,11,66.195311
0.0,11,66.196821
0.0,11,66.198727
0.0,11,66.200624
0.0,11,66.202521
-1.0,11,66.204041
0.0,11,66.205934
0.0,11,66.207839
0.0,11,66.209827
0.0,11,66.211356
-1.0,11,66.213267
0.0,11,66.215169
0.0,11,66.217114
-1.0,11,66.218627
0.0,11,66.220565
0.0,11,66.222499
-1.0,11,66.224415
0.0,11,66.225908
-1.0,11,66.227854
0.0,11,66.229762
0.0,11,66.231651
0.0,11,66.233159
-1.0,11,66.235032
-1.0,11,66.236938
-1.0,11,66.238865
0.0,11,66.24038
0.0,11,66.242302
0.0,11,66.244214
-1.0,11,66.24607
-2.0,11,66.247575
-2.0,11,66.249439
0.0,11,66.251351
0.0,11,66.253262
0.0,11,66.254804
0.0,11,66.256679
-1.0,11,66.258545
-1.0,11,66.260499
-1.0,11,66.262104
-1.0,11,66.264034
0.0,11,66.265965
-1.0,11,66.267866
0.0,11,66.269528
-1.0,11,66.271696
-1.0,11,66.273567
-1.0,11,66.275473
-1.0,11,66.277093
-2.0,11,66.279252
-1.0,11,66.281207
0.0,11,66.283139
-1.0,11,66.284692
0.0,11,66.28672
-2.0,11,66.288744
0.0,11,66.290723
-1.0,11,66.29226
-1.0,11,66.294224
-1.0,11,66.296162
-2.0,11,66.298091
0.0,11,66.299623
0.0,11,66.301568
-1.0,11,66.303582
-1.0,11,66.305484
-2.0,11,66.30699
-1.0,11,66.308859
0.0,11,66.310779
0.0,11,66.312721
0.0,11,66.314228
0.0,11,66.316144
0.0,11,66.317998
0.0,11,66.319863
0.0,11,66.32138
-1.0,11,66.323279
-1.0,11,66.325152
0.0,11,66.327073
-2.0,11,66.32863
-1.0,11,66.330561
0.0,11,66.332428
-1.0,11,66.334335
0.0,11,66.33585
0.0,11,66.337765
0.0,11,66.339708
0.0,11,66.341608
0.0,11,66.343079
0.0,11,66.344981
-1.0,11,66.346896
-1.0,11,66.348786
0.0,11,66.350297
0.0,11,66.352205
-1.0,11,66.354177
-1.0,11,66.35606
-1.0,11,66.357555
0.0,11,66.359511
0.0,11,66.361462
0.0,11,66.363382
0.0,11,66.364881
-1.0,11,66.366798
0.0,11,66.368703
-1.0,11,66.370556
0.0,11,66.372086
0.0,11,66.374002
0.0,11,66.375907
0.0,11,66.37783
-2.0,11,66.37931
-1.0,11,66.381198
-1.0,11,66.383092
-2.0,11,66.384953
0.0,11,66.386491
0.0,11,66.388397
-1.0,11,66.390307
0.0,11,66.392241
-2.0,11,66.393715
0.0,11,66.395645
0.0,11,66.397536
0.0,11,66.39946
0.0,11,66.400959
-1.0,11,66.402881
-1.0,11,66.404767
-1.0,11,66.40666
-1.0,11,66.408134
0.0,11,66.41005
0.0,11,66.411944
-1.0,11,66.413867
0.0,11,66.415374
-1.0,11,66.417272
-1.0,11,66.419179
-1.0,11,66.421099
0.0,11,66.422568
0.0,11,66.424421
-1.0,11,66.426305
0.0,11,66.428223
0.0,11,66.429732
-1.0,11,66.431636
-1.0,11,66.433519
0.0,11,66.435402
-1.0,11,66.436933
-1.0,11,66.438796
-1.0,11,66.440693
-1.0,11,66.442586
-1.0,11,66.444099
-2.0,11,66.445924
-1.0,11,66.447846
-2.0,11,66.449692
0.0,11,66.451197
-1.0,11,66.453226
-1.0,11,66.455132
-1.0,11,66.457028
-2.0,11,66.458756
-1.0,11,66.46073
0.0,11,66.462692
-1.0,11,66.464668
-1.0,11,66.466224
0.0,11,66.46816
-1.0,11,66.470172
0.0,11,66.472192
0.0,11,66.47368
-1.0,11,66.4756
0.0,11,66.477551
0.0,11,66.479515
0.0,11,66.481043
-2.0,11,66.482978
0.0,11,66.48487
-2.0,11,66.4868
-1.0,11,66.48828
-1.0,11,66.490153
0.0,11,66.492055
0.0,11,66.493988
-2.0,11,66.495505
-1.0,11,66.497426
0.0,11,66.499366
-2.0,11,66.501326
0.0,11,66.502778
-1.0,11,66.504691
0.0,11,66.506601
0.0,11,66.508485
0.0,11,66.510049
0.0,11,66.511988
-1.0,11,66.513884
-1.0,11,66.515783
-1.0,11,66.517276
-1.0,11,66.519191
0.0,11,66.521077
-1.0,11,66.522989
0.0,11,66.524486
-1.0,11,66.526402
0.0,11,66.528301
0.0,11,66.530164
0.0,11,66.531673
-1.0,11,66.533577
-2.0,11,66.535523
0.0,11,66.537445
0.0,11,66.539006
0.0,11,66.540897
-2.0,11,66.542716
0.0,11,66.544584
0.0,11,66.546096
0.0,11,66.54801
0.0,11,66.549886
0.0,11,66.551833
0.0,11,66.553344
-1.0,11,66.555265
0.0,11,66.557199
0.0,11,66.55914
0.0,11,66.560677
0.0,11,66.562619
-2.0,11,66.564486
0.0,11,66.566437
-2.0,11,66.567912
0.0,11,66.569805
0.0,11,66.57171
0.0,11,66.573615
-1.0,11,66.575102
-1.0,11,66.576996
-2.0,11,66.578867
-1.0,11,66.580767
0.0,11,66.58227
0.0,11,66.584202
0.0,11,66.586114
0.0,11,66.588024
0.0,11,66.589515
-1.0,11,66.591429
-2.0,11,66.593327
0.0,11,66.595288
0.0,11,66.596773
0.0,11,66.598674
0.0,11,66.600563
-1.0,11,66.602442
0.0,11,66.603958
0.0,11,66.60586
0.0,11,66.607773
0.0,11,66.609729
0.0,11,66.611244
-1.0,11,66.613152
0.0,11,66.615057
-1.0,11,66.616949
0.0,11,66.618473
-1.0,11,66.62037
-1.0,11,66.622282
-1.0,11,66.624145
0.0,11,66.625644
-1.0,11,66.627521
-1.0,11,66.629444
-1.0,11,66.631336
-1.0,11,66.632837
0.0,11,66.634846
0.0,11,66.636748
0.0,11,66.638655
0.0,11,66.64035
0.0,11,66.642397
-1.0,11,66.644273
0.0,11,66.646183
0.0,11,66.647703
0.0,11,66.64976
0.0,11,66.651717
-1.0,11,66.653655
-2.0,11,66.655132
0.0,11,66.657016
-1.0,11,66.658885
0.0,11,66.660819
-2.0,11,66.662296
-1.0,11,66.664186
-1.0,11,66.666118
0.0,11,66.668039
0.0,11,66.669551
-1.0,11,66.67148
0.0,11,66.673403
-1.0,11,66.675291
-1.0,11,66.676821
0.0,11,66.678728
-1.0,11,66.680617
0.0,11,66.682548
-1.0,11,66.684041
0.0,11,66.685938
0.0,11,66.687834
-1.0,11,66.689748
0.0,11,66.691265
-1.0,11,66.693199
0.0,11,66.695108
0.0,11,66.697011
0.0,11,66.69852
-2.0,11,66.70042
0.0,11,66.702365
0.0,11,66.704266
-1.0,11,66.705803
-1.0,11,66.707739
-1.0,11,66.709656
-1.0,11,66.711581
-1.0,11,66.713081
0.0,11,66.715067
-1.0,11,66.716957
0.0,11,66.718842
-1.0,11,66.720348
0.0,11,66.722247
0.0,11,66.724154
-1.0,11,66.726081
0.0,11,66.727582
-1.0,11,66.729473
0.0,11,66.731373
-1.0,11,66.733292
-1.0,11,66.734766
0.0,11,66.736657
0.0,11,66.738549
-1.0,11,66.74047
-1.0,11,66.741994
0.0,11,66.743911
0.0,11,66.745816
0.0,11,66.747703
-1.0,11,66.749286
-1.0,11,66.751253
-1.0,11,66.753139
-1.0,11,66.755046
0.0,11,66.756616
0.0,11,66.758536
0.0,11,66.760491
-1.0,11,66.762551
-2.0,11,66.764097
-1.0,11,66.766048
-2.0,11,66.767979
0.0,11,66.769911
-1.0,11,66.771376
-1.0,11,66.773326
-1.0,11,66.775244
0.0,11,66.777159
0.0,11,66.77866
0.0,11,66.780482
0.0,11,66.782449
-1.0,11,66.784369
0.0,11,66.785851
0.0,11,66.787805
0.0,11,66.789687
-1.0,11,66.791614
0.0,11,66.793133
-2.0,11,66.795056
-1.0,11,66.796959
0.0,11,66.798891
0.0,11,66.80039
-2.0,11,66.802304
0.0,11,66.804226
0.0,11,66.806138
-1.0,11,66.807651
0.0,11,66.80955
-1.0,11,66.811464
-1.0,11,66.813394
-1.0,11,66.814936
0.0,11,66.816948
0.0,11,66.81887
0.0,11,66.820862
-1.0,11,66.822562
0.0,11,66.824633
-1.0,11,66.826588
0.0,11,66.828548
-1.0,11,66.830103
-1.0,11,66.832054
-1.0,11,66.834
-1.0,11,66.835944
-1.0,11,66.837443
-1.0,11,66.839346
0.0,11,66.841231
0.0,11,66.843146
-1.0,11,66.844619
-1.0,11,66.846489
0.0,11,66.849336
0.0,11,66.85341
-1.0,11,66.854921
-1.0,11,66.856844
-1.0,11,66.858731
0.0,11,66.860627
-1.0,11,66.862094
-2.0,11,66.86399
0.0,11,66.865906
-1.0,11,66.867809
0.0,11,66.869303
0.0,11,66.871196
-1.0,11,66.873163
-1.0,11,66.875077
-1.0,11,66.876613
-1.0,11,66.878487
0.0,11,66.880351
0.0,11,66.882293
0.0,11,66.883815
0.0,11,66.885739
-1.0,11,66.88763
0.0,11,66.889579
-1.0,11,66.891106
0.0,11,66.89302
0.0,11,66.89491
0.0,11,66.896787
0.0,11,66.89834
0.0,11,66.900233
-1.0,11,66.902156
0.0,11,66.90406
-1.0,11,66.90555
0.0,11,66.90751
-1.0,11,66.909393
0.0,11,66.911277
-1.0,11,66.912767
-2.0,11,66.914706
-1.0,11,66.916611
0.0,11,66.918511
0.0,11,66.92008
-1.0,11,66.922067
0.0,11,66.923935
-1.0,11,66.925879
-1.0,11,66.927369
0.0,11,66.929306
-1.0,11,66.931251
0.0,11,66.933181
0.0,11,66.934685
0.0,11,66.936579
0.0,11,66.938481
-1.0,11,66.940419
-1.0,11,66.94193
-1.0,11,66.943791
0.0,11,66.945691
0.0,11,66.947724
-1.0,11,66.949252
-1.0,11,66.951166
0.0,11,66.953038
-1.0,11,66.954988
-1.0,11,66.956663
-1.0,11,66.958592
-1.0,11,66.960472
-1.0,11,66.962382
-1.0,11,66.963891
0.0,11,66.965775
-1.0,11,66.967738
0.0,11,66.969669
0.0,11,66.97123
0.0,11,66.97324
0.0,11,66.975202
-1.0,11,66.977094
0.0,11,66.978593
-2.0,11,66.980552
0.0,11,66.982575
-1.0,11,66.984488
-2.0,11,66.986009
-1.0,11,66.987994
-1.0,11,66.989921
-1.0,11,66.992039
-2.0,11,66.993552
-1.0,11,66.995491
0.0,11,66.997456
0.0,11,66.99948
0.0,11,67.000979
-1.0,11,67.003016
0.0,11,67.004989
0.0,11,67.006992
0.0,11,67.008561
-1.0,11,67.010453
0.0,11,67.012403
0.0,11,67.014344
-1.0,11,67.016087
-1.0,11,67.018151
-1.0,11,67.020095
0.0,11,67.022091
0.0,11,67.023708
0.0,11,67.025757
-1.0,11,67.027649
0.0,11,67.029671
0.0,11,67.031261
0.0,11,67.033257
0.0,11,67.035336
-1.0,11,67.037387
-1.0,11,67.038814
0.0,11,67.040818
0.0,11,67.042752
-1.0,11,67.044821
0.0,11,67.046372
-1.0,11,67.048362
0.0,11,67.050302
0.0,11,67.052247
-1.0,11,67.05391
-1.0,11,67.055901
0.0,11,67.057808
0.0,11,67.059723
0.0,11,67.061438
0.0,11,67.063551
0.0,11,67.065509
-1.0,11,67.067381
0.0,11,67.068933
-1.0,11,67.070888
0.0,11,67.072837
-1.0,11,67.074735
-1.0,11,67.076232
-1.0,11,67.078371
-1.0,11,67.080445
-1.0,11,67.082411
0.0,11,67.083957
0.0,11,67.085999
0.0,11,67.087958
-2.0,11,67.089861
-1.0,11,67.091372
-1.0,11,67.0933
-1.0,11,67.095248
-1.0,11,67.097179
0.0,11,67.098764
-1.0,11,67.100652
0.0,11,67.102669
0.0,11,67.104591
0.0,11,67.106154
-1.0,11,67.108043
0.0,11,67.10998
-1.0,11,67.11189
-1.0,11,67.113383
0.0,11,67.115288
0.0,11,67.117193
-1.0,11,67.119094
0.0,11,67.120591
0.0,11,67.122492
0.0,11,67.12445
-1.0,11,67.126384
0.0,11,67.127905
-1.0,11,67.129822
0.0,11,67.13178
-2.0,11,67.133676
-1.0,11,67.135195
-1.0,11,67.137065
-1.0,11,67.139001
0.0,11,67.140921
-1.0,11,67.142438
0.0,11,67.144362
-1.0,11,67.146286
-1.0,11,67.148184
-2.0,11,67.149693
0.0,11,67.151598
-1.0,11,67.153522
0.0,11,67.155376
0.0,11,67.156887
-1.0,11,67.158793
-2.0,11,67.160705
-1.0,11,67.162617
0.0,11,67.164118
0.0,11,67.166023
0.0,11,67.16793
-1.0,11,67.170081
-1.0,11,67.171583
0.0,11,67.17349
-1.0,11,67.175404
-1.0,11,67.177319
-2.0,11,67.178843
-1.0,11,67.180746
0.0,11,67.182655
0.0,11,67.184583
-1.0,11,67.186093
-1.0,11,67.188104
0.0,11,67.189999
0.0,11,67.191892
0.0,11,67.193525
-1.0,11,67.195682
-1.0,11,67.197684
-1.0,11,67.199675
-1.0,11,67.201199
-1.0,11,67.203145
0.0,11,67.205033
0.0,11,67.206928
0.0,11,67.208439
-1.0,11,67.210351
0.0,11,67.212277
0.0,11,67.214226
-2.0,11,67.215743
0.0,11,67.217644
-2.0,11,67.219565
0.0,11,67.221466
-2.0,11,67.222953
-2.0,11,67.224876
-1.0,11,67.226803
-1.0,11,67.228734
0.0,11,67.230233
-1.0,11,67.232125
0.0,11,67.234032
-1.0,11,67.235965
0.0,11,67.237465
-1.0,11,67.239338
0.0,11,67.241239
-1.0,11,67.243156
-1.0,11,67.244714
0.0,11,67.246654
-2.0,11,67.248516
0.0,11,67.250415
0.0,11,67.251916
-1.0,11,67.253847
-1.0,11,67.25574
0.0,11,67.257661
-1.0,11,67.259158
0.0,11,67.261226
0.0,11,67.263323
0.0,11,67.265275
0.0,11,67.266824
-2.0,11,67.268768
-1.0,11,67.27068
0.0,11,67.272611
0.0,11,67.274139
0.0,11,67.276047
0.0,11,67.27799
-1.0,11,67.279915
-1.0,11,67.28138
0.0,11,67.283304
0.0,11,67.285207
-1.0,11,67.287138
0.0,11,67.28866
0.0,11,67.290567
0.0,11,67.292462
0.0,11,67.29438
-1.0,11,67.295895
0.0,11,67.297853
0.0,11,67.299753
0.0,11,67.30167
-1.0,11,67.303192
-1.0,11,67.305086
-1.0,11,67.307008
0.0,11,67.308912
0.0,11,67.310378
0.0,11,67.312313
0.0,11,67.314329
0.0,11,67.316251
-1.0,11,67.317758
-2.0,11,67.31964
-1.0,11,67.321513
0.0,11,67.323467
-1.0,11,67.325001
0.0,11,67.326932
0.0,11,67.32885
-1.0,11,67.330804
0.0,11,67.332303
-1.0,11,67.334208
0.0,11,67.336124
-1.0,11,67.33803
-1.0,11,67.339609
0.0,11,67.341504
-1.0,11,67.34339
0.0,11,67.34532
0.0,11,67.346831
-1.0,11,67.348732
0.0,11,67.350646
0.0,11,67.352561
-1.0,11,67.354075
-1.0,11,67.356049
-1.0,11,67.357949
0.0,11,67.359769
-1.0,11,67.361314
-1.0,11,67.363197
-1.0,11,67.365156
0.0,11,67.36708
-2.0,11,67.368618
0.0,11,67.370659
-1.0,11,67.372651
-1.0,11,67.374595
0.0,11,67.376158
0.0,11,67.378266
0.0,11,67.380297
0.0,11,67.382306
0.0,11,67.383846
0.0,11,67.385839
0.0,11,67.387915
-2.0,11,67.389964
-2.0,11,67.391577
-1.0,11,67.393535
-1.0,11,67.395505
-1.0,11,67.39743
-2.0,11,67.39897
-1.0,11,67.401118
-1.0,11,67.403157
-1.0,11,67.40513
-1.0,11,67.406683
-1.0,11,67.40872
0.0,11,67.410627
-1.0,11,67.412622
-1.0,11,67.414112
-1.0,11,67.41604
0.0,11,67.417998
-1.0,11,67.41991
-1.0,11,67.421471
0.0,11,67.423422
-2.0,11,67.425362
0.0,11,67.427315
-1.0,11,67.42889
-1.0,11,67.430855
0.0,11,67.432818
0.0,11,67.434752
-1.0,11,67.436239
-1.0,11,67.438163
-1.0,11,67.440181
0.0,11,67.442172
0.0,11,67.443694
-1.0,11,67.445646
0.0,11,67.44761
-1.0,11,67.449635
0.0,11,67.451153
-1.0,11,67.453166
-1.0,11,67.455113
0.0,11,67.457064
-1.0,11,67.458647
-1.0,11,67.460594
-1.0,11,67.462533
-2.0,11,67.464493
0.0,11,67.466063
-1.0,11,67.467955
-1.0,11,67.469892
-1.0,11,67.471822
-1.0,11,67.473362
-1.0,11,67.475285
-2.0,11,67.477237
-2.0,11,67.479164
-1.0,11,67.480686
0.0,11,67.48266
-1.0,11,67.484532
-1.0,11,67.486499
-1.0,11,67.488003
-1.0,11,67.48993
0.0,11,67.491845
-1.0,11,67.493804
0.0,11,67.495382
0.0,11,67.497365
0.0,11,67.499308
0.0,11,67.501233
-2.0,11,67.502797
0.0,11,67.504736
-1.0,11,67.506707
-1.0,11,67.508629
-1.0,11,67.510184
-1.0,11,67.51214
0.0,11,67.514132
-1.0,11,67.516102
0.0,11,67.517679
0.0,11,67.519618
0.0,11,67.52152
-2.0,11,67.523471
-1.0,11,67.524959
0.0,11,67.52695
-1.0,11,67.528848
-2.0,11,67.530774
0.0,11,67.532302
-1.0,11,67.534166
0.0,11,67.536063
-1.0,11,67.537941
0.0,11,67.539483
-1.0,11,67.541396
0.0,11,67.543296
-1.0,11,67.54519
-1.0,11,67.546735
0.0,11,67.548604
0.0,11,67.550514
-1.0,11,67.552476
0.0,11,67.554001
-1.0,11,67.556065
-1.0,11,67.557973
-1.0,11,67.559849
-1.0,11,67.561545
-1.0,11,67.563666
-1.0,11,67.565622
0.0,11,67.567565
0.0,11,67.569077
0.0,11,67.571043
-1.0,11,67.572978
-1.0,11,67.574892
-1.0,11,67.576371
0.0,11,67.578333
0.0,11,67.580277
0.0,11,67.58225
-1.0,11,67.583821
0.0,11,67.585764
0.0,11,67.587739
0.0,11,67.589732
0.0,11,67.591236
0.0,11,67.593214
-1.0,11,67.595122
-1.0,11,67.596994
0.0,11,67.598593
-1.0,11,67.600584
-1.0,11,67.602505
-1.0,11,67.604421
-2.0,11,67.605963
0.0,11,67.60802
0.0,11,67.609945
0.0,11,67.611879
0.0,11,67.613416
0.0,11,67.615367
-2.0,11,67.617325
-1.0,11,67.619232
-2.0,11,67.620735
-1.0,11,67.622656
-1.0,11,67.624682
0.0,11,67.626612
0.0,11,67.628141
0.0,11,67.630059
-1.0,11,67.632039
-1.0,11,67.634044
-1.0,11,67.635566
-1.0,11,67.637507
-1.0,11,67.639496
0.0,11,67.641437
-1.0,11,67.643008
0.0,11,67.644965
0.0,11,67.646914
0.0,11,67.648937
-1.0,11,67.650514
0.0,11,67.652435
-1.0,11,67.65432
-1.0,11,67.656341
0.0,11,67.6579
0.0,11,67.659844
0.0,11,67.661745
-1.0,11,67.663674
0.0,11,67.665276
-1.0,11,67.66717
0.0,11,67.669084
0.0,11,67.670964
-1.0,11,67.672484
-1.0,11,67.674466
-1.0,11,67.676413
0.0,11,67.67831
0.0,11,67.679841
-1.0,11,67.68184
-1.0,11,67.683756
0.0,11,67.68566
0.0,11,67.687179
0.0,11,67.689122
0.0,11,67.69111
-1.0,11,67.693061
0.0,11,67.694572
-1.0,11,67.696484
0.0,11,67.698476
0.0,11,67.700427
-1.0,11,67.701944
-1.0,11,67.703855
0.0,11,67.705838
-1.0,11,67.707825
-1.0,11,67.709386
-1.0,11,67.711306
0.0,11,67.713234
-1.0,11,67.715264
0.0,11,67.716784
-1.0,11,67.718689
0.0,11,67.720598
-2.0,11,67.722588
0.0,11,67.724157
-1.0,11,67.726085
0.0,11,67.727986
-1.0,11,67.729947
-1.0,11,67.731556
-1.0,11,67.733486
-1.0,11,67.735387
0.0,11,67.737276
-1.0,11,67.738856
-1.0,11,67.741068
-2.0,11,67.743063
-1.0,11,67.744957
-1.0,11,67.746636
-1.0,11,67.748628
0.0,11,67.750523
0.0,11,67.75247
0.0,11,67.753989
-1.0,11,67.756175
0.0,11,67.758123
-1.0,11,67.760075
-2.0,11,67.761569
0.0,11,67.763662
-1.0,11,67.765764
0.0,11,67.76773
0.0,11,67.76924
-1.0,11,67.771224
-1.0,11,67.773232
-2.0,11,67.775324
0.0,11,67.776905
-1.0,11,67.778888
0.0,11,67.781009
-1.0,11,67.783012
-1.0,11,67.784491
-1.0,11,67.78648
-1.0,11,67.788447
0.0,11,67.790422
-1.0,11,67.791939
-1.0,11,67.793862
0.0,11,67.795835
0.0,11,67.79783
0.0,11,67.799517
-1.0,11,67.801489
-1.0,11,67.803429
-1.0,11,67.805287
0.0,11,67.806889
0.0,11,67.808799
0.0,11,67.810724
0.0,11,67.812694
-1.0,11,67.814222
-1.0,11,67.816212
0.0,11,67.818128
0.0,11,67.82003
-1.0,11,67.821535
0.0,11,67.823456
-1.0,11,67.825415
-2.0,11,67.827412
-1.0,11,67.828925
-1.0,11,67.830876
0.0,11,67.832842
0.0,11,67.834694
0.0,11,67.836204
0.0,11,67.838092
-1.0,11,67.839952
-1.0,11,67.841817
0.0,11,67.843335
0.0,11,67.845259
0.0,11,67.847186
0.0,11,67.849092
0.0,11,67.85058
0.0,11,67.852482
-1.0,11,67.8544
0.0,11,67.856295
-1.0,11,67.857815
0.0,11,67.859723
0.0,11,67.861621
-1.0,11,67.86353
-1.0,11,67.865031
0.0,11,67.86693
0.0,11,67.868851
-1.0,11,67.870749
0.0,11,67.872262
0.0,11,67.874192
0.0,11,67.876101
-1.0,11,67.878021
0.0,11,67.879526
0.0,11,67.881471
-1.0,11,67.883336
-1.0,11,67.885244
0.0,11,67.886753
-1.0,11,67.888689
0.0,11,67.890618
-1.0,11,67.892578
-1.0,11,67.894104
-1.0,11,67.895992
0.0,11,67.897952
-1.0,11,67.899858
0.0,11,67.901359
-1.0,11,67.903259
0.0,11,67.905141
0.0,11,67.907043
-1.0,11,67.908534
0.0,11,67.910449
-1.0,11,67.912342
0.0,11,67.91424
0.0,11,67.915749
0.0,11,67.91767
-1.0,11,67.919566
0.0,11,67.92144
0.0,11,67.922927
-2.0,11,67.924921
0.0,11,67.926831
-1.0,11,67.928751
0.0,11,67.9305
0.0,11,67.932505
-1.0,11,67.934433
-1.0,11,67.936376
-1.0,11,67.937847
0.0,11,67.939781
0.0,11,67.941851
0.0,11,67.943772
-1.0,11,67.945292
0.0,11,67.94718
0.0,11,67.949132
-1.0,11,67.951059
-1.0,11,67.952572
0.0,11,67.954458
-2.0,11,67.956378
-1.0,11,67.958346
0.0,11,67.959864
0.0,11,67.961802
0.0,11,67.96372
-1.0,11,67.965677
-1.0,11,67.967211
-1.0,11,67.969218
0.0,11,67.971132
-1.0,11,67.973027
0.0,11,67.974558
-1.0,11,67.976478
0.0,11,67.978368
0.0,11,67.980263
0.0,11,67.98181
0.0,11,67.983741
0.0,11,67.985658
0.0,11,67.987553
0.0,11,67.989058
0.0,11,67.990975
-1.0,11,67.992904
0.0,11,67.994875
-1.0,11,67.996399
-1.0,11,67.998313
0.0,11,68.000205
-2.0,11,68.002048
-1.0,11,68.003558
0.0,11,68.005476
0.0,11,68.007429
-1.0,11,68.009363
0.0,11,68.010874
0.0,11,68.012767
0.0,11,68.014678
-1.0,11,68.016525
0.0,11,68.018014
-1.0,11,68.019919
-1.0,11,68.021829
-2.0,11,68.02375
-1.0,11,68.025266
-1.0,11,68.027202
-1.0,11,68.029065
0.0,11,68.030949
-1.0,11,68.032566
-1.0,11,68.034427
0.0,11,68.036381
0.0,11,68.03832
0.0,11,68.039823
-1.0,11,68.041704
0.0,11,68.043628
-1.0,11,68.045602
-2.0,11,68.047116
0.0,11,68.049071
-1.0,11,68.050997
0.0,11,68.052867
-1.0,11,68.054423
0.0,11,68.056342
0.0,11,68.058402
-1.0,11,68.060371
0.0,11,68.061937
-2.0,11,68.063932
-1.0,11,68.065925
-1.0,11,68.067873
0.0,11,68.069447
0.0,11,68.07139
-1.0,11,68.07334
-1.0,11,68.075286
-1.0,11,68.076796
0.0,11,68.078743
-1.0,11,68.080672
-1.0,11,68.082722
0.0,11,68.084281
0.0,11,68.0862
-1.0,11,68.088075
-1.0,11,68.090107
0.0,11,68.091646
-1.0,11,68.093578
0.0,11,68.095493
0.0,11,68.097408
0.0,11,68.099017
-1.0,11,68.100939
-1.0,11,68.102853
-1.0,11,68.104756
0.0,11,68.106302
-1.0,11,68.108506
-2.0,11,68.110763
-1.0,11,68.112918
0.0,11,68.114569
0.0,11,68.116827
0.0,11,68.118795
0.0,11,68.120763
-1.0,11,68.122312
0.0,11,68.124419
0.0,11,68.126445
0.0,11,68.128432
0.0,11,68.12996
-1.0,11,68.131992
-1.0,11,68.134001
0.0,11,68.135957
0.0,11,68.13747
0.0,11,68.139485
0.0,11,68.141487
-1.0,11,68.143557
0.0,11,68.145159
0.0,11,68.147138
-1.0,11,68.149126
0.0,11,68.151179
0.0,11,68.152762
0.0,11,68.154755
-1.0,11,68.156824
0.0,11,68.158892
-1.0,11,68.160507
-1.0,11,68.162419
-2.0,11,68.164457
0.0,11,68.166429
-1.0,11,68.168169
-1.0,11,68.1702
0.0,11,68.172203
-1.0,11,68.174242
-1.0,11,68.175822
0.0,11,68.177774
-2.0,11,68.179712
0.0,11,68.181692
0.0,11,68.183274
-1.0,11,68.185208
-1.0,11,68.187191
0.0,11,68.189321
0.0,11,68.191038
0.0,11,68.193337
-1.0,11,68.195469
0.0,11,68.197702
-1.0,11,68.199641
0.0,11,68.202083
-1.0,11,68.204282
-1.0,11,68.206322
0.0,11,68.208081
-1.0,11,68.210085
0.0,11,68.212132
0.0,11,68.214111
0.0,11,68.215781
-1.0,11,68.218032
-1.0,11,68.220419
-1.0,11,68.222723
-1.0,11,68.224544
-1.0,11,68.226904
0.0,11,68.229106
-1.0,11,68.231254
-2.0,11,68.233089
-1.0,11,68.235237
-1.0,11,68.237345
-1.0,11,68.239414
-1.0,11,68.241109
-1.0,11,68.243069
-2.0,11,68.24509
-1.0,11,68.247095
0.0,11,68.248754
0.0,11,68.250847
0.0,11,68.252902
0.0,11,68.254945
-2.0,11,68.256553
-1.0,11,68.258616
0.0,11,68.260611
0.0,11,68.262551
0.0,11,68.264078
-1.0,11,68.266156
-1.0,11,68.268258
-1.0,11,68.270211
0.0,11,68.271762
-1.0,11,68.27378
-1.0,11,68.275772
0.0,11,68.277694
-1.0,11,68.279283
0.0,11,68.281175
-1.0,11,68.283309
0.0,11,68.285279
0.0,11,68.286766
0.0,11,68.288686
0.0,11,68.290663
-2.0,11,68.292577
0.0,11,68.294102
0.0,11,68.296023
0.0,11,68.297933
0.0,11,68.299901
-1.0,11,68.301382
-1.0,11,68.303403
-1.0,11,68.305414
0.0,11,68.307372
0.0,11,68.309006
0.0,11,68.311058
0.0,11,68.31306
0.0,11,68.315003
0.0,11,68.316684
-1.0,11,68.318621
-1.0,11,68.320548
-2.0,11,68.32239
0.0,11,68.324025
-1.0,11,68.326024
0.0,11,68.328019
-1.0,11,68.329946
-1.0,11,68.331527
-1.0,11,68.333482
0.0,11,68.335444
-1.0,11,68.337383
-1.0,11,68.338906
0.0,11,68.340859
-1.0,11,68.342852
-1.0,11,68.34473
0.0,11,68.346278
-1.0,11,68.348206
-1.0,11,68.350127
0.0,11,68.35207
0.0,11,68.353585
-1.0,11,68.355544
-1.0,11,68.357522
0.0,11,68.359507
-2.0,11,68.361065
0.0,11,68.363032
-1.0,11,68.364971
-2.0,11,68.366987
-1.0,11,68.36858
0.0,11,68.370507
0.0,11,68.372458
-1.0,11,68.374447
-1.0,11,68.375997
-1.0,11,68.378013
-1.0,11,68.379904
-1.0,11,68.381828
-1.0,11,68.383371
-1.0,11,68.385309
-1.0,11,68.387218
0.0,11,68.389166
0.0,11,68.390697
-1.0,11,68.392636
0.0,11,68.394521
-1.0,11,68.396458
0.0,11,68.397985
-1.0,11,68.400003
-1.0,11,68.402064
0.0,11,68.404114
0.0,11,68.405657
0.0,11,68.407691
0.0,11,68.409598
0.0,11,68.411571
0.0,11,68.413069
0.0,11,68.415092
0.0,11,68.417343
0.0,11,68.41934
-1.0,11,68.420999
-1.0,11,68.423143
-1.0,11,68.425391
0.0,11,68.42745
0.0,11,68.429041
0.0,11,68.431119
-1.0,11,68.433273
0.0,11,68.435373
-1.0,11,68.436989
0.0,11,68.438948
0.0,11,68.441226
-1.0,11,68.443285
-1.0,11,68.444871
-2.0,11,68.446922
0.0,11,68.449072
0.0,11,68.451321
0.0,11,68.453063
0.0,11,68.455089
0.0,11,68.457106
-1.0,11,68.459046
-1.0,11,68.460622
0.0,11,68.462603
-1.0,11,68.464535
-1.0,11,68.466521
-1.0,11,68.468095
0.0,11,68.470075
-1.0,11,68.471968
0.0,11,68.473901
-2.0,11,68.475449
-1.0,11,68.477363
-1.0,11,68.479272
-1.0,11,68.481163
-1.0,11,68.482729
-1.0,11,68.484682
0.0,11,68.486589
0.0,11,68.48851
0.0,11,68.490025
-1.0,11,68.492085
-1.0,11,68.494008
-1.0,11,68.495915
-1.0,11,68.497775
-1.0,11,68.499804
0.0,11,68.501815
-1.0,11,68.50382
-1.0,11,68.505273
0.0,11,68.507347
0.0,11,68.509324
-1.0,11,68.511287
0.0,11,68.512837
0.0,11,68.514887
-1.0,11,68.516847
0.0,11,68.518718
-2.0,11,68.52026
-1.0,11,68.522199
0.0,11,68.524208
-1.0,11,68.52608
0.0,11,68.527588
0.0,11,68.529538
0.0,11,68.531505
0.0,11,68.533455
0.0,11,68.534986
0.0,11,68.536912
0.0,11,68.538815
-2.0,11,68.540714
0.0,11,68.542228
-2.0,11,68.54413
0.0,11,68.54597
-1.0,11,68.548064
-1.0,11,68.549658
-1.0,11,68.551684
-1.0,11,68.553822
0.0,11,68.55594
-1.0,11,68.558088
0.0,11,68.560568
-1.0,11,68.562877
0.0,11,68.565288
0.0,11,68.567236
-1.0,11,68.569828
0.0,11,68.571936
-1.0,11,68.574114
0.0,11,68.57602
-2.0,11,68.578384
-1.0,11,68.58102
0.0,11,68.584177
0.0,11,68.585998
-1.0,11,68.5883
0.0,11,68.590856
-2.0,11,68.59317
0.0,11,68.595061
-1.0,11,68.597393
-2.0,11,68.600073
-1.0,11,68.602577
0.0,11,68.604426
0.0,11,68.606609
0.0,11,68.608633
-1.0,11,68.610771
-1.0,11,68.61252
-1.0,11,68.614606
0.0,11,68.616691
0.0,11,68.618671
0.0,11,68.620353
-2.0,11,68.622433
0.0,11,68.624411
-1.0,11,68.626402
0.0,11,68.628035
0.0,11,68.630226
-1.0,11,68.632252
-1.0,11,68.63426
-1.0,11,68.635844
0.0,11,68.638035
0.0,11,68.640135
-1.0,11,68.642098
0.0,11,68.643777
-1.0,11,68.645934
-1.0,11,68.648007
-2.0,11,68.650021
0.0,11,68.651591
0.0,11,68.653769
-1.0,11,68.655768
-2.0,11,68.657841
0.0,11,68.659382
-1.0,11,68.661404
-1.0,11,68.663472
0.0,11,68.665545
0.0,11,68.667135
-1.0,11,68.66914
-2.0,11,68.671227
0.0,11,68.673467
-1.0,11,68.675157
-2.0,11,68.677199
-1.0,11,68.679453
0.0,11,68.68144
0.0,11,68.683081
-1.0,11,68.685059
0.0,11,68.687246
0.0,11,68.68935
-1.0,11,68.690973
0.0,11,68.693077
-2.0,11,68.695137
0.0,11,68.697252
-1.0,11,68.698993
0.0,11,68.701044
-1.0,11,68.703176
-2.0,11,68.705378
0.0,11,68.707061
-1.0,11,68.709123
0.0,11,68.711216
0.0,11,68.713261
-2.0,11,68.714876
-1.0,11,68.716941
0.0,11,68.718939
0.0,11,68.721036
-2.0,11,68.722617
0.0,11,68.724739
0.0,11,68.726805
0.0,11,68.729002
-2.0,11,68.73067
-1.0,11,68.732736
-1.0,11,68.734693
0.0,11,68.736824
0.0,11,68.738617
-1.0,11,68.740728
-1.0,11,68.742752
-1.0,11,68.744767
-1.0,11,68.746425
-1.0,11,68.748576
0.0,11,68.750603
0.0,11,68.752631
0.0,11,68.754248
0.0,11,68.756289
0.0,11,68.758317
-1.0,11,68.760301
0.0,11,68.762
-1.0,11,68.764074
0.0,11,68.766081
0.0,11,68.76833
-2.0,11,68.769991
-1.0,11,68.77206
-1.0,11,68.774139
-1.0,11,68.776253
0.0,11,68.777909
0.0,11,68.780062
-1.0,11,68.782136
-1.0,11,68.784123
0.0,11,68.785696
0.0,11,68.787877
0.0,11,68.790039
0.0,11,68.792123
-1.0,11,68.79378
-1.0,11,68.795906
0.0,11,68.797991
-1.0,11,68.80006
-1.0,11,68.80161
0.0,11,68.803754
-2.0,11,68.805736
-1.0,11,68.807837
-1.0,11,68.8094
-1.0,11,68.811502
0.0,11,68.813534
-1.0,11,68.815649
-1.0,11,68.817162
0.0,11,68.819179
0.0,11,68.821359
-1.0,11,68.823475
-1.0,11,68.825073
0.0,11,68.827054
0.0,11,68.829187
0.0,11,68.831183
0.0,11,68.83286
0.0,11,68.834815
-2.0,11,68.836945
-1.0,11,68.838957
0.0,11,68.840628
-1.0,11,68.842606
-1.0,11,68.844531
-1.0,11,68.846496
-2.0,11,68.848227
-1.0,11,68.850225
0.0,11,68.852219
-1.0,11,68.854195
0.0,11,68.855847
0.0,11,68.857845
0.0,11,68.859804
0.0,11,68.861715
-1.0,11,68.863281
-1.0,11,68.865245
0.0,11,68.867191
-1.0,11,68.869116
0.0,11,68.870597
0.0,11,68.87257
-1.0,11,68.874591
-1.0,11,68.876537
-1.0,11,68.878043
-1.0,11,68.87997
-1.0,11,68.881947
0.0,11,68.883904
-1.0,11,68.885369
0.0,11,68.887627
0.0,11,68.889566
-1.0,11,68.891533
-1.0,11,68.893136
-1.0,11,68.895094
-1.0,11,68.897105
0.0,11,68.899184
-1.0,11,68.900783
0.0,11,68.902811
-1.0,11,68.904773
0.0,11,68.906778
-1.0,11,68.908438
-1.0,11,68.910565
0.0,11,68.913333
0.0,11,68.919613
0.0,11,68.922085
-1.0,11,68.924514
0.0,11,68.926864
-1.0,11,68.929281
-1.0,11,68.931041
-1.0,11,68.933141
-1.0,11,68.935279
-2.0,11,68.937424
-1.0,11,68.939002
0.0,11,68.940997
-1.0,11,68.943178
-1.0,11,68.94537
0.0,11,68.947069
-1.0,11,68.949171
0.0,11,68.951208
0.0,11,68.953388
-1.0,11,68.954947
0.0,11,68.956936
0.0,11,68.958874
0.0,11,68.960935
-1.0,11,68.962623
0.0,11,68.964632
0.0,11,68.966587
-1.0,11,68.968544
-1.0,11,68.970203
0.0,11,68.972269
0.0,11,68.97427
0.0,11,68.976251
-3.0,11,68.977842
0.0,11,68.979994
-1.0,11,68.98202
0.0,11,68.983967
-1.0,11,68.985553
-1.0,11,68.98764
-2.0,11,68.989568
-1.0,11,68.991535
0.0,11,68.993122
0.0,11,68.995265
-1.0,11,68.99733
0.0,11,68.999313
-2.0,11,69.000886
0.0,11,69.00294
0.0,11,69.004947
0.0,11,69.006947
-1.0,11,69.008503
-1.0,11,69.010431
0.0,11,69.012465
-1.0,11,69.014444
0.0,11,69.015979
-1.0,11,69.017898
-1.0,11,69.01987
-1.0,11,69.021823
0.0,11,69.023458
-1.0,11,69.025451
-1.0,11,69.027446
-1.0,11,69.029407
-1.0,11,69.030915
-1.0,11,69.0329
0.0,11,69.034885
-1.0,11,69.036829
-1.0,11,69.038377
0.0,11,69.040367
-1.0,11,69.042315
0.0,11,69.044268
-1.0,11,69.045811
-1.0,11,69.047749
-1.0,11,69.049723
-1.0,11,69.051634
0.0,11,69.05316
0.0,11,69.055033
-1.0,11,69.057016
-1.0,11,69.059033
-1.0,11,69.060529
0.0,11,69.062444
0.0,11,69.06441
0.0,11,69.066343
-1.0,11,69.067839
-1.0,11,69.0698
-1.0,11,69.071724
0.0,11,69.073716
-1.0,11,69.075232
-1.0,11,69.077172
0.0,11,69.079076
-1.0,11,69.081029
0.0,11,69.082567
-1.0,11,69.084656
-2.0,11,69.086563
-1.0,11,69.088511
-1.0,11,69.090183
0.0,11,69.092167
-1.0,11,69.094194
0.0,11,69.096185
0.0,11,69.097755
0.0,11,69.099793
0.0,11,69.101735
-2.0,11,69.103674
-1.0,11,69.10524
-1.0,11,69.107203
0.0,11,69.109189
0.0,11,69.111167
0.0,11,69.11278
-1.0,11,69.114746
0.0,11,69.116794
0.0,11,69.118699
0.0,11,69.120231
-1.0,11,69.122247
0.0,11,69.12424
-1.0,11,69.126229
-1.0,11,69.127756
-1.0,11,69.12969
0.0,11,69.131652
-1.0,11,69.133604
0.0,11,69.135126
0.0,11,69.137051
-2.0,11,69.139032
0.0,11,69.140957
0.0,11,69.142456
0.0,11,69.14442
-1.0,11,69.146381
0.0,11,69.148303
0.0,11,69.149874
-1.0,11,69.151778
-2.0,11,69.153666
0.0,11,69.155624
0.0,11,69.157128
0.0,11,69.159033
0.0,11,69.160955
0.0,11,69.162891
-1.0,11,69.164427
0.0,11,69.166365
-2.0,11,69.168285
0.0,11,69.170254
0.0,11,69.17173
-1.0,11,69.173694
-2.0,11,69.175654
-1.0,11,69.177625
-1.0,11,69.179167
0.0,11,69.181086
0.0,11,69.18305
0.0,11,69.184978
-1.0,11,69.18651
0.0,11,69.188427
-1.0,11,69.190364
0.0,11,69.192267
0.0,11,69.193773
-1.0,11,69.195715
0.0,11,69.197673
-1.0,11,69.199614
0.0,11,69.201185
0.0,11,69.203157
-1.0,11,69.205129
-2.0,11,69.207041
-2.0,11,69.208569
0.0,11,69.210503
0.0,11,69.212411
-1.0,11,69.214356
-1.0,11,69.215919
-1.0,11,69.217808
0.0,11,69.219776
-1.0,11,69.221676
0.0,11,69.223167
-1.0,11,69.22511
-1.0,11,69.227051
-1.0,11,69.228989
-1.0,11,69.230499
-2.0,11,69.232427
-1.0,11,69.234351
0.0,11,69.236267
-2.0,11,69.237794
-1.0,11,69.239753
0.0,11,69.241631
0.0,11,69.243627
0.0,11,69.245199
0.0,11,69.247157
-1.0,11,69.249084
0.0,11,69.251016
0.0,11,69.252588
-1.0,11,69.254523
0.0,11,69.256452
0.0,11,69.25841
-1.0,11,69.25992
0.0,11,69.261848
-1.0,11,69.263846
0.0,11,69.265765
-1.0,11,69.267279
0.0,11,69.269382
0.0,11,69.271285
0.0,11,69.273261
-1.0,11,69.274825
-1.0,11,69.276774
-1.0,11,69.278731
0.0,11,69.280721
-1.0,11,69.282243
0.0,11,69.284141
0.0,11,69.286123
0.0,11,69.288077
-1.0,11,69.289628
-1.0,11,69.291506
0.0,11,69.293467
0.0,11,69.295431
0.0,11,69.297052
-1.0,11,69.29913
0.0,11,69.301207
-1.0,11,69.303202
0.0,11,69.304884
-1.0,11,69.306904
-1.0,11,69.308903
-1.0,11,69.310927
0.0,11,69.312535
-1.0,11,69.31455
-1.0,11,69.316514
-1.0,11,69.318544
0.0,11,69.320143
0.0,11,69.322152
0.0,11,69.324224
0.0,11,69.326271
0.0,11,69.327925
0.0,11,69.330074
-1.0,11,69.332148
0.0,11,69.334256
-1.0,11,69.335855
0.0,11,69.337851
-1.0,11,69.339821
0.0,11,69.341776
-1.0,11,69.343359
-1.0,11,69.345353
0.0,11,69.347286
0.0,11,69.349228
0.0,11,69.350755
0.0,11,69.352765
0.0,11,69.354704
0.0,11,69.356702
0.0,11,69.358201
-1.0,11,69.360097
0.0,11,69.362048
-1.0,11,69.363983
0.0,11,69.365515
0.0,11,69.367442
0.0,11,69.369357
-1.0,11,69.371259
0.0,11,69.372776
0.0,11,69.374693
0.0,11,69.376649
0.0,11,69.378587
-1.0,11,69.380126
-1.0,11,69.382055
0.0,11,69.383952
-1.0,11,69.385847
-1.0,11,69.38733
-1.0,11,69.38927
-1.0,11,69.3912
0.0,11,69.393141
-1.0,11,69.394653
-1.0,11,69.396603
-1.0,11,69.398559
-1.0,11,69.400471
0.0,11,69.401965
0.0,11,69.403878
0.0,11,69.405786
0.0,11,69.4077
0.0,11,69.409204
-1.0,11,69.411148
-1.0,11,69.413069
-1.0,11,69.415037
0.0,11,69.416587
0.0,11,69.418541
-1.0,11,69.420488
-1.0,11,69.422422
-1.0,11,69.423958
-1.0,11,69.425899
0.0,11,69.427855
0.0,11,69.429768
-1.0,11,69.431296
-1.0,11,69.433217
-1.0,11,69.435137
0.0,11,69.437049
-2.0,11,69.43853
-1.0,11,69.440441
-1.0,11,69.44237
0.0,11,69.444277
-1.0,11,69.445761
0.0,11,69.447695
0.0,11,69.449603
-1.0,11,69.451544
-1.0,11,69.453063
-1.0,11,69.455103
-1.0,11,69.457009
-1.0,11,69.458904
0.0,11,69.460483
-1.0,11,69.462438
0.0,11,69.464374
-1.0,11,69.466268
0.0,11,69.467784
0.0,11,69.469728
-1.0,11,69.471663
-1.0,11,69.473618
-1.0,11,69.475147
-2.0,11,69.47706
-1.0,11,69.478939
-1.0,11,69.480872
-1.0,11,69.482426
-1.0,11,69.484439
0.0,11,69.486329
-1.0,11,69.488211
0.0,11,69.48975
-1.0,11,69.491684
-2.0,11,69.493557
0.0,11,69.495466
-2.0,11,69.497021
0.0,11,69.499007
0.0,11,69.500912
0.0,11,69.502808
0.0,11,69.504385
0.0,11,69.506348
-1.0,11,69.508264
-1.0,11,69.510148
-2.0,11,69.511622
-1.0,11,69.513547
-1.0,11,69.515425
-1.0,11,69.517351
-1.0,11,69.518873
-1.0,11,69.520748
-1.0,11,69.522671
-1.0,11,69.524637
0.0,11,69.526122
-1.0,11,69.528021
0.0,11,69.529935
-1.0,11,69.531857
-1.0,11,69.533394
0.0,11,69.535318
0.0,11,69.537257
0.0,11,69.539139
0.0,11,69.540669
0.0,11,69.542604
0.0,11,69.544595
-1.0,11,69.546514
0.0,11,69.548011
-1.0,11,69.549908
-2.0,11,69.551809
-1.0,11,69.55373
-1.0,11,69.555209
0.0,11,69.557128
0.0,11,69.559052
-1.0,11,69.56097
0.0,11,69.562516
-1.0,11,69.564392
-1.0,11,69.566312
-1.0,11,69.568238
0.0,11,69.569768
-1.0,11,69.571682
0.0,11,69.573616
-1.0,11,69.575553
0.0,11,69.577105
-1.0,11,69.57902
0.0,11,69.580952
-1.0,11,69.582883
0.0,11,69.58446
-1.0,11,69.586471
0.0,11,69.588385
0.0,11,69.590296
0.0,11,69.591849
-1.0,11,69.593772
0.0,11,69.595702
0.0,11,69.597602
0.0,11,69.5991
-1.0,11,69.601056
-1.0,11,69.603032
0.0,11,69.604961
0.0,11,69.606481
-1.0,11,69.60832
0.0,11,69.610256
-1.0,11,69.612169
-1.0,11,69.613684
0.0,11,69.615617
-1.0,11,69.617496
-2.0,11,69.619396
-1.0,11,69.620904
0.0,11,69.622805
-1.0,11,69.624756
0.0,11,69.626646
-1.0,11,69.628185
-1.0,11,69.630107
-1.0,11,69.631983
0.0,11,69.633874
-2.0,11,69.635316
-1.0,11,69.637302
0.0,11,69.639254
-3.0,11,69.641202
0.0,11,69.642837
0.0,11,69.644871
0.0,11,69.646821
-1.0,11,69.648759
-1.0,11,69.650292
-2.0,11,69.652193
0.0,11,69.654161
0.0,11,69.656099
-1.0,11,69.657625
-1.0,11,69.65952
-1.0,11,69.661492
-1.0,11,69.663466
0.0,11,69.664945
-1.0,11,69.666886
-1.0,11,69.668898
-1.0,11,69.670793
0.0,11,69.672323
-1.0,11,69.674305
0.0,11,69.676237
-2.0,11,69.678163
-1.0,11,69.679567
0.0,11,69.681536
-1.0,11,69.683463
0.0,11,69.685417
0.0,11,69.686942
-1.0,11,69.688863
0.0,11,69.69075
-1.0,11,69.692687
-2.0,11,69.694207
0.0,11,69.696181
-1.0,11,69.698118
-1.0,11,69.700026
0.0,11,69.701554
-1.0,11,69.703495
0.0,11,69.705446
0.0,11,69.707348
-1.0,11,69.708882
0.0,11,69.710804
-2.0,11,69.712722
-1.0,11,69.71464
-1.0,11,69.71618
0.0,11,69.718114
-1.0,11,69.720019
0.0,11,69.721972
-2.0,11,69.72355
-1.0,11,69.72555
-1.0,11,69.727517
0.0,11,69.729516
-2.0,11,69.731049
-1.0,11,69.732979
-1.0,11,69.734943
0.0,11,69.736863
-1.0,11,69.738418
-2.0,11,69.740312
-1.0,11,69.742239
-1.0,11,69.744125
0.0,11,69.745641
0.0,11,69.747535
-2.0,11,69.749401
0.0,11,69.75132
0.0,11,69.752848
-1.0,11,69.754794
-2.0,11,69.756723
-1.0,11,69.758632
0.0,11,69.760136
0.0,11,69.762143
0.0,11,69.764133
0.0,11,69.766052
0.0,11,69.767614
-2.0,11,69.76958
0.0,11,69.771569
-2.0,11,69.773521
0.0,11,69.775053
0.0,11,69.777018
0.0,11,69.778979
-1.0,11,69.78091
-1.0,11,69.782455
-1.0,11,69.784338
-1.0,11,69.786279
0.0,11,69.788248
-1.0,11,69.789759
0.0,11,69.791687
0.0,11,69.793603
-1.0,11,69.795525
0.0,11,69.797053
-1.0,11,69.798992
0.0,11,69.800905
0.0,11,69.8029
-2.0,11,69.804458
-2.0,11,69.806514
0.0,11,69.808491
0.0,11,69.810446
-1.0,11,69.812046
-1.0,11,69.814013
-1.0,11,69.815956
-1.0,11,69.817882
0.0,11,69.819423
0.0,11,69.821441
-1.0,11,69.823416
0.0,11,69.825381
0.0,11,69.826986
-1.0,11,69.828957
0.0,11,69.830893
0.0,11,69.832816
0.0,11,69.83439
0.0,11,69.836348
0.0,11,69.838289
-1.0,11,69.840234
0.0,11,69.841722
0.0,11,69.843742
-1.0,11,69.845787
0.0,11,69.847754
-2.0,11,69.849279
0.0,11,69.851194
-1.0,11,69.853168
0.0,11,69.855135
0.0,11,69.856706
0.0,11,69.858654
-1.0,11,69.860624
0.0,11,69.862565
0.0,11,69.864011
-1.0,11,69.865942
0.0,11,69.867859
0.0,11,69.869884
-1.0,11,69.871411
-1.0,11,69.873381
-1.0,11,69.875344
0.0,11,69.877313
-1.0,11,69.878836
-1.0,11,69.880771
0.0,11,69.882715
0.0,11,69.884673
-1.0,11,69.886189
-1.0,11,69.888082
0.0,11,69.889994
0.0,11,69.891914
0.0,11,69.893475
-2.0,11,69.895406
0.0,11,69.897296
-1.0,11,69.899166
0.0,11,69.900688
-1.0,11,69.902617
0.0,11,69.904544
0.0,11,69.906468
-1.0,11,69.907958
0.0,11,69.909869
0.0,11,69.911766
-1.0,11,69.913656
0.0,11,69.915143
0.0,11,69.917025
-1.0,11,69.91893
-1.0,11,69.920848
-1.0,11,69.92235
0.0,11,69.924242
-2.0,11,69.926153
0.0,11,69.928079
0.0,11,69.929615
0.0,11,69.931504
0.0,11,69.933455
0.0,11,69.935398
0.0,11,69.936883
0.0,11,69.938815
-1.0,11,69.940737
0.0,11,69.942616
0.0,11,69.944124
0.0,11,69.946047
0.0,11,69.947949
0.0,11,69.949843
0.0,11,69.951321
-2.0,11,69.953236
0.0,11,69.95513
-1.0,11,69.957036
-1.0,11,69.958591
0.0,11,69.960521
0.0,11,69.962456
0.0,11,69.964421
0.0,11,69.96593
-1.0,11,69.967852
-1.0,11,69.969762
0.0,11,69.971694
-1.0,11,69.973233
0.0,11,69.975141
-1.0,11,69.977078
-1.0,11,69.979031
0.0,11,69.980554
-1.0,11,69.982503
0.0,11,69.984425
-2.0,11,69.986318
0.0,11,69.987819
0.0,11,69.98973
-1.0,11,69.991611
-1.0,11,69.993492
-1.0,11,69.994999
0.0,11,69.996898
0.0,11,69.998861
-1.0,11,70.000775
0.0,11,70.002326
-1.0,11,70.004397
0.0,11,70.006286
0.0,11,70.008193
0.0,11,70.009772
0.0,11,70.011727
0.0,11,70.013642
-2.0,11,70.01557
0.0,11,70.017086
0.0,11,70.01898
0.0,11,70.020874
-1.0,11,70.022774
0.0,11,70.024302
-1.0,11,70.026208
-1.0,11,70.028117
-1.0,11,70.029987
0.0,11,70.031513
-1.0,11,70.033385
0.0,11,70.035292
-1.0,11,70.037163
0.0,11,70.038681
-1.0,11,70.040614
-1.0,11,70.042526
-1.0,11,70.044509
-1.0,11,70.046011
0.0,11,70.047998
0.0,11,70.049953
-1.0,11,70.051869
0.0,11,70.05337
0.0,11,70.055231
-1.0,11,70.057151
0.0,11,70.059054
-1.0,11,70.060557
-1.0,11,70.062459
-1.0,11,70.0643
-1.0,11,70.06619
0.0,11,70.067703
0.0,11,70.0697
-1.0,11,70.071623
0.0,11,70.073546
-1.0,11,70.075041
-1.0,11,70.07691
-1.0,11,70.078864
0.0,11,70.080817
0.0,11,70.082322
0.0,11,70.084241
-2.0,11,70.0862
-2.0,11,70.088148
0.0,11,70.089696
0.0,11,70.091619
-2.0,11,70.093558
-1.0,11,70.095452
0.0,11,70.09697
-1.0,11,70.098868
0.0,11,70.100735
-1.0,11,70.102636
0.0,11,70.104161
-1.0,11,70.106065
0.0,11,70.107944
-1.0,11,70.109816
0.0,11,70.111323
-1.0,11,70.113166
-2.0,11,70.115076
0.0,11,70.116984
-1.0,11,70.118486
-1.0,11,70.120395
0.0,11,70.122305
-1.0,11,70.124185
0.0,11,70.125689
-1.0,11,70.127581
-2.0,11,70.129474
0.0,11,70.131377
0.0,11,70.132886
-1.0,11,70.134813
0.0,11,70.136727
0.0,11,70.138612
0.0,11,70.140113
-2.0,11,70.142011
0.0,11,70.143917
-1.0,11,70.145801
0.0,11,70.147294
-1.0,11,70.149237
-1.0,11,70.151098
0.0,11,70.153003
0.0,11,70.154518
-1.0,11,70.156424
-2.0,11,70.158416
-1.0,11,70.160353
0.0,11,70.161864
0.0,11,70.163807
0.0,11,70.165725
0.0,11,70.167618
0.0,11,70.169154
-1.0,11,70.17107
-1.0,11,70.17296
0.0,11,70.174866
0.0,11,70.176365
0.0,11,70.178275
-1.0,11,70.180205
-2.0,11,70.182093
0.0,11,70.183723
0.0,11,70.185779
-1.0,11,70.187809
0.0,11,70.189725
0.0,11,70.191285
-1.0,11,70.193224
0.0,11,70.195158
-1.0,11,70.197321
-2.0,11,70.198909
-1.0,11,70.200918
0.0,11,70.202898
0.0,11,70.204939
0.0,11,70.206543
0.0,11,70.208467
0.0,11,70.210365
0.0,11,70.212347
-2.0,11,70.213862
-2.0,11,70.215792
0.0,11,70.217727
0.0,11,70.219664
0.0,11,70.221307
0.0,11,70.223296
0.0,11,70.225212
-1.0,11,70.227156
0.0,11,70.228776
-1.0,11,70.230703
-1.0,11,70.233024
0.0,11,70.235557
0.0,11,70.238086
-1.0,11,70.241161
0.0,11,70.243134
0.0,11,70.245143
-1.0,11,70.246718
-1.0,11,70.24877
0.0,11,70.250695
0.0,11,70.252723
-1.0,11,70.254232
0.0,11,70.256194
0.0,11,70.258252
-1.0,11,70.260304
0.0,11,70.261826
-1.0,11,70.263793
0.0,11,70.265778
0.0,11,70.2678
-1.0,11,70.269315
0.0,11,70.271242
-1.0,11,70.2732
-2.0,11,70.27506
-2.0,11,70.276564
-1.0,11,70.278445
-1.0,11,70.280353
0.0,11,70.282289
0.0,11,70.283832
-1.0,11,70.285765
0.0,11,70.287669
0.0,11,70.289578
-1.0,11,70.291103
0.0,11,70.293032
-1.0,11,70.294873
0.0,11,70.296839
-1.0,11,70.298352
-1.0,11,70.300255
-1.0,11,70.302145
0.0,11,70.304049
0.0,11,70.30555
-1.0,11,70.307479
-1.0,11,70.309375
0.0,11,70.311426
-1.0,11,70.313017
0.0,11,70.314954
-1.0,11,70.316928
-1.0,11,70.318937
-1.0,11,70.320613
-1.0,11,70.322706
-1.0,11,70.324927
-2.0,11,70.327245
-1.0,11,70.328882
-1.0,11,70.330839
0.0,11,70.332769
-1.0,11,70.334733
0.0,11,70.336241
0.0,11,70.338235
0.0,11,70.340372
-1.0,11,70.342618
0.0,11,70.344337
-2.0,11,70.346537
-2.0,11,70.348835
0.0,11,70.35108
0.0,11,70.352881
-1.0,11,70.355028
0.0,11,70.357159
0.0,11,70.359246
-1.0,11,70.360869
-1.0,11,70.362842
-2.0,11,70.364849
0.0,11,70.366864
-1.0,11,70.368412
0.0,11,70.370397
0.0,11,70.372335
0.0,11,70.374264
-1.0,11,70.375791
-1.0,11,70.377918
-1.0,11,70.379903
0.0,11,70.381853
-1.0,11,70.383568
-1.0,11,70.385538
-1.0,11,70.387495
-1.0,11,70.389385
0.0,11,70.390954
-1.0,11,70.39293
-1.0,11,70.394894
0.0,11,70.396887
0.0,11,70.398466
-1.0,11,70.400362
0.0,11,70.402296
-1.0,11,70.40423
-1.0,11,70.405829
0.0,11,70.407767
-1.0,11,70.409691
-1.0,11,70.411589
-2.0,11,70.413112
0.0,11,70.415029
-2.0,11,70.417003
0.0,11,70.418919
0.0,11,70.420432
-1.0,11,70.42233
-2.0,11,70.424246
0.0,11,70.426152
0.0,11,70.427663
0.0,11,70.429652
0.0,11,70.43163
-2.0,11,70.433572
-1.0,11,70.435088
0.0,11,70.436993
-1.0,11,70.4389
0.0,11,70.440801
-1.0,11,70.442291
-1.0,11,70.444232
-1.0,11,70.446144
-1.0,11,70.448078
-2.0,11,70.449526
0.0,11,70.451446
0.0,11,70.45335
-1.0,11,70.455263
0.0,11,70.456812
-1.0,11,70.458755
-2.0,11,70.460708
-1.0,11,70.462604
0.0,11,70.464135
-1.0,11,70.466082
-1.0,11,70.468022
-2.0,11,70.469936
-1.0,11,70.471454
0.0,11,70.473386
0.0,11,70.475261
0.0,11,70.477202
-1.0,11,70.478731
0.0,11,70.480634
0.0,11,70.482533
0.0,11,70.484432
0.0,11,70.485933
-1.0,11,70.487833
-1.0,11,70.489752
-1.0,11,70.491648
-1.0,11,70.49312
0.0,11,70.495042
-2.0,11,70.496995
-1.0,11,70.498934
-1.0,11,70.50044
0.0,11,70.502339
-1.0,11,70.504251
-1.0,11,70.506113
-1.0,11,70.507572
-1.0,11,70.509482
0.0,11,70.511393
-1.0,11,70.513303
0.0,11,70.514845
-1.0,11,70.516718
0.0,11,70.518631
0.0,11,70.520504
-1.0,11,70.522043
0.0,11,70.523956
0.0,11,70.525899
0.0,11,70.527824
-1.0,11,70.529311
0.0,11,70.53125
0.0,11,70.533196
-1.0,11,70.535106
0.0,11,70.536639
0.0,11,70.538568
0.0,11,70.540476
0.0,11,70.542389
-1.0,11,70.543904
-1.0,11,70.545812
0.0,11,70.547719
-1.0,11,70.549616
-1.0,11,70.551091
-1.0,11,70.553031
0.0,11,70.554912
-1.0,11,70.556844
0.0,11,70.558407
-1.0,11,70.560443
-1.0,11,70.562355
-2.0,11,70.564385
0.0,11,70.565939
-1.0,11,70.567894
0.0,11,70.569835
-1.0,11,70.57174
0.0,11,70.573262
0.0,11,70.57517
0.0,11,70.577325
-1.0,11,70.579235
-1.0,11,70.580727
-1.0,11,70.582647
0.0,11,70.584618
0.0,11,70.586607
-1.0,11,70.588116
-1.0,11,70.590075
0.0,11,70.591964
-1.0,11,70.593874
0.0,11,70.595388
-2.0,11,70.597316
-1.0,11,70.599286
0.0,11,70.601174
0.0,11,70.602715
0.0,11,70.604643
-1.0,11,70.606577
-2.0,11,70.608512
0.0,11,70.610017
-1.0,11,70.61192
0.0,11,70.61384
0.0,11,70.615775
0.0,11,70.617302
0.0,11,70.619227
-1.0,11,70.621174
-1.0,11,70.623107
-1.0,11,70.624608
0.0,11,70.626492
0.0,11,70.628439
-1.0,11,70.630337
0.0,11,70.631914
-1.0,11,70.633867
-1.0,11,70.635844
-1.0,11,70.637748
0.0,11,70.639272
-1.0,11,70.641168
-1.0,11,70.643099
0.0,11,70.64502
0.0,11,70.646521
0.0,11,70.648442
0.0,11,70.650329
-1.0,11,70.652246
0.0,11,70.653742
-2.0,11,70.655674
-2.0,11,70.65759
-2.0,11,70.659448
-2.0,11,70.660922
-1.0,11,70.662825
-1.0,11,70.664743
0.0,11,70.66667
-1.0,11,70.66822
0.0,11,70.670172
-1.0,11,70.672049
0.0,11,70.673968
0.0,11,70.675449
-1.0,11,70.67737
-1.0,11,70.679267
-1.0,11,70.681211
0.0,11,70.68271
-1.0,11,70.684634
0.0,11,70.686549
0.0,11,70.688437
-1.0,11,70.689917
-1.0,11,70.691788
-2.0,11,70.693686
0.0,11,70.69562
0.0,11,70.697164
-1.0,11,70.699058
-1.0,11,70.700991
0.0,11,70.702925
-1.0,11,70.704446
0.0,11,70.706385
-1.0,11,70.708328
0.0,11,70.710233
-1.0,11,70.711751
0.0,11,70.713712
-1.0,11,70.715631
0.0,11,70.71757
0.0,11,70.719086
0.0,11,70.721026
0.0,11,70.72294
-1.0,11,70.724828
-1.0,11,70.726447
-2.0,11,70.728394
0.0,11,70.730336
0.0,11,70.732275
-1.0,11,70.733805
-1.0,11,70.735705
0.0,11,70.737621
0.0,11,70.739523
-1.0,11,70.741047
0.0,11,70.743089
-1.0,11,70.745015
-2.0,11,70.746885
-1.0,11,70.748456
0.0,11,70.750385
0.0,11,70.752314
-1.0,11,70.754221
-1.0,11,70.755746
0.0,11,70.757626
0.0,11,70.759581
0.0,11,70.761482
-1.0,11,70.763018
-2.0,11,70.764959
-1.0,11,70.76687
0.0,11,70.768736
0.0,11,70.77025
-1.0,11,70.772157
-1.0,11,70.774128
0.0,11,70.776048
-1.0,11,70.777555
-1.0,11,70.779482
-2.0,11,70.781391
0.0,11,70.783338
0.0,11,70.784849
-1.0,11,70.78678
-1.0,11,70.78869
-2.0,11,70.7906
-2.0,11,70.792131
-1.0,11,70.794057
0.0,11,70.796015
-1.0,11,70.797959
0.0,11,70.799465
-1.0,11,70.801409
-2.0,11,70.803368
0.0,11,70.805347
0.0,11,70.806922
-1.0,11,70.808823
-1.0,11,70.810741
-1.0,11,70.812662
0.0,11,70.814199
-1.0,11,70.816053
0.0,11,70.817972
-1.0,11,70.8199
0.0,11,70.821385
-1.0,11,70.823321
-1.0,11,70.825182
0.0,11,70.827082
0.0,11,70.828585
-2.0,11,70.830514
0.0,11,70.832418
-1.0,11,70.834319
0.0,11,70.83587
-1.0,11,70.837723
0.0,11,70.83966
-1.0,11,70.841628
0.0,11,70.843198
0.0,11,70.845163
-2.0,11,70.847058
0.0,11,70.84899
-1.0,11,70.850492
0.0,11,70.852417
-1.0,11,70.85439
-1.0,11,70.856315
0.0,11,70.85779
-1.0,11,70.859682
0.0,11,70.861593
0.0,11,70.863587
-1.0,11,70.865131
0.0,11,70.867129
0.0,11,70.869029
0.0,11,70.870929
0.0,11,70.872433
-2.0,11,70.874326
-1.0,11,70.876232
0.0,11,70.878119
-1.0,11,70.879684
0.0,11,70.88161
-1.0,11,70.883547
-1.0,11,70.885455
0.0,11,70.886945
-1.0,11,70.888867
-2.0,11,70.890789
0.0,11,70.892747
-1.0,11,70.894271
0.0,11,70.896166
0.0,11,70.898056
-1.0,11,70.900048
0.0,11,70.901549
0.0,11,70.903479
0.0,11,70.905411
-1.0,11,70.907308
-2.0,11,70.908855
0.0,11,70.910804
0.0,11,70.912702
-2.0,11,70.914579
-1.0,11,70.916089
-1.0,11,70.917947
0.0,11,70.919851
0.0,11,70.921762
-1.0,11,70.923301
0.0,11,70.925346
-1.0,11,70.927259
-1.0,11,70.929114
-1.0,11,70.930659
0.0,11,70.932646
-1.0,11,70.934572
0.0,11,70.936489
0.0,11,70.938003
-1.0,11,70.939968
-1.0,11,70.941893
-1.0,11,70.943798
-1.0,11,70.945285
-1.0,11,70.947217
-1.0,11,70.949138
0.0,11,70.951084
0.0,11,70.952607
-1.0,11,70.954536
-1.0,11,70.956443
-1.0,11,70.958432
0.0,11,70.959932
0.0,11,70.961845
-1.0,11,70.963744
-1.0,11,70.965629
-2.0,11,70.967108
0.0,11,70.969007
0.0,11,70.970912
0.0,11,70.972825
-2.0,11,70.974343
-2.0,11,70.976342
0.0,11,70.978241
0.0,11,70.980157
-1.0,11,70.981694
0.0,11,70.983688
0.0,11,70.985623
-1.0,11,70.987551
0.0,11,70.98906
-1.0,11,70.990942
0.0,11,70.99287
-1.0,11,70.994723
-1.0,11,70.996239
-1.0,11,70.998146
-1.0,11,71.00007
0.0,11,71.002003
0.0,11,71.003514
0.0,11,71.005459
-1.0,11,71.007415
-1.0,11,71.009309
-1.0,11,71.010804
-1.0,11,71.012751
-1.0,11,71.014703
-2.0,11,71.016643
0.0,11,71.018162
-1.0,11,71.020118
-1.0,11,71.022059
0.0,11,71.023961
-2.0,11,71.02545
-1.0,11,71.027299
-1.0,11,71.029175
-1.0,11,71.031133
0.0,11,71.032688
-1.0,11,71.034631
-1.0,11,71.036561
0.0,11,71.038457
-1.0,11,71.039962
-1.0,11,71.041875
-1.0,11,71.043778
-1.0,11,71.045687
-1.0,11,71.047208
-1.0,11,71.049107
0.0,11,71.051037
-1.0,11,71.052917
0.0,11,71.054414
0.0,11,71.056336
0.0,11,71.05822
0.0,11,71.060153
-1.0,11,71.061652
0.0,11,71.063577
0.0,11,71.065479
0.0,11,71.067459
-1.0,11,71.068947
-1.0,11,71.070827
-1.0,11,71.072754
-1.0,11,71.074685
-1.0,11,71.076173
-1.0,11,71.078121
-1.0,11,71.080065
-1.0,11,71.081986
0.0,11,71.083503
0.0,11,71.08538
0.0,11,71.08729
-1.0,11,71.089238
-1.0,11,71.090759
0.0,11,71.0927
0.0,11,71.094637
-1.0,11,71.096539
0.0,11,71.098067
-2.0,11,71.099974
-1.0,11,71.1019
0.0,11,71.103821
0.0,11,71.105322
-1.0,11,71.107339
-1.0,11,71.109215
-2.0,11,71.111152
-1.0,11,71.112712
-2.0,11,71.114632
0.0,11,71.116563
-2.0,11,71.118495
-1.0,11,71.120021
0.0,11,71.121931
0.0,11,71.123868
0.0,11,71.125785
-1.0,11,71.127296
0.0,11,71.129207
0.0,11,71.131148
-1.0,11,71.133041
-1.0,11,71.134552
-3.0,11,71.136466
-1.0,11,71.138334
0.0,11,71.140237
0.0,11,71.141728
0.0,11,71.143683
-1.0,11,71.145651
0.0,11,71.147593
-1.0,11,71.149108
-1.0,11,71.151115
0.0,11,71.153055
0.0,11,71.154894
-1.0,11,71.156355
-1.0,11,71.158271
0.0,11,71.160216
0.0,11,71.162118
-1.0,11,71.163682
-1.0,11,71.165618
0.0,11,71.167516
-1.0,11,71.1694
0.0,11,71.170867
-1.0,11,71.172762
0.0,11,71.174679
0.0,11,71.176661
-2.0,11,71.178197
-1.0,11,71.180108
-1.0,11,71.182075
-1.0,11,71.18401
-1.0,11,71.185514
-1.0,11,71.187462
-1.0,11,71.189376
-1.0,11,71.191376
-1.0,11,71.192941
0.0,11,71.194875
0.0,11,71.196778
0.0,11,71.198691
-1.0,11,71.200166
0.0,11,71.202079
0.0,11,71.20403
0.0,11,71.205992
-1.0,11,71.207526
-2.0,11,71.209408
0.0,11,71.21131
-1.0,11,71.213176
0.0,11,71.214707
0.0,11,71.216622
-2.0,11,71.218513
0.0,11,71.220405
0.0,11,71.221899
0.0,11,71.223853
-1.0,11,71.225739
0.0,11,71.227655
-1.0,11,71.22918
-1.0,11,71.231109
-1.0,11,71.233011
-1.0,11,71.234945
0.0,11,71.236452
0.0,11,71.238318
0.0,11,71.240198
-1.0,11,71.242141
0.0,11,71.243654
-1.0,11,71.245544
-1.0,11,71.247442
0.0,11,71.249327
0.0,11,71.250847
0.0,11,71.252738
0.0,11,71.254641
0.0,11,71.256544
-2.0,11,71.25803
-1.0,11,71.259936
-1.0,11,71.261838
0.0,11,71.263728
0.0,11,71.265228
-1.0,11,71.267142
-1.0,11,71.269027
-1.0,11,71.270925
0.0,11,71.272435
0.0,11,71.274349
0.0,11,71.276307
-1.0,11,71.278255
0.0,11,71.279772
-1.0,11,71.281678
-2.0,11,71.283603
0.0,11,71.285523
-2.0,11,71.287068
0.0,11,71.289048
-1.0,11,71.290948
-1.0,11,71.292845
0.0,11,71.29446
0.0,11,71.29638
-1.0,11,71.29829
0.0,11,71.300205
0.0,11,71.301703
-1.0,11,71.303644
0.0,11,71.305565
-2.0,11,71.307477
-1.0,11,71.308964
0.0,11,71.310921
-1.0,11,71.312814
-1.0,11,71.314754
0.0,11,71.316254
-1.0,11,71.318153
0.0,11,71.320058
0.0,11,71.321989
0.0,11,71.323501
0.0,11,71.325411
0.0,11,71.327323
-1.0,11,71.329258
0.0,11,71.330767
0.0,11,71.332686
-1.0,11,71.334582
0.0,11,71.336485
0.0,11,71.337986
0.0,11,71.339873
-1.0,11,71.341739
-1.0,11,71.343674
0.0,11,71.34519
-2.0,11,71.347109
-1.0,11,71.349029
0.0,11,71.350936
-1.0,11,71.35246
0.0,11,71.354411
0.0,11,71.356349
0.0,11,71.358242
0.0,11,71.359763
0.0,11,71.36164
0.0,11,71.36354
-1.0,11,71.365429
-1.0,11,71.366924
0.0,11,71.368848
-1.0,11,71.370759
-1.0,11,71.372672
-2.0,11,71.374176
-1.0,11,71.376058
-1.0,11,71.377967
-1.0,11,71.37988
0.0,11,71.381439
0.0,11,71.383343
-1.0,11,71.385277
0.0,11,71.387207
0.0,11,71.388711
0.0,11,71.390617
-2.0,11,71.392544
0.0,11,71.39445
0.0,11,71.395957
0.0,11,71.39793
0.0,11,71.399854
-1.0,11,71.401752
-1.0,11,71.403279
-1.0,11,71.405168
-1.0,11,71.407097
0.0,11,71.409011
-2.0,11,71.4105
-1.0,11,71.412413
0.0,11,71.414296
-1.0,11,71.416168
-2.0,11,71.417654
0.0,11,71.419565
0.0,11,71.421463
-1.0,11,71.423403
-1.0,11,71.424896
-1.0,11,71.426809
-2.0,11,71.428704
0.0,11,71.430667
-1.0,11,71.432194
-2.0,11,71.434095
-1.0,11,71.436015
0.0,11,71.437911
-1.0,11,71.439436
-1.0,11,71.441362
-1.0,11,71.443276
0.0,11,71.445202
0.0,11,71.446748
0.0,11,71.44868
-2.0,11,71.450626
-1.0,11,71.452551
0.0,11,71.454014
0.0,11,71.455962
0.0,11,71.457872
0.0,11,71.459802
0.0,11,71.461327
0.0,11,71.463215
-1.0,11,71.465141
-1.0,11,71.467064
0.0,11,71.468575
-1.0,11,71.470603
0.0,11,71.472552
-1.0,11,71.474463
0.0,11,71.475997
0.0,11,71.477956
-1.0,11,71.479863
0.0,11,71.481765
0.0,11,71.483317
0.0,11,71.485251
-2.0,11,71.487129
-1.0,11,71.489058
0.0,11,71.490585
-1.0,11,71.492462
-1.0,11,71.494373
-1.0,11,71.496319
-1.0,11,71.497786
0.0,11,71.499685
-1.0,11,71.501555
-1.0,11,71.503522
0.0,11,71.505047
0.0,11,71.50695
0.0,11,71.508844
-1.0,11,71.510744
-2.0,11,71.512319
0.0,11,71.514229
0.0,11,71.516151
0.0,11,71.518056
0.0,11,71.519578
-2.0,11,71.521488
0.0,11,71.52338
0.0,11,71.525265
0.0,11,71.526758
-1.0,11,71.528675
-1.0,11,71.530578
0.0,11,71.532467
-1.0,11,71.533973
-2.0,11,71.535841
0.0,11,71.537744
0.0,11,71.539654
-1.0,11,71.541183
0.0,11,71.54312
0.0,11,71.545058
0.0,11,71.54693
0.0,11,71.54844
-2.0,11,71.550364
-1.0,11,71.55226
-1.0,11,71.554154
-1.0,11,71.555659
-2.0,11,71.557577
-1.0,11,71.559484
0.0,11,71.561382
0.0,11,71.562881
-1.0,11,71.564832
0.0,11,71.566772
-1.0,11,71.568672
0.0,11,71.570169
-1.0,11,71.572083
-1.0,11,71.57398
0.0,11,71.575878
-1.0,11,71.577359
-1.0,11,71.579263
-1.0,11,71.581125
-1.0,11,71.583036
-1.0,11,71.584527
0.0,11,71.586469
0.0,11,71.588372
-1.0,11,71.590271
-1.0,11,71.591799
-1.0,11,71.593721
-1.0,11,71.595632
-1.0,11,71.597533
-2.0,11,71.599083
0.0,11,71.600982
-1.0,11,71.602867
-1.0,11,71.60476
0.0,11,71.606241
-1.0,11,71.608202
0.0,11,71.610201
0.0,11,71.612113
0.0,11,71.613663
-1.0,11,71.615587
0.0,11,71.617556
0.0,11,71.619551
0.0,11,71.62105
-1.0,11,71.622931
0.0,11,71.624821
-1.0,11,71.6267
0.0,11,71.628212
-2.0,11,71.630094
0.0,11,71.63203
-1.0,11,71.633944
-1.0,11,71.63547
-1.0,11,71.637403
0.0,11,71.639295
-1.0,11,71.641154
-1.0,11,71.642646
0.0,11,71.64455
-2.0,11,71.646461
0.0,11,71.648338
0.0,11,71.649844
0.0,11,71.651886
0.0,11,71.653801
-2.0,11,71.655747
-1.0,11,71.657319
0.0,11,71.659313
0.0,11,71.661262
-1.0,11,71.663166
-2.0,11,71.664668
-2.0,11,71.666589
-2.0,11,71.668507
-1.0,11,71.670425
-1.0,11,71.671942
-2.0,11,71.673769
0.0,11,71.675719
0.0,11,71.677646
0.0,11,71.679192
0.0,11,71.681113
0.0,11,71.683021
-1.0,11,71.684959
-1.0,11,71.686448
0.0,11,71.688349
0.0,11,71.690219
-1.0,11,71.692077
-1.0,11,71.693575
-1.0,11,71.69547
0.0,11,71.697366
-1.0,11,71.699248
0.0,11,71.700746
-1.0,11,71.702687
0.0,11,71.704585
-1.0,11,71.706496
0.0,11,71.707985
0.0,11,71.709887
0.0,11,71.71181
-1.0,11,71.713778
-1.0,11,71.715261
0.0,11,71.717148
-1.0,11,71.719003
-1.0,11,71.720888
-1.0,11,71.722392
0.0,11,71.724339
0.0,11,71.726309
-1.0,11,71.728209
-1.0,11,71.729711
0.0,11,71.731635
-1.0,11,71.73361
-2.0,11,71.735525
-1.0,11,71.737071
0.0,11,71.738959
-1.0,11,71.740858
0.0,11,71.74274
-2.0,11,71.744238
-1.0,11,71.746105
-2.0,11,71.74801
-1.0,11,71.749909
0.0,11,71.75143
-1.0,11,71.753336
-1.0,11,71.755271
-1.0,11,71.757173
0.0,11,71.7587
0.0,11,71.760598
-2.0,11,71.762504
-1.0,11,71.7644
0.0,11,71.765891
0.0,11,71.767822
-1.0,11,71.769729
-1.0,11,71.771611
-1.0,11,71.773143
0.0,11,71.775004
-1.0,11,71.776948
-2.0,11,71.778825
0.0,11,71.780311
0.0,11,71.782193
-2.0,11,71.78414
0.0,11,71.786002
-1.0,11,71.787514
0.0,11,71.789429
-1.0,11,71.79134
-2.0,11,71.793305
-1.0,11,71.794765
-1.0,11,71.796631
-1.0,11,71.798563
-2.0,11,71.800456
-1.0,11,71.801959
0.0,11,71.80388
0.0,11,71.805769
-1.0,11,71.807679
0.0,11,71.809195
-1.0,11,71.811116
0.0,11,71.812978
-1.0,11,71.81484
0.0,11,71.816339
-1.0,11,71.81828
-1.0,11,71.820187
-1.0,11,71.822086
-1.0,11,71.823577
0.0,11,71.825491
-2.0,11,71.827363
0.0,11,71.829265
-2.0,11,71.83076
-1.0,11,71.832763
-2.0,11,71.834635
0.0,11,71.836532
0.0,11,71.838074
0.0,11,71.84009
-1.0,11,71.84198
0.0,11,71.843887
-1.0,11,71.845391
0.0,11,71.84726
0.0,11,71.849126
-1.0,11,71.851014
-1.0,11,71.852551
0.0,11,71.854448
-1.0,11,71.856313
-1.0,11,71.858216
0.0,11,71.859712
0.0,11,71.861576
0.0,11,71.863502
-1.0,11,71.865391
-2.0,11,71.866907
-1.0,11,71.868769
-1.0,11,71.870666
-1.0,11,71.872539
-1.0,11,71.874082
-1.0,11,71.876005
-1.0,11,71.877899
-1.0,11,71.879763
0.0,11,71.881257
0.0,11,71.883187
-1.0,11,71.885093
0.0,11,71.887009
-1.0,11,71.88852
0.0,11,71.890436
-1.0,11,71.892349
0.0,11,71.894291
-1.0,11,71.895814
-2.0,11,71.89772
-1.0,11,71.899623
-1.0,11,71.901516
0.0,11,71.903032
0.0,11,71.904942
0.0,11,71.906837
-1.0,11,71.908745
0.0,11,71.910248
0.0,11,71.912139
0.0,11,71.91402
-2.0,11,71.915955
0.0,11,71.917554
-1.0,11,71.91951
0.0,11,71.921452
0.0,11,71.923406
0.0,11,71.924943
0.0,11,71.926819
-1.0,11,71.928721
0.0,11,71.930642
0.0,11,71.932138
0.0,11,71.934034
0.0,11,71.935924
0.0,11,71.937868
-3.0,11,71.939352
-1.0,11,71.941243
-1.0,11,71.9431
-1.0,11,71.944998
0.0,11,71.946492
0.0,11,71.948392
0.0,11,71.950343
0.0,11,71.952198
-2.0,11,71.953729
0.0,11,71.955597
-1.0,11,71.957502
0.0,11,71.959372
-1.0,11,71.96086
0.0,11,71.962738
0.0,11,71.964652
-1.0,11,71.966545
0.0,11,71.968029
-1.0,11,71.969952
0.0,11,71.971858
-1.0,11,71.973755
-1.0,11,71.975279
0.0,11,71.977206
0.0,11,71.979413
-1.0,11,71.98167
0.0,11,71.983703
-1.0,11,71.986129
-2.0,11,71.988373
0.0,11,71.990764
-2.0,11,71.992404
0.0,11,71.994625
-1.0,11,71.997061
-1.0,11,71.999411
0.0,11,72.00112
-1.0,11,72.003315
-1.0,11,72.005617
0.0,11,72.008197
0.0,11,72.01013
0.0,11,72.012486
0.0,11,72.01484
0.0,11,72.017079
-1.0,11,72.018738
0.0,11,72.021113
0.0,11,72.023356
-1.0,11,72.025554
-1.0,11,72.027288
0.0,11,72.029394
-1.0,11,72.031515
0.0,11,72.03362
-1.0,11,72.035214
-1.0,11,72.037233
-1.0,11,72.039278
-1.0,11,72.041334
-1.0,11,72.042944
0.0,11,72.044952
0.0,11,72.046936
-1.0,11,72.048995
0.0,11,72.050684
0.0,11,72.052657
0.0,11,72.054639
-1.0,11,72.056574
-1.0,11,72.058126
-1.0,11,72.060115
-2.0,11,72.062027
0.0,11,72.063969
0.0,11,72.065471
0.0,11,72.067411
-1.0,11,72.069344
0.0,11,72.071271
-1.0,11,72.072798
-1.0,11,72.07469
0.0,11,72.076646
0.0,11,72.07852
-1.0,11,72.080032
-1.0,11,72.081982
0.0,11,72.083936
0.0,11,72.085951
0.0,11,72.087486
0.0,11,72.089421
-1.0,11,72.091344
0.0,11,72.093341
0.0,11,72.094874
0.0,11,72.096793
0.0,11,72.098694
0.0,11,72.100625
0.0,11,72.102141
0.0,11,72.104067
-1.0,11,72.106054
-2.0,11,72.107912
0.0,11,72.10949
0.0,11,72.111452
0.0,11,72.113349
0.0,11,72.115284
0.0,11,72.116782
-1.0,11,72.118738
0.0,11,72.120647
-1.0,11,72.122671
0.0,11,72.124172
0.0,11,72.126101
-1.0,11,72.128076
0.0,11,72.13005
0.0,11,72.131625
0.0,11,72.133573
0.0,11,72.135565
0.0,11,72.137496
0.0,11,72.139032
0.0,11,72.140933
0.0,11,72.14293
0.0,11,72.144873
-1.0,11,72.146304
-1.0,11,72.148258
-1.0,11,72.150153
-1.0,11,72.152101
-2.0,11,72.153609
-1.0,11,72.155575
-2.0,11,72.157482
0.0,11,72.1594
-1.0,11,72.16095
-1.0,11,72.162917
-1.0,11,72.164821
-1.0,11,72.166778
0.0,11,72.168355
0.0,11,72.170307
-1.0,11,72.172222
-1.0,11,72.174086
0.0,11,72.175564
-1.0,11,72.177522
0.0,11,72.179347
0.0,11,72.181247
0.0,11,72.182741
-2.0,11,72.184671
0.0,11,72.186568
-2.0,11,72.188469
-1.0,11,72.189987
-2.0,11,72.1919
-1.0,11,72.193778
0.0,11,72.195713
-2.0,11,72.197185
-1.0,11,72.199082
0.0,11,72.201086
-1.0,11,72.203015
0.0,11,72.20448
0.0,11,72.206511
0.0,11,72.208418
0.0,11,72.210381
-1.0,11,72.211974
0.0,11,72.213987
0.0,11,72.215902
-1.0,11,72.217843
-1.0,11,72.219372
-1.0,11,72.221282
-1.0,11,72.223208
-1.0,11,72.225155
-1.0,11,72.226689
-1.0,11,72.22863
-1.0,11,72.230609
0.0,11,72.232477
-1.0,11,72.234007
0.0,11,72.235907
0.0,11,72.237849
0.0,11,72.240005
0.0,11,72.241554
0.0,11,72.243477
-2.0,11,72.245784
-1.0,11,72.248089
0.0,11,72.249704
0.0,11,72.251754
-1.0,11,72.253786
0.0,11,72.255823
0.0,11,72.257388
-1.0,11,72.25931
-2.0,11,72.261305
-1.0,11,72.263233
-1.0,11,72.264769
0.0,11,72.266698
0.0,11,72.268586
0.0,11,72.270501
-1.0,11,72.272054
-1.0,11,72.27399
0.0,11,72.275897
-1.0,11,72.277785
0.0,11,72.279297
0.0,11,72.281211
0.0,11,72.283112
-1.0,11,72.284988
-2.0,11,72.286502
-1.0,11,72.288439
0.0,11,72.290382
-1.0,11,72.292298
0.0,11,72.293846
0.0,11,72.295729
-1.0,11,72.297647
-2.0,11,72.299548
0.0,11,72.301055
0.0,11,72.302989
-1.0,11,72.304885
-1.0,11,72.306822
0.0,11,72.308325
0.0,11,72.310243
-1.0,11,72.312159
-1.0,11,72.314095
0.0,11,72.31558
0.0,11,72.317446
-1.0,11,72.319358
-1.0,11,72.321321
0.0,11,72.322857
-1.0,11,72.32479
0.0,11,72.326692
-1.0,11,72.328593
-1.0,11,72.330128
-2.0,11,72.332067
0.0,11,72.333977
-1.0,11,72.335873
0.0,11,72.337389
0.0,11,72.339302
-2.0,11,72.341241
0.0,11,72.343169
-1.0,11,72.344703
-1.0,11,72.346572
-1.0,11,72.348444
-1.0,11,72.350281
0.0,11,72.351789
0.0,11,72.353698
-2.0,11,72.355616
-1.0,11,72.357491
-1.0,11,72.359019
-2.0,11,72.360933
0.0,11,72.362854
0.0,11,72.364784
-1.0,11,72.366295
-1.0,11,72.368201
0.0,11,72.370067
0.0,11,72.371933
0.0,11,72.373421
-1.0,11,72.375311
-1.0,11,72.377276
-1.0,11,72.379199
-1.0,11,72.380715
-1.0,11,72.382611
-1.0,11,72.384552
0.0,11,72.38644
0.0,11,72.387952
0.0,11,72.389988
0.0,11,72.391891
0.0,11,72.393816
-2.0,11,72.395374
-1.0,11,72.397327
0.0,11,72.39927
0.0,11,72.401185
0.0,11,72.402698
0.0,11,72.404574
-1.0,11,72.406498
0.0,11,72.408411
-1.0,11,72.409977
0.0,11,72.411913
0.0,11,72.413859
0.0,11,72.415763
-1.0,11,72.41727
0.0,11,72.419176
0.0,11,72.421079
0.0,11,72.422985
-1.0,11,72.424495
0.0,11,72.426393
0.0,11,72.428285
0.0,11,72.430199
-1.0,11,72.431688
0.0,11,72.433626
0.0,11,72.435562
0.0,11,72.437558
0.0,11,72.439069
-1.0,11,72.44098
0.0,11,72.442907
-1.0,11,72.445059
0.0,11,72.446757
0.0,11,72.448894
-2.0,11,72.451231
-2.0,11,72.453167
0.0,11,72.45473
0.0,11,72.45667
-1.0,11,72.458533
-1.0,11,72.46046
0.0,11,72.462014
-1.0,11,72.46393
0.0,11,72.46581
0.0,11,72.46784
-1.0,11,72.469613
-1.0,11,72.471905
0.0,11,72.474196
0.0,11,72.476419
0.0,11,72.478103
0.0,11,72.480065
-1.0,11,72.482038
0.0,11,72.484055
-1.0,11,72.485652
0.0,11,72.487605
-1.0,11,72.489587
0.0,11,72.491583
-2.0,11,72.493031
-1.0,11,72.494968
-1.0,11,72.496984
0.0,11,72.498913
0.0,11,72.500425
0.0,11,72.502419
0.0,11,72.504354
0.0,11,72.506305
-1.0,11,72.507849
-1.0,11,72.509778
0.0,11,72.511643
-1.0,11,72.513609
0.0,11,72.515071
0.0,11,72.516986
-1.0,11,72.518913
-1.0,11,72.520808
-1.0,11,72.522318
0.0,11,72.524242
0.0,11,72.526198
0.0,11,72.528086
0.0,11,72.529609
0.0,11,72.531556
0.0,11,72.53349
0.0,11,72.535416
-1.0,11,72.536945
0.0,11,72.538865
-1.0,11,72.540792
0.0,11,72.542727
0.0,11,72.544279
0.0,11,72.546198
-1.0,11,72.548089
-1.0,11,72.550093
0.0,11,72.551652
0.0,11,72.553682
-1.0,11,72.555652
-1.0,11,72.557567
0.0,11,72.559062
0.0,11,72.561009
-1.0,11,72.562859
0.0,11,72.564802
-1.0,11,72.566311
0.0,11,72.56826
0.0,11,72.570175
0.0,11,72.572125
0.0,11,72.573648
-1.0,11,72.575743
-1.0,11,72.577749
0.0,11,72.579662
-1.0,11,72.581249
-1.0,11,72.583156
-1.0,11,72.585059
0.0,11,72.587
0.0,11,72.58849
0.0,11,72.590422
0.0,11,72.592338
0.0,11,72.594261
0.0,11,72.595754
-1.0,11,72.59768
-1.0,11,72.599599
0.0,11,72.601475
0.0,11,72.602989
0.0,11,72.604867
0.0,11,72.606778
0.0,11,72.608689
0.0,11,72.610286
0.0,11,72.612276
0.0,11,72.614358
-2.0,11,72.616368
-1.0,11,72.618029
0.0,11,72.6201
-1.0,11,72.622159
-1.0,11,72.624102
0.0,11,72.625656
-1.0,11,72.627577
-2.0,11,72.629486
0.0,11,72.631409
0.0,11,72.632913
-1.0,11,72.634785
0.0,11,72.636721
0.0,11,72.638645
-1.0,11,72.64017
0.0,11,72.642128
-2.0,11,72.644031
0.0,11,72.645918
-1.0,11,72.647414
0.0,11,72.649327
-1.0,11,72.651228
-1.0,11,72.653147
-2.0,11,72.654707
-1.0,11,72.65662
0.0,11,72.658515
-1.0,11,72.660443
-1.0,11,72.66196
0.0,11,72.663835
-1.0,11,72.665705
-2.0,11,72.667618
-1.0,11,72.669168
-1.0,11,72.671099
-1.0,11,72.673072
-2.0,11,72.675023
0.0,11,72.676513
0.0,11,72.678475
0.0,11,72.680386
0.0,11,72.682327
0.0,11,72.683833
-1.0,11,72.685725
0.0,11,72.687628
-1.0,11,72.689457
-2.0,11,72.691011
-1.0,11,72.692947
-1.0,11,72.694871
0.0,11,72.696789
-2.0,11,72.698254
-2.0,11,72.700119
-1.0,11,72.702051
-1.0,11,72.704001
-1.0,11,72.705564
0.0,11,72.707461
-1.0,11,72.709409
0.0,11,72.711329
0.0,11,72.712825
0.0,11,72.714727
0.0,11,72.716655
-2.0,11,72.718532
-2.0,11,72.720055
-2.0,11,72.721954
0.0,11,72.723854
0.0,11,72.725794
0.0,11,72.72735
0.0,11,72.729276
0.0,11,72.731221
-1.0,11,72.733115
-1.0,11,72.734602
0.0,11,72.736582
-1.0,11,72.738526
-1.0,11,72.740422
-1.0,11,72.741944
-2.0,11,72.74387
0.0,11,72.745814
0.0,11,72.74775
0.0,11,72.74929
-1.0,11,72.751196
-1.0,11,72.75314
0.0,11,72.755023
0.0,11,72.756555
-1.0,11,72.758619
0.0,11,72.760568
0.0,11,72.762478
0.0,11,72.764057
-1.0,11,72.766013
-1.0,11,72.767979
0.0,11,72.769883
0.0,11,72.771441
0.0,11,72.773386
-1.0,11,72.775248
0.0,11,72.777143
-1.0,11,72.778662
-1.0,11,72.780561
-1.0,11,72.782472
-1.0,11,72.784325
0.0,11,72.785815
0.0,11,72.78772
-1.0,11,72.789659
-1.0,11,72.791546
0.0,11,72.793011
-1.0,11,72.794941
0.0,11,72.79685
-2.0,11,72.798757
0.0,11,72.800264
-1.0,11,72.802192
0.0,11,72.80409
0.0,11,72.806017
-1.0,11,72.807487
-2.0,11,72.809383
-1.0,11,72.811274
0.0,11,72.81313
0.0,11,72.814641
0.0,11,72.816529
-1.0,11,72.818435
-1.0,11,72.820294
0.0,11,72.821792
-1.0,11,72.823698
0.0,11,72.825602
0.0,11,72.827497
0.0,11,72.829003
0.0,11,72.830924
-1.0,11,72.832816
-1.0,11,72.834762
-2.0,11,72.836315
-1.0,11,72.838252
0.0,11,72.840225
-2.0,11,72.842184
-1.0,11,72.843675
0.0,11,72.84563
-1.0,11,72.847495
-1.0,11,72.849389
0.0,11,72.850896
0.0,11,72.852789
-1.0,11,72.854695
-1.0,11,72.856596
-1.0,11,72.858101
0.0,11,72.860029
0.0,11,72.862
0.0,11,72.863978
-1.0,11,72.865536
0.0,11,72.8675
-1.0,11,72.869444
0.0,11,72.871338
0.0,11,72.872864
-1.0,11,72.874767
-1.0,11,72.876654
-1.0,11,72.878547
-1.0,11,72.879982
-1.0,11,72.881871
-1.0,11,72.883764
-1.0,11,72.885608
0.0,11,72.887119
-1.0,11,72.889007
0.0,11,72.890926
0.0,11,72.89283
-1.0,11,72.894347
-1.0,11,72.896278
-1.0,11,72.898182
-1.0,11,72.90008
-1.0,11,72.90161
0.0,11,72.903521
-1.0,11,72.905432
-1.0,11,72.907318
0.0,11,72.908819
-1.0,11,72.910722
0.0,11,72.912615
0.0,11,72.91453
0.0,11,72.916023
0.0,11,72.91794
0.0,11,72.919866
0.0,11,72.92177
-2.0,11,72.923233
-1.0,11,72.925085
-1.0,11,72.92702
0.0,11,72.928974
-1.0,11,72.930425
-1.0,11,72.932271
-1.0,11,72.934191
0.0,11,72.936132
-1.0,11,72.937646
-1.0,11,72.939696
-1.0,11,72.941605
-1.0,11,72.943557
0.0,11,72.945122
0.0,11,72.947079
0.0,11,72.948996
0.0,11,72.950938
-1.0,11,72.952465
-1.0,11,72.954409
-1.0,11,72.956322
-1.0,11,72.958184
-1.0,11,72.959665
0.0,11,72.96162
0.0,11,72.963513
-1.0,11,72.965391
0.0,11,72.966893
-2.0,11,72.968768
-1.0,11,72.970744
0.0,11,72.972662
-1.0,11,72.974177
0.0,11,72.976099
-2.0,11,72.977991
0.0,11,72.979931
0.0,11,72.981396
0.0,11,72.983278
0.0,11,72.985213
-1.0,11,72.987151
-1.0,11,72.988666
0.0,11,72.990526
0.0,11,72.992436
-1.0,11,72.994344
-1.0,11,72.995834
0.0,11,72.997771
0.0,11,72.999727
0.0,11,73.001636
0.0,11,73.003191
0.0,11,73.005093
0.0,11,73.00695
0.0,11,73.008852
0.0,11,73.01036
-1.0,11,73.012259
-1.0,11,73.014158
0.0,11,73.016063
0.0,11,73.017537
0.0,11,73.019459
-1.0,11,73.021411
0.0,11,73.023326
-1.0,11,73.02479
-1.0,11,73.026667
-1.0,11,73.028554
-2.0,11,73.030408
-1.0,11,73.031906
-1.0,11,73.033843
-1.0,11,73.035769
-1.0,11,73.037644
-1.0,11,73.039087
-1.0,11,73.041006
0.0,11,73.042939
-1.0,11,73.044838
0.0,11,73.046349
-1.0,11,73.048301
0.0,11,73.050227
-1.0,11,73.052125
-1.0,11,73.053627
-1.0,11,73.055502
0.0,11,73.057392
-2.0,11,73.059276
0.0,11,73.060782
0.0,11,73.062697
0.0,11,73.064607
-1.0,11,73.066493
-1.0,11,73.068006
-1.0,11,73.069976
0.0,11,73.071881
-1.0,11,73.073782
0.0,11,73.075285
0.0,11,73.077177
-1.0,11,73.07906
-1.0,11,73.080963
-1.0,11,73.082456
-1.0,11,73.084354
0.0,11,73.086226
-1.0,11,73.088059
-2.0,11,73.089486
0.0,11,73.091347
0.0,11,73.093258
0.0,11,73.095183
-1.0,11,73.096698
0.0,11,73.098596
0.0,11,73.1005
-1.0,11,73.102375
-1.0,11,73.103876
-1.0,11,73.105796
-1.0,11,73.107661
0.0,11,73.109557
-1.0,11,73.111078
-1.0,11,73.112945
-1.0,11,73.114807
-1.0,11,73.116697
-1.0,11,73.118145
0.0,11,73.120154
-2.0,11,73.122069
-1.0,11,73.123967
-1.0,11,73.125534
-1.0,11,73.127468
0.0,11,73.129367
-2.0,11,73.131242
-2.0,11,73.132801
0.0,11,73.134822
0.0,11,73.136809
-1.0,11,73.138729
-1.0,11,73.140265
-1.0,11,73.142201
-1.0,11,73.144103
0.0,11,73.146017
0.0,11,73.14763
0.0,11,73.149727
0.0,11,73.151798
0.0,11,73.153773
-1.0,11,73.155283
0.0,11,73.157226
0.0,11,73.159148
0.0,11,73.161075
-1.0,11,73.162584
0.0,11,73.16453
-1.0,11,73.166523
-2.0,11,73.16843
-1.0,11,73.169925
0.0,11,73.171827
-2.0,11,73.17378
0.0,11,73.175709
0.0,11,73.177242
0.0,11,73.179174
-1.0,11,73.181078
-1.0,11,73.183009
-1.0,11,73.184579
0.0,11,73.186492
-1.0,11,73.188376
0.0,11,73.190331
0.0,11,73.191794
0.0,11,73.193716
-2.0,11,73.195666
0.0,11,73.197549
-1.0,11,73.199065
-1.0,11,73.200968
0.0,11,73.202892
-1.0,11,73.204817
0.0,11,73.2064
0.0,11,73.208316
0.0,11,73.210173
0.0,11,73.212041
-1.0,11,73.213548
-1.0,11,73.215489
0.0,11,73.217436
-1.0,11,73.219341
0.0,11,73.220843
-1.0,11,73.222679
-1.0,11,73.224599
0.0,11,73.226499
0.0,11,73.227973
-1.0,11,73.229877
-2.0,11,73.231782
0.0,11,73.233688
0.0,11,73.23519
-2.0,11,73.237046
-1.0,11,73.238905
-1.0,11,73.240794
0.0,11,73.242292
0.0,11,73.244174
-1.0,11,73.246057
-1.0,11,73.247935
0.0,11,73.249428
0.0,11,73.251342
0.0,11,73.253217
-2.0,11,73.25509
-1.0,11,73.256581
0.0,11,73.258487
0.0,11,73.260412
-1.0,11,73.262323
-1.0,11,73.263828
0.0,11,73.265752
-1.0,11,73.267684
0.0,11,73.269577
-1.0,11,73.271079
0.0,11,73.273018
0.0,11,73.27496
0.0,11,73.276867
0.0,11,73.278407
0.0,11,73.280373
0.0,11,73.282265
0.0,11,73.284182
-2.0,11,73.285687
-1.0,11,73.287582
0.0,11,73.28946
-1.0,11,73.291356
-1.0,11,73.292843
0.0,11,73.29473
0.0,11,73.296658
-1.0,11,73.298564
-1.0,11,73.300041
-1.0,11,73.302057
0.0,11,73.303974
-3.0,11,73.305862
0.0,11,73.307479
-1.0,11,73.309424
0.0,11,73.311338
0.0,11,73.313218
-2.0,11,73.314746
-1.0,11,73.316593
-2.0,11,73.3185
-1.0,11,73.320395
0.0,11,73.321888
0.0,11,73.323833
-1.0,11,73.325769
-1.0,11,73.327687
-1.0,11,73.329218
-1.0,11,73.33113
-1.0,11,73.333059
0.0,11,73.334922
-1.0,11,73.336436
0.0,11,73.338314
0.0,11,73.340268
0.0,11,73.342123
0.0,11,73.343623
-1.0,11,73.345444
-1.0,11,73.347331
-1.0,11,73.349234
0.0,11,73.350703
-1.0,11,73.352559
0.0,11,73.354501
0.0,11,73.356392
-1.0,11,73.357895
-1.0,11,73.359802
0.0,11,73.361709
0.0,11,73.363584
-2.0,11,73.365088
-1.0,11,73.366979
-1.0,11,73.368882
-1.0,11,73.370763
-1.0,11,73.372255
-1.0,11,73.374178
-1.0,11,73.376092
-2.0,11,73.377949
0.0,11,73.379465
-2.0,11,73.381372
0.0,11,73.383276
-1.0,11,73.385216
-1.0,11,73.386733
0.0,11,73.388639
-1.0,11,73.390549
-1.0,11,73.392412
0.0,11,73.393914
0.0,11,73.395822
-1.0,11,73.397709
0.0,11,73.399625
-1.0,11,73.401127
0.0,11,73.402991
-1.0,11,73.404873
-1.0,11,73.406732
0.0,11,73.408218
-1.0,11,73.410111
0.0,11,73.411986
0.0,11,73.413904
-1.0,11,73.415439
0.0,11,73.4173
0.0,11,73.419235
-1.0,11,73.421119
-1.0,11,73.422621
-1.0,11,73.424473
-1.0,11,73.426351
0.0,11,73.428299
0.0,11,73.429818
-2.0,11,73.431741
0.0,11,73.433631
-2.0,11,73.435489
-1.0,11,73.436966
-1.0,11,73.438821
0.0,11,73.440712
0.0,11,73.4426
-1.0,11,73.444089
0.0,11,73.445977
0.0,11,73.447891
0.0,11,73.449804
-1.0,11,73.451294
0.0,11,73.453169
0.0,11,73.455029
0.0,11,73.456932
-2.0,11,73.458431
-1.0,11,73.460328
-1.0,11,73.462131
0.0,11,73.464037
0.0,11,73.465459
-1.0,11,73.467355
0.0,11,73.469232
-1.0,11,73.471113
0.0,11,73.472621
-1.0,11,73.474497
0.0,11,73.476385
-1.0,11,73.478287
-2.0,11,73.479778
0.0,11,73.481839
-1.0,11,73.483795
0.0,11,73.485724
0.0,11,73.487276
0.0,11,73.489174
-1.0,11,73.491073
-2.0,11,73.49301
-2.0,11,73.494517
-2.0,11,73.496421
0.0,11,73.49835
0.0,11,73.500251
-1.0,11,73.501781
-1.0,11,73.503687
0.0,11,73.505585
-1.0,11,73.507452
0.0,11,73.509013
-1.0,11,73.510937
0.0,11,73.512885
0.0,11,73.514808
0.0,11,73.516312
0.0,11,73.518201
0.0,11,73.520088
-1.0,11,73.52198
0.0,11,73.523484
-1.0,11,73.52541
0.0,11,73.527284
-1.0,11,73.529177
0.0,11,73.530716
0.0,11,73.532627
-1.0,11,73.534569
-1.0,11,73.536454
0.0,11,73.537964
0.0,11,73.539862
0.0,11,73.541777
-2.0,11,73.543668
-1.0,11,73.545175
-1.0,11,73.547037
-1.0,11,73.548969
0.0,11,73.550893
0.0,11,73.552409
0.0,11,73.554334
-2.0,11,73.556234
0.0,11,73.558171
-1.0,11,73.559656
0.0,11,73.561566
-1.0,11,73.563429
0.0,11,73.565326
-1.0,11,73.566784
0.0,11,73.568677
-1.0,11,73.570592
-1.0,11,73.572504
0.0,11,73.574031
-2.0,11,73.57592
0.0,11,73.577837
0.0,11,73.57976
-1.0,11,73.581215
-1.0,11,73.583095
-1.0,11,73.58503
-1.0,11,73.586906
-1.0,11,73.588459
-2.0,11,73.590392
0.0,11,73.592284
0.0,11,73.594231
-1.0,11,73.595686
0.0,11,73.597547
-1.0,11,73.599442
0.0,11,73.601341
-1.0,11,73.602847
0.0,11,73.604761
0.0,11,73.606649
-1.0,11,73.608535
0.0,11,73.610016
-1.0,11,73.611885
-1.0,11,73.613795
0.0,11,73.615734
0.0,11,73.617273
-1.0,11,73.619242
0.0,11,73.62114
0.0,11,73.623023
0.0,11,73.624569
-2.0,11,73.626494
-2.0,11,73.628385
-1.0,11,73.6303
-1.0,11,73.631783
-1.0,11,73.633668
0.0,11,73.635624
-1.0,11,73.637504
-1.0,11,73.639005
0.0,11,73.64089
-1.0,11,73.642793
0.0,11,73.644706
0.0,11,73.646237
-1.0,11,73.648172
0.0,11,73.650091
-1.0,11,73.652
-1.0,11,73.653485
-3.0,11,73.655357
-1.0,11,73.657242
-1.0,11,73.659061
-1.0,11,73.660573
-1.0,11,73.662568
0.0,11,73.664412
-1.0,11,73.666341
0.0,11,73.667914
0.0,11,73.669882
-1.0,11,73.671798
0.0,11,73.673709
-1.0,11,73.67524
-1.0,11,73.677167
0.0,11,73.679067
0.0,11,73.680967
-1.0,11,73.682478
0.0,11,73.684372
-1.0,11,73.686229
0.0,11,73.688086
-1.0,11,73.689595
-1.0,11,73.691508
-1.0,11,73.693399
0.0,11,73.695286
0.0,11,73.696774
0.0,11,73.698705
0.0,11,73.700605
-1.0,11,73.702515
-1.0,11,73.704012
-1.0,11,73.705874
-2.0,11,73.707768
0.0,11,73.709644
0.0,11,73.711131
-2.0,11,73.713029
-1.0,11,73.714928
-1.0,11,73.716735
0.0,11,73.71826
-1.0,11,73.720186
-1.0,11,73.72203
-1.0,11,73.723886
-1.0,11,73.725421
-1.0,11,73.727382
0.0,11,73.72929
-1.0,11,73.731205
0.0,11,73.732665
-1.0,11,73.734526
0.0,11,73.736418
-1.0,11,73.738302
-1.0,11,73.73976
0.0,11,73.741682
-1.0,11,73.743582
0.0,11,73.745459
-2.0,11,73.746975
-1.0,11,73.748865
-1.0,11,73.750752
0.0,11,73.752637
0.0,11,73.75413
0.0,11,73.756018
0.0,11,73.757887
-1.0,11,73.759794
0.0,11,73.761303
0.0,11,73.763191
0.0,11,73.765159
0.0,11,73.767049
-1.0,11,73.768526
-1.0,11,73.770436
0.0,11,73.772378
-1.0,11,73.774277
0.0,11,73.775813
0.0,11,73.77771
0.0,11,73.779566
-2.0,11,73.781481
-1.0,11,73.783
-2.0,11,73.784923
0.0,11,73.786806
0.0,11,73.788705
0.0,11,73.790213
-1.0,11,73.792112
-1.0,11,73.794021
-1.0,11,73.79593
-1.0,11,73.797435
-1.0,11,73.799349
0.0,11,73.801277
-1.0,11,73.803174
-1.0,11,73.804728
0.0,11,73.806618
-1.0,11,73.808505
-2.0,11,73.810371
0.0,11,73.81186
-1.0,11,73.813772
-1.0,11,73.815595
0.0,11,73.8175
-1.0,11,73.818991
-1.0,11,73.820872
-1.0,11,73.822805
-3.0,11,73.824675
-1.0,11,73.82618
0.0,11,73.828073
-1.0,11,73.829951
-1.0,11,73.83182
-1.0,11,73.833295
-2.0,11,73.835196
-2.0,11,73.83706
0.0,11,73.838947
-1.0,11,73.8404
-2.0,11,73.842381
-1.0,11,73.84428
-1.0,11,73.846247
0.0,11,73.847806
0.0,11,73.84978
0.0,11,73.851744
-1.0,11,73.853556
-1.0,11,73.855077
0.0,11,73.856981
0.0,11,73.858921
0.0,11,73.86082
-2.0,11,73.862369
0.0,11,73.864262
-1.0,11,73.866165
0.0,11,73.868027
0.0,11,73.869555
-1.0,11,73.871453
-1.0,11,73.873348
-2.0,11,73.875257
0.0,11,73.876744
-1.0,11,73.878621
0.0,11,73.880522
0.0,11,73.882472
0.0,11,73.88397
-1.0,11,73.88588
-1.0,11,73.887802
0.0,11,73.88972
-1.0,11,73.891452
0.0,11,73.893338
-1.0,11,73.89523
0.0,11,73.897123
0.0,11,73.898621
0.0,11,73.900502
-1.0,11,73.902427
-1.0,11,73.904305
0.0,11,73.905777
-1.0,11,73.90767
-1.0,11,73.909575
-1.0,11,73.911459
0.0,11,73.912965
0.0,11,73.914882
-2.0,11,73.916746
-1.0,11,73.918652
-1.0,11,73.920228
-1.0,11,73.922128
-1.0,11,73.924095
0.0,11,73.925992
-2.0,11,73.927517
-1.0,11,73.929449
0.0,11,73.93134
0.0,11,73.933236
0.0,11,73.934747
0.0,11,73.936661
0.0,11,73.938589
0.0,11,73.940467
0.0,11,73.94196
-1.0,11,73.943887
-1.0,11,73.945793
0.0,11,73.947711
0.0,11,73.949195
-1.0,11,73.951104
-1.0,11,73.953034
-1.0,11,73.954961
-1.0,11,73.95642
-1.0,11,73.958273
0.0,11,73.960184
-1.0,11,73.962071
-2.0,11,73.963542
0.0,11,73.965517
0.0,11,73.967405
-1.0,11,73.969323
0.0,11,73.970842
-1.0,11,73.972769
-1.0,11,73.974654
0.0,11,73.976548
0.0,11,73.978063
-1.0,11,73.979947
-1.0,11,73.981841
0.0,11,73.983725
0.0,11,73.985209
-2.0,11,73.987075
0.0,11,73.988985
-1.0,11,73.990913
-1.0,11,73.992409
-1.0,11,73.994356
0.0,11,73.996266
-1.0,11,73.99816
0.0,11,73.999654
0.0,11,74.001536
0.0,11,74.003421
-1.0,11,74.005319
0.0,11,74.006818
0.0,11,74.008711
0.0,11,74.010609
-1.0,11,74.012512
-1.0,11,74.014069
-1.0,11,74.015961
0.0,11,74.017845
0.0,11,74.019738
-1.0,11,74.021248
0.0,11,74.023282
0.0,11,74.025139
0.0,11,74.027028
0.0,11,74.028612
0.0,11,74.030601
-1.0,11,74.032553
0.0,11,74.034467
0.0,11,74.035982
-1.0,11,74.037892
0.0,11,74.039769
0.0,11,74.041647
-1.0,11,74.043137
-1.0,11,74.04504
-1.0,11,74.046964
0.0,11,74.048862
0.0,11,74.050318
-2.0,11,74.052232
-1.0,11,74.054131
-1.0,11,74.056014
-1.0,11,74.057523
-1.0,11,74.059438
0.0,11,74.061357
-2.0,11,74.063262
-2.0,11,74.064703
-1.0,11,74.06663
-1.0,11,74.068511
-1.0,11,74.070403
0.0,11,74.071948
0.0,11,74.073846
-2.0,11,74.075696
-1.0,11,74.077598
-2.0,11,74.079049
0.0,11,74.080933
0.0,11,74.082806
0.0,11,74.084684
-1.0,11,74.086147
0.0,11,74.088018
0.0,11,74.089959
0.0,11,74.09185
-2.0,11,74.093366
-2.0,11,74.095267
-1.0,11,74.097152
0.0,11,74.099032
-1.0,11,74.100518
0.0,11,74.102401
0.0,11,74.104315
0.0,11,74.106229
-1.0,11,74.107749
0.0,11,74.109633
0.0,11,74.111509
-1.0,11,74.113387
-1.0,11,74.114903
0.0,11,74.116834
0.0,11,74.118817
-1.0,11,74.120729
-1.0,11,74.122243
-1.0,11,74.12413
0.0,11,74.126012
-1.0,11,74.127854
-1.0,11,74.129366
0.0,11,74.131226
0.0,11,74.133142
0.0,11,74.13503
0.0,11,74.136534
-1.0,11,74.138418
-1.0,11,74.140304
-2.0,11,74.142157
-1.0,11,74.143646
-1.0,11,74.14555
0.0,11,74.147439
-1.0,11,74.149351
-1.0,11,74.150864
-1.0,11,74.152746
0.0,11,74.154673
0.0,11,74.156565
-1.0,11,74.158098
0.0,11,74.160005
-1.0,11,74.161882
0.0,11,74.163767
0.0,11,74.16529
0.0,11,74.167157
-2.0,11,74.169101
0.0,11,74.171024
-1.0,11,74.172503
-2.0,11,74.174418
0.0,11,74.17636
0.0,11,74.178229
0.0,11,74.179776
0.0,11,74.181656
0.0,11,74.18353
-1.0,11,74.185404
0.0,11,74.186917
-2.0,11,74.188758
-1.0,11,74.190591
-1.0,11,74.192468
-1.0,11,74.193967
0.0,11,74.195861
0.0,11,74.197757
-1.0,11,74.199609
-1.0,11,74.201128
0.0,11,74.203164
0.0,11,74.205128
-1.0,11,74.207039
0.0,11,74.208611
0.0,11,74.210559
0.0,11,74.21249
-1.0,11,74.214416
-1.0,11,74.215894
0.0,11,74.217821
-1.0,11,74.219756
-1.0,11,74.221637
0.0,11,74.223139
-1.0,11,74.225054
0.0,11,74.226941
-1.0,11,74.228873
-2.0,11,74.230398
-1.0,11,74.232291
-1.0,11,74.234189
0.0,11,74.236111
-2.0,11,74.23762
0.0,11,74.239572
0.0,11,74.241496
0.0,11,74.243394
0.0,11,74.244915
0.0,11,74.246802
0.0,11,74.248701
-1.0,11,74.250596
0.0,11,74.252104
0.0,11,74.253972
-1.0,11,74.255926
-1.0,11,74.257857
0.0,11,74.259358
-1.0,11,74.261305
-1.0,11,74.263215
0.0,11,74.265095
0.0,11,74.266588
0.0,11,74.268494
-1.0,11,74.270389
0.0,11,74.272289
0.0,11,74.273793
0.0,11,74.275686
-1.0,11,74.277575
0.0,11,74.279484
-1.0,11,74.280939
-1.0,11,74.282818
0.0,11,74.284763
0.0,11,74.286625
0.0,11,74.288178
0.0,11,74.29012
-1.0,11,74.292005
-1.0,11,74.29389
-1.0,11,74.295402
-1.0,11,74.297274
0.0,11,74.299165
0.0,11,74.301123
0.0,11,74.302696
-1.0,11,74.304731
-1.0,11,74.306729
0.0,11,74.308812
-1.0,11,74.310402
-1.0,11,74.312484
-1.0,11,74.314589
0.0,11,74.316666
-1.0,11,74.31825
0.0,11,74.320255
-1.0,11,74.322245
-2.0,11,74.324254
0.0,11,74.325822
-1.0,11,74.327812
-1.0,11,74.329863
-1.0,11,74.331875
-1.0,11,74.333469
-1.0,11,74.335549
0.0,11,74.337658
0.0,11,74.339763
-1.0,11,74.341353
-1.0,11,74.343284
-1.0,11,74.345213
0.0,11,74.347153
-1.0,11,74.3486
-2.0,11,74.350477
0.0,11,74.352389
0.0,11,74.35431
-1.0,11,74.355818
0.0,11,74.357764
-1.0,11,74.359704
-1.0,11,74.361616
-1.0,11,74.363137
-1.0,11,74.36506
0.0,11,74.367004
0.0,11,74.368937
-1.0,11,74.37046
-2.0,11,74.37246
-1.0,11,74.37436
0.0,11,74.376281
-1.0,11,74.377809
-1.0,11,74.379741
-1.0,11,74.38166
-2.0,11,74.383555
0.0,11,74.385049
-2.0,11,74.387013
-1.0,11,74.388937
0.0,11,74.390858
0.0,11,74.392436
-1.0,11,74.394363
-2.0,11,74.396283
0.0,11,74.398178
0.0,11,74.399678
-2.0,11,74.401596
0.0,11,74.403515
-1.0,11,74.405458
0.0,11,74.407018
0.0,11,74.408941
0.0,11,74.410854
-2.0,11,74.412798
0.0,11,74.414308
-1.0,11,74.416168
0.0,11,74.418037
-1.0,11,74.419923
-1.0,11,74.421387
-1.0,11,74.423303
0.0,11,74.425202
0.0,11,74.427123
-2.0,11,74.428651
0.0,11,74.430558
0.0,11,74.432439
-1.0,11,74.434383
0.0,11,74.435928
-1.0,11,74.437854
-1.0,11,74.439759
-3.0,11,74.441616
-1.0,11,74.443128
0.0,11,74.445016
-1.0,11,74.446908
0.0,11,74.448784
-1.0,11,74.450272
0.0,11,74.452169
0.0,11,74.454056
-1.0,11,74.455974
-1.0,11,74.457485
0.0,11,74.459373
0.0,11,74.461255
-1.0,11,74.463142
-1.0,11,74.464648
-1.0,11,74.466547
-1.0,11,74.468479
0.0,11,74.470383
0.0,11,74.47188
-1.0,11,74.473779
0.0,11,74.475709
-1.0,11,74.477613
0.0,11,74.479118
0.0,11,74.481037
0.0,11,74.482948
-1.0,11,74.484846
0.0,11,74.48634
-2.0,11,74.488256
-1.0,11,74.490118
0.0,11,74.491977
-2.0,11,74.493506
-1.0,11,74.495406
-1.0,11,74.497225
0.0,11,74.499106
-2.0,11,74.500554
0.0,11,74.502489
-1.0,11,74.504404
-1.0,11,74.506306
0.0,11,74.507798
0.0,11,74.50969
0.0,11,74.511677
-1.0,11,74.513576
-1.0,11,74.515087
0.0,11,74.516998
0.0,11,74.518931
-1.0,11,74.520855
0.0,11,74.522323
-1.0,11,74.52424
-1.0,11,74.526183
-1.0,11,74.5281
-1.0,11,74.529608
0.0,11,74.531495
-1.0,11,74.533464
0.0,11,74.535418
0.0,11,74.53695
0.0,11,74.538851
-1.0,11,74.540773
-1.0,11,74.542733
-1.0,11,74.544235
-2.0,11,74.546152
0.0,11,74.548041
0.0,11,74.549923
-1.0,11,74.551426
0.0,11,74.553389
0.0,11,74.555273
-1.0,11,74.557139
0.0,11,74.558611
0.0,11,74.56064
-1.0,11,74.56254
-1.0,11,74.564429
0.0,11,74.565875
-1.0,11,74.567964
-1.0,11,74.569854
-1.0,11,74.571794
-2.0,11,74.573495
-1.0,11,74.575572
0.0,11,74.577706
-1.0,11,74.579875
-1.0,11,74.581496
-2.0,11,74.583429
0.0,11,74.585452
-2.0,11,74.587578
0.0,11,74.589262
-1.0,11,74.591528
0.0,11,74.593674
0.0,11,74.596049
0.0,11,74.597827
0.0,11,74.599911
0.0,11,74.601997
0.0,11,74.604023
-2.0,11,74.605574
0.0,11,74.607521
-1.0,11,74.609486
0.0,11,74.611446
-1.0,11,74.612989
-1.0,11,74.614962
0.0,11,74.616936
-1.0,11,74.618895
0.0,11,74.620405
0.0,11,74.622289
0.0,11,74.624255
0.0,11,74.62619
0.0,11,74.627715
0.0,11,74.629637
0.0,11,74.631615
-1.0,11,74.633537
-1.0,11,74.635052
0.0,11,74.63698
0.0,11,74.638947
-1.0,11,74.640809
0.0,11,74.64238
-2.0,11,74.644334
0.0,11,74.646216
0.0,11,74.648128
-1.0,11,74.649654
0.0,11,74.651569
-1.0,11,74.653513
-1.0,11,74.655402
0.0,11,74.656921
-2.0,11,74.658815
-2.0,11,74.660713
-1.0,11,74.662641
-1.0,11,74.664172
-1.0,11,74.666035
0.0,11,74.667975
-1.0,11,74.669909
0.0,11,74.671376
0.0,11,74.673296
0.0,11,74.675211
-1.0,11,74.677109
-1.0,11,74.678624
-1.0,11,74.680544
-1.0,11,74.682567
-1.0,11,74.684524
-1.0,11,74.686057
-2.0,11,74.68797
-1.0,11,74.689861
-2.0,11,74.691805
-1.0,11,74.693325
-1.0,11,74.695291
-1.0,11,74.697236
0.0,11,74.699198
-1.0,11,74.700667
-1.0,11,74.70254
-2.0,11,74.704442
-1.0,11,74.706316
0.0,11,74.707825
0.0,11,74.709722
0.0,11,74.711667
-1.0,11,74.713573
-1.0,11,74.715106
-1.0,11,74.717043
-1.0,11,74.718988
-1.0,11,74.720932
-1.0,11,74.722414
0.0,11,74.724298
-1.0,11,74.726238
-1.0,11,74.728096
0.0,11,74.729622
-1.0,11,74.731524
-1.0,11,74.73346
-1.0,11,74.735348
-1.0,11,74.736863
-2.0,11,74.738684
0.0,11,74.740631
-1.0,11,74.742552
-1.0,11,74.744071
-1.0,11,74.746007
0.0,11,74.747903
-1.0,11,74.749744
-1.0,11,74.751241
-1.0,11,74.753279
-1.0,11,74.755235
-1.0,11,74.757156
0.0,11,74.758796
-1.0,11,74.760854
0.0,11,74.762923
-1.0,11,74.764984
-1.0,11,74.766581
0.0,11,74.768535
-1.0,11,74.770502
-1.0,11,74.772466
-1.0,11,74.77398
-1.0,11,74.775909
-1.0,11,74.777792
-1.0,11,74.779655
-1.0,11,74.78114
0.0,11,74.783052
-1.0,11,74.78501
-1.0,11,74.786883
0.0,11,74.788396
-1.0,11,74.790306
-1.0,11,74.792293
0.0,11,74.794184
-1.0,11,74.79575
0.0,11,74.797659
0.0,11,74.79955
0.0,11,74.801454
0.0,11,74.803003
-1.0,11,74.80491
-1.0,11,74.80681
0.0,11,74.808716
0.0,11,74.810217
-2.0,11,74.812146
0.0,11,74.814068
-1.0,11,74.815973
0.0,11,74.817489
0.0,11,74.819383
0.0,11,74.821281
0.0,11,74.823178
0.0,11,74.824668
-1.0,11,74.826597
-2.0,11,74.828505
0.0,11,74.830438
0.0,11,74.831966
0.0,11,74.833917
-1.0,11,74.835814
-1.0,11,74.837733
-1.0,11,74.839216
0.0,11,74.841183
-1.0,11,74.843093
-1.0,11,74.844999
-1.0,11,74.846535
0.0,11,74.848461
-1.0,11,74.85035
-1.0,11,74.852255
0.0,11,74.853748
-1.0,11,74.855636
-1.0,11,74.857605
-2.0,11,74.859527
-1.0,11,74.860981
-1.0,11,74.862919
0.0,11,74.864781
-1.0,11,74.866712
-1.0,11,74.868205
0.0,11,74.870127
0.0,11,74.87201
0.0,11,74.873919
0.0,11,74.875425
0.0,11,74.877364
0.0,11,74.879255
0.0,11,74.881204
-1.0,11,74.882723
0.0,11,74.884648
0.0,11,74.886568
-1.0,11,74.888413
-1.0,11,74.889905
0.0,11,74.891826
-2.0,11,74.893734
-1.0,11,74.895625
-1.0,11,74.897129
-1.0,11,74.898999
-1.0,11,74.900883
-1.0,11,74.902803
-1.0,11,74.904269
0.0,11,74.906262
0.0,11,74.90817
0.0,11,74.910087
0.0,11,74.911608
0.0,11,74.913531
-2.0,11,74.915445
0.0,11,74.917383
0.0,11,74.918912
0.0,11,74.920801
-2.0,11,74.922665
0.0,11,74.924562
-1.0,11,74.926018
0.0,11,74.927925
0.0,11,74.929834
-1.0,11,74.931694
-2.0,11,74.933159
0.0,11,74.935177
0.0,11,74.937086
-1.0,11,74.938997
0.0,11,74.940586
0.0,11,74.942533
0.0,11,74.944431
0.0,11,74.946326
-1.0,11,74.9478
-1.0,11,74.949711
0.0,11,74.95162
-1.0,11,74.953519
0.0,11,74.955033
-1.0,11,74.956924
0.0,11,74.958834
-1.0,11,74.960729
0.0,11,74.962219
0.0,11,74.964134
-1.0,11,74.966004
-1.0,11,74.967949
0.0,11,74.969488
0.0,11,74.971409
-1.0,11,74.973368
0.0,11,74.975283
0.0,11,74.976815
0.0,11,74.97875
0.0,11,74.980654
-1.0,11,74.982569
-1.0,11,74.98411
0.0,11,74.986006
-1.0,11,74.98791
-1.0,11,74.989817
0.0,11,74.991375
-1.0,11,74.993249
-1.0,11,74.995216
-1.0,11,74.997128
-1.0,11,74.998662
-2.0,11,75.000562
-1.0,11,75.002477
-1.0,11,75.004369
-2.0,11,75.005873
-2.0,11,75.007806
-2.0,11,75.009607
-2.0,11,75.011492
-1.0,11,75.012989
0.0,11,75.014945
-1.0,11,75.016865
-1.0,11,75.01876
-1.0,11,75.02027
0.0,11,75.022193
-1.0,11,75.024106
0.0,11,75.026036
-1.0,11,75.027526
-1.0,11,75.029378
0.0,11,75.031277
0.0,11,75.033174
-1.0,11,75.034705
-1.0,11,75.036553
-1.0,11,75.038504
-1.0,11,75.040455
0.0,11,75.041978
-1.0,11,75.043868
-1.0,11,75.045785
-2.0,11,75.047686
-1.0,11,75.04923
0.0,11,75.051121
0.0,11,75.053025
-1.0,11,75.054958
0.0,11,75.056446
0.0,11,75.058337
0.0,11,75.06025
0.0,11,75.062168
0.0,11,75.063712
0.0,11,75.065653
0.0,11,75.067573
-1.0,11,75.069459
0.0,11,75.070948
0.0,11,75.072849
-1.0,11,75.074741
-1.0,11,75.076666
0.0,11,75.07824
0.0,11,75.080155
0.0,11,75.082044
0.0,11,75.083968
-1.0,11,75.085489
0.0,11,75.087414
-1.0,11,75.089333
0.0,11,75.091236
-1.0,11,75.092745
0.0,11,75.094649
-1.0,11,75.096519
0.0,11,75.098461
-1.0,11,75.099995
0.0,11,75.101911
0.0,11,75.103832
-1.0,11,75.105716
-1.0,11,75.107221
0.0,11,75.109118
-2.0,11,75.110944
-1.0,11,75.112861
-1.0,11,75.114381
-1.0,11,75.116415
0.0,11,75.118349
-1.0,11,75.120262
0.0,11,75.121808
0.0,11,75.123789
-2.0,11,75.125683
0.0,11,75.12761
-1.0,11,75.129076
0.0,11,75.131011
-1.0,11,75.132935
-1.0,11,75.134801
-1.0,11,75.136347
0.0,11,75.13828
-1.0,11,75.140175
0.0,11,75.142078
0.0,11,75.143574
-1.0,11,75.145481
0.0,11,75.147413
-1.0,11,75.149337
0.0,11,75.150869
-1.0,11,75.1528
0.0,11,75.154698
-2.0,11,75.156612
-1.0,11,75.158121
-1.0,11,75.160117
-1.0,11,75.161992
0.0,11,75.163962
0.0,11,75.165515
-1.0,11,75.167413
0.0,11,75.169314
0.0,11,75.171207
0.0,11,75.172702
0.0,11,75.174579
0.0,11,75.17649
-1.0,11,75.178336
-2.0,11,75.17984
-1.0,11,75.18179
-1.0,11,75.183709
0.0,11,75.185628
-1.0,11,75.187092
-1.0,11,75.188956
0.0,11,75.190872
-2.0,11,75.192797
-1.0,11,75.194293
0.0,11,75.196199
-1.0,11,75.198098
-1.0,11,75.199991
-1.0,11,75.201505
0.0,11,75.203425
-1.0,11,75.205344
-1.0,11,75.207244
-2.0,11,75.208743
0.0,11,75.21066
-1.0,11,75.212553
-1.0,11,75.21441
0.0,11,75.21593
0.0,11,75.217855
-2.0,11,75.219719
-2.0,11,75.221613
-1.0,11,75.22311
-1.0,11,75.224959
-1.0,11,75.226854
-1.0,11,75.228738
-1.0,11,75.230249
-2.0,11,75.232155
-1.0,11,75.234035
-1.0,11,75.235972
-2.0,11,75.237484
-2.0,11,75.239339
-1.0,11,75.241183
-1.0,11,75.243082
-1.0,11,75.244618
0.0,11,75.246596
0.0,11,75.248534
0.0,11,75.250425
-1.0,11,75.251897
0.0,11,75.253793
-1.0,11,75.255671
-2.0,11,75.257598
-1.0,11,75.259101
0.0,11,75.261009
0.0,11,75.262895
-2.0,11,75.264842
-1.0,11,75.266371
0.0,11,75.268292
0.0,11,75.270153
0.0,11,75.272067
-1.0,11,75.273529
0.0,11,75.275431
-1.0,11,75.277342
-1.0,11,75.2792
-1.0,11,75.28076
0.0,11,75.282655
-1.0,11,75.28458
0.0,11,75.286475
-1.0,11,75.287987
-2.0,11,75.289926
0.0,11,75.291845
-1.0,11,75.293762
0.0,11,75.295257
0.0,11,75.297291
0.0,11,75.299245
0.0,11,75.301162
-1.0,11,75.302667
-1.0,11,75.304599
-1.0,11,75.306501
-1.0,11,75.308391
-1.0,11,75.309912
0.0,11,75.311795
-1.0,11,75.313691
-1.0,11,75.315595
0.0,11,75.317135
0.0,11,75.319021
-1.0,11,75.320966
0.0,11,75.322811
0.0,11,75.324299
0.0,11,75.326193
-1.0,11,75.328081
-1.0,11,75.329968
0.0,11,75.331476
-2.0,11,75.333335
-1.0,11,75.335252
0.0,11,75.337151
0.0,11,75.338604
0.0,11,75.34052
-1.0,11,75.342402
-1.0,11,75.344284
-2.0,11,75.345731
-1.0,11,75.34765
0.0,11,75.349553
0.0,11,75.35145
-1.0,11,75.352986
0.0,11,75.354896
0.0,11,75.356835
-1.0,11,75.358704
-1.0,11,75.360242
-1.0,11,75.362142
-2.0,11,75.36405
-1.0,11,75.365999
0.0,11,75.367485
-1.0,11,75.369385
-2.0,11,75.371237
-1.0,11,75.373128
-2.0,11,75.374642
0.0,11,75.376536
-1.0,11,75.378463
0.0,11,75.380359
-1.0,11,75.381808
-1.0,11,75.383672
0.0,11,75.385579
-1.0,11,75.387502
0.0,11,75.389017
-2.0,11,75.390944
0.0,11,75.392836
0.0,11,75.394723
-1.0,11,75.396209
-1.0,11,75.398113
0.0,11,75.400007
-1.0,11,75.401881
-1.0,11,75.403403
0.0,11,75.405309
-1.0,11,75.407168
0.0,11,75.409051
0.0,11,75.410545
0.0,11,75.412458
-1.0,11,75.414362
-1.0,11,75.416268
-1.0,11,75.417742
0.0,11,75.419631
0.0,11,75.421504
0.0,11,75.423413
-1.0,11,75.424891
-1.0,11,75.42682
0.0,11,75.428712
-1.0,11,75.430623
0.0,11,75.432091
-1.0,11,75.433989
-2.0,11,75.43593
0.0,11,75.437846
-1.0,11,75.439353
-1.0,11,75.441253
0.0,11,75.44315
-1.0,11,75.445002
0.0,11,75.446523
0.0,11,75.448422
0.0,11,75.450329
0.0,11,75.452215
-1.0,11,75.453717
-1.0,11,75.455593
-1.0,11,75.457502
0.0,11,75.459385
-1.0,11,75.460889
-1.0,11,75.462808
-1.0,11,75.464715
-2.0,11,75.466555
0.0,11,75.468037
0.0,11,75.469962
0.0,11,75.471819
-1.0,11,75.47371
0.0,11,75.475244
0.0,11,75.477261
0.0,11,75.479146
0.0,11,75.481031
0.0,11,75.482589
-1.0,11,75.484526
-1.0,11,75.486428
-1.0,11,75.488341
0.0,11,75.489858
0.0,11,75.491734
0.0,11,75.493638
-1.0,11,75.495533
0.0,11,75.497033
-1.0,11,75.498937
0.0,11,75.500846
-1.0,11,75.502779
-3.0,11,75.504215
0.0,11,75.506105
0.0,11,75.50796
-2.0,11,75.509813
0.0,11,75.511321
-1.0,11,75.513235
-2.0,11,75.515108
0.0,11,75.517006
-2.0,11,75.518501
0.0,11,75.520398
-1.0,11,75.522318
-1.0,11,75.524214
0.0,11,75.525721
-1.0,11,75.527645
-2.0,11,75.529598
-2.0,11,75.531518
0.0,11,75.533019
0.0,11,75.534908
-1.0,11,75.536802
-1.0,11,75.538712
0.0,11,75.540249
0.0,11,75.54245
-1.0,11,75.544366
0.0,11,75.546292
0.0,11,75.547772
-2.0,11,75.549679
0.0,11,75.551574
-2.0,11,75.553465
-1.0,11,75.554887
-1.0,11,75.556804
-1.0,11,75.558698
0.0,11,75.560611
-1.0,11,75.5621
0.0,11,75.564005
-1.0,11,75.565932
0.0,11,75.567834
0.0,11,75.569343
-1.0,11,75.57122
-1.0,11,75.573084
-1.0,11,75.575041
-1.0,11,75.576533
0.0,11,75.578472
-1.0,11,75.580416
-1.0,11,75.582323
0.0,11,75.583843
0.0,11,75.585781
0.0,11,75.587719
-1.0,11,75.589614
0.0,11,75.591116
-1.0,11,75.59302
0.0,11,75.594944
0.0,11,75.59687
0.0,11,75.598411
-2.0,11,75.600327
-1.0,11,75.602205
-1.0,11,75.604171
0.0,11,75.605686
-1.0,11,75.607578
0.0,11,75.609471
0.0,11,75.611387
0.0,11,75.612912
0.0,11,75.614834
-1.0,11,75.61675
0.0,11,75.618719
0.0,11,75.620249
-1.0,11,75.622146
-2.0,11,75.624043
0.0,11,75.625958
0.0,11,75.627441
0.0,11,75.629369
-1.0,11,75.631278
0.0,11,75.633215
0.0,11,75.634625
0.0,11,75.636533
-1.0,11,75.638438
-1.0,11,75.640311
-1.0,11,75.641795
-1.0,11,75.643758
0.0,11,75.645674
-1.0,11,75.647603
-1.0,11,75.649115
0.0,11,75.65103
-1.0,11,75.652936
-1.0,11,75.654826
-1.0,11,75.656341
0.0,11,75.658373
0.0,11,75.660276
-1.0,11,75.662162
0.0,11,75.663757
0.0,11,75.665719
-1.0,11,75.667626
-1.0,11,75.669506
0.0,11,75.671014
-1.0,11,75.672912
0.0,11,75.674786
0.0,11,75.676693
0.0,11,75.678191
0.0,11,75.680134
-1.0,11,75.682092
0.0,11,75.684008
-1.0,11,75.685485
0.0,11,75.687409
0.0,11,75.689339
-1.0,11,75.691281
0.0,11,75.692851
-1.0,11,75.694759
-1.0,11,75.696709
-1.0,11,75.698636
0.0,11,75.700127
0.0,11,75.702064
0.0,11,75.703982
0.0,11,75.705889
-1.0,11,75.707409
-1.0,11,75.709304
-2.0,11,75.711194
-1.0,11,75.713099
-1.0,11,75.714604
0.0,11,75.716518
-2.0,11,75.718374
0.0,11,75.720305
0.0,11,75.721942
-2.0,11,75.723873
0.0,11,75.725822
-1.0,11,75.727703
-1.0,11,75.729192
0.0,11,75.731153
0.0,11,75.733072
-1.0,11,75.734966
-1.0,11,75.73648
0.0,11,75.738337
-1.0,11,75.740228
0.0,11,75.742133
0.0,11,75.743642
-1.0,11,75.745541
-1.0,11,75.747448
0.0,11,75.749313
0.0,11,75.750778
-1.0,11,75.752738
-1.0,11,75.754653
-1.0,11,75.756581
0.0,11,75.758002
-1.0,11,75.759918
0.0,11,75.761846
0.0,11,75.763782
0.0,11,75.765281
0.0,11,75.767171
0.0,11,75.769094
0.0,11,75.77103
0.0,11,75.772503
0.0,11,75.774446
0.0,11,75.776337
-1.0,11,75.778255
0.0,11,75.779796
-1.0,11,75.781669
-1.0,11,75.78356
-1.0,11,75.785438
-1.0,11,75.786984
-2.0,11,75.788882
0.0,11,75.790784
0.0,11,75.792703
0.0,11,75.794286
-1.0,11,75.796212
0.0,11,75.798122
0.0,11,75.800032
-2.0,11,75.801591
0.0,11,75.803512
0.0,11,75.805433
0.0,11,75.807324
-1.0,11,75.808815
-1.0,11,75.810697
0.0,11,75.812615
0.0,11,75.814503
-1.0,11,75.816027
0.0,11,75.817941
-1.0,11,75.819838
0.0,11,75.821788
0.0,11,75.823279
0.0,11,75.825207
-1.0,11,75.827118
0.0,11,75.829008
-1.0,11,75.830516
0.0,11,75.832427
-1.0,11,75.834329
-3.0,11,75.836231
-1.0,11,75.837771
-1.0,11,75.839852
-1.0,11,75.841801
0.0,11,75.843735
0.0,11,75.845291
0.0,11,75.847199
-1.0,11,75.849043
0.0,11,75.851001
-2.0,11,75.852531
0.0,11,75.854432
-2.0,11,75.856372
0.0,11,75.858343
0.0,11,75.859848
0.0,11,75.861816
0.0,11,75.86373
-2.0,11,75.865593
-1.0,11,75.867115
-1.0,11,75.868975
0.0,11,75.87089
0.0,11,75.872776
-1.0,11,75.874225
0.0,11,75.876127
0.0,11,75.878026
-1.0,11,75.87993
0.0,11,75.88146
0.0,11,75.883393
0.0,11,75.885292
-1.0,11,75.887202
0.0,11,75.888716
-1.0,11,75.89061
0.0,11,75.892542
0.0,11,75.894487
0.0,11,75.896012
-1.0,11,75.897909
-1.0,11,75.899807
-1.0,11,75.901735
-1.0,11,75.903281
0.0,11,75.905214
-1.0,11,75.907101
-2.0,11,75.908993
-2.0,11,75.910485
-1.0,11,75.912386
-1.0,11,75.914241
0.0,11,75.9162
0.0,11,75.917695
0.0,11,75.919666
0.0,11,75.921625
-1.0,11,75.923519
-1.0,11,75.925037
-1.0,11,75.926921
-1.0,11,75.9288
0.0,11,75.930684
0.0,11,75.932198
-1.0,11,75.934083
-1.0,11,75.935975
-1.0,11,75.937838
-2.0,11,75.939319
-1.0,11,75.941184
-1.0,11,75.943023
-2.0,11,75.944905
-2.0,11,75.946396
0.0,11,75.948311
0.0,11,75.950199
0.0,11,75.952075
-1.0,11,75.953606
-1.0,11,75.955504
0.0,11,75.957363
0.0,11,75.95926
-2.0,11,75.960764
0.0,11,75.962669
0.0,11,75.964611
-1.0,11,75.966491
0.0,11,75.968007
-1.0,11,75.969939
0.0,11,75.971847
0.0,11,75.973785
0.0,11,75.975268
-1.0,11,75.977199
0.0,11,75.979088
-1.0,11,75.981032
0.0,11,75.982556
-1.0,11,75.984477
-1.0,11,75.986343
-1.0,11,75.988238
-2.0,11,75.989738
0.0,11,75.991662
-1.0,11,75.993596
0.0,11,75.995497
-1.0,11,75.997017
0.0,11,75.998907
0.0,11,76.000806
-1.0,11,76.002675
-1.0,11,76.00418
0.0,11,76.006145
0.0,11,76.008057
-1.0,11,76.009952
0.0,11,76.011451
0.0,11,76.013409
0.0,11,76.015305
-1.0,11,76.017136
-1.0,11,76.01863
-1.0,11,76.020624
0.0,11,76.022563
0.0,11,76.024511
-2.0,11,76.026034
0.0,11,76.028017
0.0,11,76.029961
-1.0,11,76.031892
0.0,11,76.033409
-1.0,11,76.035311
-1.0,11,76.037216
-1.0,11,76.039122
-1.0,11,76.040621
0.0,11,76.042549
0.0,11,76.044475
-1.0,11,76.046388
0.0,11,76.047914
-1.0,11,76.049825
0.0,11,76.051718
-1.0,11,76.05362
-1.0,11,76.055111
-1.0,11,76.057034
0.0,11,76.058908
-1.0,11,76.060788
0.0,11,76.062256
-1.0,11,76.06414
-1.0,11,76.066062
-1.0,11,76.067959
0.0,11,76.069479
0.0,11,76.071398
0.0,11,76.073298
0.0,11,76.075181
0.0,11,76.076683
0.0,11,76.078547
0.0,11,76.080466
0.0,11,76.082404
0.0,11,76.083908
-1.0,11,76.085768
-1.0,11,76.087672
-1.0,11,76.08955
0.0,11,76.091099
0.0,11,76.093022
-2.0,11,76.094981
0.0,11,76.096908
0.0,11,76.098393
-1.0,11,76.10025
0.0,11,76.102178
-1.0,11,76.104079
0.0,11,76.105612
0.0,11,76.107511
-1.0,11,76.109392
0.0,11,76.111287
-1.0,11,76.112759
-1.0,11,76.114608
-1.0,11,76.1165
-1.0,11,76.118372
-1.0,11,76.11987
-1.0,11,76.121765
0.0,11,76.123665
0.0,11,76.125554
-1.0,11,76.12706
0.0,11,76.128976
0.0,11,76.130873
-1.0,11,76.132745
-1.0,11,76.134228
-1.0,11,76.136148
0.0,11,76.13803
-1.0,11,76.139953
-1.0,11,76.141421
0.0,11,76.143305
0.0,11,76.14521
-1.0,11,76.14712
-1.0,11,76.148631
-1.0,11,76.150517
-1.0,11,76.152374
0.0,11,76.154285
-1.0,11,76.155798
-1.0,11,76.157691
0.0,11,76.159535
-1.0,11,76.161426
-1.0,11,76.162922
-1.0,11,76.164825
-2.0,11,76.166758
0.0,11,76.168682
-1.0,11,76.170166
-1.0,11,76.172036
-1.0,11,76.1739
0.0,11,76.175734
-1.0,11,76.177255
-1.0,11,76.179193
0.0,11,76.181122
-1.0,11,76.183018
-1.0,11,76.184533
-1.0,11,76.186418
0.0,11,76.188312
-1.0,11,76.190254
-2.0,11,76.191731
-2.0,11,76.193709
0.0,11,76.195622
0.0,11,76.197506
-1.0,11,76.198994
-1.0,11,76.20099
-1.0,11,76.202879
0.0,11,76.204773
-2.0,11,76.206322
-1.0,11,76.208257
-1.0,11,76.210151
0.0,11,76.212033
0.0,11,76.213511
0.0,11,76.215419
0.0,11,76.217301
0.0,11,76.219211
-1.0,11,76.220688
0.0,11,76.22261
-2.0,11,76.22453
-1.0,11,76.226414
-2.0,11,76.227906
0.0,11,76.229836
-1.0,11,76.231735
-1.0,11,76.233642
-1.0,11,76.23515
0.0,11,76.237064
-1.0,11,76.238932
0.0,11,76.240835
-1.0,11,76.242297
0.0,11,76.244188
-1.0,11,76.246091
0.0,11,76.248025
-1.0,11,76.249529
-2.0,11,76.251439
-1.0,11,76.253328
0.0,11,76.255211
-1.0,11,76.256709
0.0,11,76.258605
-1.0,11,76.260494
-3.0,11,76.262369
-1.0,11,76.263833
0.0,11,76.265734
-1.0,11,76.267632
-3.0,11,76.269512
-1.0,11,76.270992
-1.0,11,76.272934
-1.0,11,76.27483
-1.0,11,76.27669
0.0,11,76.278233
-1.0,11,76.280153
-1.0,11,76.282
0.0,11,76.283877
0.0,11,76.285343
-2.0,11,76.287259
-2.0,11,76.28915
0.0,11,76.291038
0.0,11,76.292557
-1.0,11,76.294423
0.0,11,76.296314
-1.0,11,76.298158
0.0,11,76.299649
-1.0,11,76.301545
0.0,11,76.303435
-2.0,11,76.305279
0.0,11,76.306773
-1.0,11,76.308638
-2.0,11,76.310522
0.0,11,76.312463
0.0,11,76.31396
-2.0,11,76.315828
-1.0,11,76.317697
0.0,11,76.319595
0.0,11,76.321107
0.0,11,76.323022
-2.0,11,76.325241
0.0,11,76.327773
0.0,11,76.329405
-1.0,11,76.331595
-2.0,11,76.333775
0.0,11,76.335872
0.0,11,76.33758
0.0,11,76.339728
0.0,11,76.341718
-1.0,11,76.343704
-1.0,11,76.345311
0.0,11,76.347346
0.0,11,76.349623
-1.0,11,76.351669
-1.0,11,76.353326
0.0,11,76.355372
-1.0,11,76.357465
0.0,11,76.35953
-1.0,11,76.361212
0.0,11,76.363296
0.0,11,76.365279
-1.0,11,76.367236
-1.0,11,76.368823
0.0,11,76.37077
0.0,11,76.372727
-2.0,11,76.374811
-1.0,11,76.376387
-1.0,11,76.378356
-1.0,11,76.380347
-1.0,11,76.382322
0.0,11,76.383884
0.0,11,76.385999
0.0,11,76.387989
0.0,11,76.389984
-1.0,11,76.391614
0.0,11,76.393648
0.0,11,76.395599
-1.0,11,76.397611
0.0,11,76.399189
-1.0,11,76.401109
0.0,11,76.403041
0.0,11,76.404989
0.0,11,76.406548
-1.0,11,76.408498
0.0,11,76.410405
-1.0,11,76.41225
-1.0,11,76.413811
0.0,11,76.415802
-2.0,11,76.41772
0.0,11,76.419659
0.0,11,76.421205
0.0,11,76.423212
-1.0,11,76.425138
-1.0,11,76.427057
-1.0,11,76.428579
-1.0,11,76.430552
0.0,11,76.432567
-1.0,11,76.43446
-1.0,11,76.435987
-1.0,11,76.437912
0.0,11,76.439902
-2.0,11,76.441807
0.0,11,76.443314
-2.0,11,76.445252
0.0,11,76.447239
-1.0,11,76.449188
0.0,11,76.45075
-1.0,11,76.45272
-1.0,11,76.454683
-1.0,11,76.456616
0.0,11,76.458101
-1.0,11,76.460026
0.0,11,76.461936
-1.0,11,76.463876
0.0,11,76.465393
-1.0,11,76.467337
-1.0,11,76.469251
0.0,11,76.471243
0.0,11,76.47278
-1.0,11,76.474727
-1.0,11,76.476712
-1.0,11,76.478595
-1.0,11,76.480051
-1.0,11,76.482011
0.0,11,76.483933
0.0,11,76.485847
-1.0,11,76.487402
0.0,11,76.489362
-1.0,11,76.491218
-1.0,11,76.493133
-1.0,11,76.494613
-1.0,11,76.496523
-1.0,11,76.498456
-1.0,11,76.500429
-1.0,11,76.501943
-1.0,11,76.503876
0.0,11,76.505848
-2.0,11,76.507781
-1.0,11,76.509266
0.0,11,76.511181
-1.0,11,76.513088
0.0,11,76.514994
0.0,11,76.516534
-1.0,11,76.518426
0.0,11,76.520365
0.0,11,76.522287
-2.0,11,76.52379
-2.0,11,76.525674
0.0,11,76.527597
-1.0,11,76.529484
0.0,11,76.530998
-1.0,11,76.532904
-2.0,11,76.534755
-1.0,11,76.536665
0.0,11,76.538191
0.0,11,76.540096
0.0,11,76.542014
-2.0,11,76.543956
-1.0,11,76.545437
-2.0,11,76.547339
-1.0,11,76.549252
-1.0,11,76.551221
0.0,11,76.552792
0.0,11,76.55472
-1.0,11,76.556683
0.0,11,76.558603
0.0,11,76.560111
-1.0,11,76.562009
-1.0,11,76.563876
-1.0,11,76.565742
-1.0,11,76.567301
0.0,11,76.569342
-1.0,11,76.571271
-2.0,11,76.573178
-1.0,11,76.574719
-1.0,11,76.576651
-1.0,11,76.57859
-1.0,11,76.580524
-2.0,11,76.581991
-1.0,11,76.583923
0.0,11,76.58584
0.0,11,76.58773
-1.0,11,76.589249
-1.0,11,76.591154
0.0,11,76.593056
-1.0,11,76.594939
-1.0,11,76.596436
-1.0,11,76.598288
0.0,11,76.600148
-1.0,11,76.602066
-1.0,11,76.603575
-2.0,11,76.605472
-1.0,11,76.607324
-1.0,11,76.609169
0.0,11,76.610666
-1.0,11,76.612568
-1.0,11,76.61445
-1.0,11,76.616389
-1.0,11,76.61786
0.0,11,76.619727
-1.0,11,76.621617
0.0,11,76.623483
-1.0,11,76.624992
0.0,11,76.626847
-1.0,11,76.628764
-1.0,11,76.630672
0.0,11,76.632182
-1.0,11,76.634089
0.0,11,76.636014
-1.0,11,76.637932
-1.0,11,76.63946
-1.0,11,76.64141
0.0,11,76.643307
-1.0,11,76.645183
0.0,11,76.646674
0.0,11,76.648561
-1.0,11,76.650481
0.0,11,76.652388
0.0,11,76.653902
0.0,11,76.655783
0.0,11,76.657646
-1.0,11,76.659551
-1.0,11,76.661025
0.0,11,76.662934
-1.0,11,76.664826
-1.0,11,76.666708
-1.0,11,76.668309
-1.0,11,76.670222
0.0,11,76.672136
-1.0,11,76.674042
0.0,11,76.675543
-1.0,11,76.677441
0.0,11,76.679344
-1.0,11,76.681248
0.0,11,76.682787
-1.0,11,76.684968
-2.0,11,76.686918
0.0,11,76.68895
-1.0,11,76.690642
-1.0,11,76.692934
-2.0,11,76.6951
-1.0,11,76.697207
0.0,11,76.69892
-1.0,11,76.701007
-1.0,11,76.702978
-1.0,11,76.704908
-1.0,11,76.706527
0.0,11,76.708586
-1.0,11,76.710391
-1.0,11,76.712302
0.0,11,76.713824
0.0,11,76.715983
-1.0,11,76.71822
-1.0,11,76.720449
0.0,11,76.722167
0.0,11,76.724318
-1.0,11,76.726364
-1.0,11,76.728406
0.0,11,76.730028
-1.0,11,76.732065
-1.0,11,76.734076
0.0,11,76.736028
0.0,11,76.737553
0.0,11,76.739543
0.0,11,76.74153
-2.0,11,76.743514
0.0,11,76.745075
0.0,11,76.747066
0.0,11,76.749032
0.0,11,76.750951
0.0,11,76.752484
0.0,11,76.754601
-1.0,11,76.756578
-1.0,11,76.758544
-1.0,11,76.760085
0.0,11,76.762089
-1.0,11,76.764075
0.0,11,76.766067
-1.0,11,76.767599
0.0,11,76.769578
0.0,11,76.771547
0.0,11,76.773516
0.0,11,76.775084
0.0,11,76.777046
-1.0,11,76.778942
-1.0,11,76.780848
-1.0,11,76.782362
-1.0,11,76.784244
0.0,11,76.786191
0.0,11,76.788104
0.0,11,76.789613
0.0,11,76.791536
0.0,11,76.793483
0.0,11,76.795435
-1.0,11,76.797059
-2.0,11,76.798996
0.0,11,76.800899
0.0,11,76.802809
-2.0,11,76.804313
-2.0,11,76.806254
-2.0,11,76.808187
-1.0,11,76.810119
-1.0,11,76.81168
0.0,11,76.813643
0.0,11,76.815581
0.0,11,76.817496
0.0,11,76.819048
-2.0,11,76.820972
-1.0,11,76.822909
0.0,11,76.824863
-2.0,11,76.826368
-1.0,11,76.82828
-1.0,11,76.830158
-1.0,11,76.83206
0.0,11,76.833558
0.0,11,76.835508
0.0,11,76.837385
-1.0,11,76.839309
-1.0,11,76.840776
-1.0,11,76.842644
-1.0,11,76.844544
-1.0,11,76.846478
-1.0,11,76.847939
0.0,11,76.849823
-1.0,11,76.851748
-2.0,11,76.853599
-1.0,11,76.855101
0.0,11,76.857004
-1.0,11,76.85896
-1.0,11,76.860862
-2.0,11,76.862378
-2.0,11,76.864294
0.0,11,76.866196
0.0,11,76.868139
0.0,11,76.86972
-1.0,11,76.87164
-1.0,11,76.873587
-1.0,11,76.875531
-1.0,11,76.877028
-2.0,11,76.878898
-1.0,11,76.880751
-2.0,11,76.882653
-2.0,11,76.884166
0.0,11,76.886077
-1.0,11,76.888035
0.0,11,76.890008
-2.0,11,76.891531
-1.0,11,76.893464
0.0,11,76.895456
0.0,11,76.897423
-1.0,11,76.898961
-1.0,11,76.900908
0.0,11,76.902828
-1.0,11,76.904714
-1.0,11,76.906261
0.0,11,76.908188
0.0,11,76.910112
-1.0,11,76.911988
-1.0,11,76.913518
0.0,11,76.915433
0.0,11,76.917319
-1.0,11,76.919245
0.0,11,76.920746
-1.0,11,76.922654
-1.0,11,76.924526
0.0,11,76.926464
0.0,11,76.927966
0.0,11,76.929854
0.0,11,76.931776
-1.0,11,76.93366
0.0,11,76.935152
-1.0,11,76.937253
-1.0,11,76.939171
0.0,11,76.941136
-1.0,11,76.942712
0.0,11,76.944654
0.0,11,76.946567
0.0,11,76.948515
0.0,11,76.950033
-3.0,11,76.951928
-2.0,11,76.953829
-1.0,11,76.955746
-2.0,11,76.957231
0.0,11,76.959156
-1.0,11,76.961056
-1.0,11,76.962932
0.0,11,76.964494
-2.0,11,76.966367
-2.0,11,76.96825
-1.0,11,76.970166
0.0,11,76.971642
0.0,11,76.973532
0.0,11,76.975418
-1.0,11,76.977355
0.0,11,76.978902
0.0,11,76.980805
-1.0,11,76.98269
0.0,11,76.984594
-1.0,11,76.986098
-2.0,11,76.987997
0.0,11,76.989914
-1.0,11,76.991805
-1.0,11,76.993307
-2.0,11,76.99518
-1.0,11,76.997153
0.0,11,76.999098
0.0,11,77.000576
0.0,11,77.002497
-2.0,11,77.00441
0.0,11,77.006319
-1.0,11,77.007811
0.0,11,77.009714
-1.0,11,77.011634
0.0,11,77.013548
0.0,11,77.015011
-1.0,11,77.016895
-1.0,11,77.018795
0.0,11,77.02075
-1.0,11,77.022414
-1.0,11,77.024347
-1.0,11,77.026263
-1.0,11,77.0282
0.0,11,77.029717
-2.0,11,77.031628
0.0,11,77.033534
0.0,11,77.035478
-2.0,11,77.036939
0.0,11,77.038806
-1.0,11,77.040779
0.0,11,77.042723
-2.0,11,77.044283
0.0,11,77.046192
-1.0,11,77.048066
0.0,11,77.050002
0.0,11,77.051534
0.0,11,77.053468
-1.0,11,77.055356
-1.0,11,77.0573
0.0,11,77.058788
0.0,11,77.06074
0.0,11,77.062681
0.0,11,77.064608
0.0,11,77.066117
0.0,11,77.068
0.0,11,77.069931
-1.0,11,77.071828
-1.0,11,77.073317
0.0,11,77.07526
0.0,11,77.077186
0.0,11,77.079094
-1.0,11,77.080613
0.0,11,77.082527
0.0,11,77.084433
-1.0,11,77.08637
0.0,11,77.087868
0.0,11,77.089825
0.0,11,77.091681
0.0,11,77.0936
-1.0,11,77.095077
0.0,11,77.097026
0.0,11,77.098957
-1.0,11,77.100865
0.0,11,77.102369
0.0,11,77.104276
-2.0,11,77.106202
0.0,11,77.10813
0.0,11,77.109641
-1.0,11,77.111561
-1.0,11,77.113503
-1.0,11,77.115375
-1.0,11,77.116876
-1.0,11,77.118888
0.0,11,77.120801
-1.0,11,77.122717
-1.0,11,77.124235
-1.0,11,77.126223
0.0,11,77.128138
-1.0,11,77.130014
0.0,11,77.131494
0.0,11,77.133397
0.0,11,77.135355
-1.0,11,77.137284
0.0,11,77.138777
-1.0,11,77.140679
-2.0,11,77.142556
0.0,11,77.144472
0.0,11,77.146019
-1.0,11,77.147942
0.0,11,77.149884
-1.0,11,77.151796
-1.0,11,77.153267
-1.0,11,77.155159
-2.0,11,77.157085
-2.0,11,77.159003
0.0,11,77.160572
-1.0,11,77.162551
-1.0,11,77.164525
0.0,11,77.166467
0.0,11,77.168189
-1.0,11,77.170293
0.0,11,77.172202
0.0,11,77.174254
-1.0,11,77.175815
-1.0,11,77.177761
0.0,11,77.179702
0.0,11,77.1817
-1.0,11,77.183218
-1.0,11,77.185132
0.0,11,77.187028
-1.0,11,77.18898
-1.0,11,77.190469
0.0,11,77.192435
0.0,11,77.19436
-1.0,11,77.196236
-1.0,11,77.197878
-1.0,11,77.199897
-1.0,11,77.202095
-1.0,11,77.204013
-1.0,11,77.205557
0.0,11,77.20755
0.0,11,77.209578
-1.0,11,77.211497
0.0,11,77.213024
0.0,11,77.215043
0.0,11,77.216946
-1.0,11,77.218849
0.0,11,77.22036
0.0,11,77.222413
-1.0,11,77.22434
0.0,11,77.226295
-1.0,11,77.227871
-2.0,11,77.229813
0.0,11,77.23173
0.0,11,77.233634
-1.0,11,77.235163
0.0,11,77.237071
0.0,11,77.239057
-1.0,11,77.24098
0.0,11,77.242516
-1.0,11,77.244473
0.0,11,77.246512
-1.0,11,77.248422
-1.0,11,77.249894
0.0,11,77.251848
0.0,11,77.253845
0.0,11,77.255908
0.0,11,77.257514
0.0,11,77.259512
-1.0,11,77.261397
0.0,11,77.263411
-2.0,11,77.264924
-1.0,11,77.26685
-1.0,11,77.268742
-1.0,11,77.270727
0.0,11,77.272243
-1.0,11,77.274132
0.0,11,77.276087
0.0,11,77.278081
0.0,11,77.279711
-1.0,11,77.281632
-1.0,11,77.283558
0.0,11,77.285554
-1.0,11,77.28709
-1.0,11,77.289084
0.0,11,77.291011
0.0,11,77.292882
0.0,11,77.294418
0.0,11,77.296402
0.0,11,77.298338
-1.0,11,77.30025
-1.0,11,77.301812
-1.0,11,77.304028
0.0,11,77.306014
-2.0,11,77.308077
0.0,11,77.309711
-1.0,11,77.311809
-2.0,11,77.313726
0.0,11,77.315722
-1.0,11,77.317267
-1.0,11,77.319263
0.0,11,77.321263
0.0,11,77.323192
-1.0,11,77.324709
-1.0,11,77.326679
0.0,11,77.328654
0.0,11,77.330615
-1.0,11,77.332135
-1.0,11,77.334058
-1.0,11,77.336044
-1.0,11,77.337959
0.0,11,77.339492
-1.0,11,77.34143
-1.0,11,77.343388
0.0,11,77.345342
0.0,11,77.34684
-1.0,11,77.348755
-1.0,11,77.350648
-1.0,11,77.352662
-1.0,11,77.354217
0.0,11,77.356294
-1.0,11,77.358399
0.0,11,77.360382
-1.0,11,77.3619
-2.0,11,77.363887
-2.0,11,77.365796
0.0,11,77.367718
-1.0,11,77.369385
-1.0,11,77.371314
0.0,11,77.373309
-1.0,11,77.375305
-1.0,11,77.376903
0.0,11,77.378884
0.0,11,77.380819
0.0,11,77.382876
0.0,11,77.384452
0.0,11,77.386418
-1.0,11,77.388349
-1.0,11,77.390264
0.0,11,77.391783
-2.0,11,77.393753
-1.0,11,77.395667
0.0,11,77.397624
0.0,11,77.399182
-1.0,11,77.401186
-1.0,11,77.403218
-1.0,11,77.405162
-1.0,11,77.406666
0.0,11,77.408566
-1.0,11,77.410634
-2.0,11,77.412505
-1.0,11,77.41399
-1.0,11,77.415889
0.0,11,77.417924
0.0,11,77.41988
0.0,11,77.421409
0.0,11,77.423365
-1.0,11,77.42541
0.0,11,77.427333
0.0,11,77.428876
-1.0,11,77.430809
-1.0,11,77.432787
-2.0,11,77.434703
-1.0,11,77.436259
-1.0,11,77.438181
-2.0,11,77.440099
-2.0,11,77.44199
0.0,11,77.44352
-1.0,11,77.44542
-1.0,11,77.447346
0.0,11,77.449211
-1.0,11,77.450721
0.0,11,77.452675
-2.0,11,77.454573
-1.0,11,77.456517
-1.0,11,77.458056
0.0,11,77.46003
0.0,11,77.461974
0.0,11,77.463898
0.0,11,77.465421
0.0,11,77.467334
0.0,11,77.46927
-1.0,11,77.471187
0.0,11,77.472691
-1.0,11,77.474607
-1.0,11,77.476526
-1.0,11,77.478464
0.0,11,77.479975
-1.0,11,77.481875
0.0,11,77.483781
-1.0,11,77.485677
-1.0,11,77.487197
-1.0,11,77.489276
-1.0,11,77.491212
0.0,11,77.493113
-1.0,11,77.494699
-1.0,11,77.496706
-1.0,11,77.498658
0.0,11,77.500607
0.0,11,77.502161
-1.0,11,77.504054
-2.0,11,77.505968
0.0,11,77.507896
-1.0,11,77.509467
0.0,11,77.511328
0.0,11,77.513234
-1.0,11,77.515178
0.0,11,77.516687
-1.0,11,77.518572
0.0,11,77.520477
-1.0,11,77.52237
0.0,11,77.523932
-1.0,11,77.525848
-1.0,11,77.527749
0.0,11,77.529654
0.0,11,77.531129
0.0,11,77.533025
0.0,11,77.534934
0.0,11,77.536833
-1.0,11,77.538358
-1.0,11,77.540291
-1.0,11,77.542147
0.0,11,77.544073
0.0,11,77.545614
-2.0,11,77.547579
0.0,11,77.549503
0.0,11,77.551409
-2.0,11,77.552931
0.0,11,77.554837
-1.0,11,77.556771
0.0,11,77.558711
0.0,11,77.560233
0.0,11,77.562074
-1.0,11,77.563992
0.0,11,77.565955
-1.0,11,77.567433
-2.0,11,77.569328
0.0,11,77.57125
0.0,11,77.573154
-1.0,11,77.574698
0.0,11,77.576641
-1.0,11,77.578554
-1.0,11,77.580447
0.0,11,77.581943
0.0,11,77.58383
-2.0,11,77.585722
0.0,11,77.587643
-1.0,11,77.589177
0.0,11,77.591094
0.0,11,77.592961
-1.0,11,77.594866
-1.0,11,77.596415
0.0,11,77.598323
-3.0,11,77.600232
-1.0,11,77.602138
0.0,11,77.603623
-1.0,11,77.605577
-1.0,11,77.607498
-1.0,11,77.609452
0.0,11,77.610971
0.0,11,77.612874
0.0,11,77.614763
0.0,11,77.616641
0.0,11,77.618154
0.0,11,77.620052
0.0,11,77.621978
0.0,11,77.623899
-1.0,11,77.625379
0.0,11,77.62735
0.0,11,77.629259
-1.0,11,77.631175
0.0,11,77.632667
-1.0,11,77.634526
0.0,11,77.636461
0.0,11,77.638404
-2.0,11,77.639898
-2.0,11,77.641811
-1.0,11,77.643771
0.0,11,77.645691
-1.0,11,77.647217
0.0,11,77.649123
0.0,11,77.651022
-1.0,11,77.652941
-1.0,11,77.654443
0.0,11,77.656403
-1.0,11,77.658304
-1.0,11,77.660252
-1.0,11,77.661752
-1.0,11,77.663624
0.0,11,77.665537
0.0,11,77.667507
0.0,11,77.669005
-1.0,11,77.671085
-1.0,11,77.673012
0.0,11,77.674902
0.0,11,77.676489
0.0,11,77.678393
-1.0,11,77.680326
0.0,11,77.682217
-1.0,11,77.683778
0.0,11,77.685705
-1.0,11,77.687605
-1.0,11,77.689494
0.0,11,77.690998
0.0,11,77.692889
-1.0,11,77.694785
-1.0,11,77.69671
0.0,11,77.698282
-1.0,11,77.700203
0.0,11,77.702141
0.0,11,77.704045
-1.0,11,77.70553
0.0,11,77.707439
0.0,11,77.709367
0.0,11,77.711269
0.0,11,77.712785
-1.0,11,77.714701
0.0,11,77.71658
-1.0,11,77.718498
0.0,11,77.719999
-1.0,11,77.721913
-1.0,11,77.723833
-1.0,11,77.725758
0.0,11,77.727318
0.0,11,77.729244
-1.0,11,77.731114
-1.0,11,77.733039
-1.0,11,77.73453
-1.0,11,77.736456
-1.0,11,77.738314
-1.0,11,77.740244
-1.0,11,77.741723
-1.0,11,77.743684
-2.0,11,77.745535
-1.0,11,77.747448
0.0,11,77.748949
0.0,11,77.750855
-3.0,11,77.752741
-1.0,11,77.754601
0.0,11,77.756104
0.0,11,77.757985
0.0,11,77.759892
-1.0,11,77.761797
-1.0,11,77.763334
-1.0,11,77.765245
0.0,11,77.767157
-1.0,11,77.769091
-1.0,11,77.770604
-1.0,11,77.772504
0.0,11,77.774436
0.0,11,77.776323
-1.0,11,77.77782
-2.0,11,77.779795
-1.0,11,77.78178
-1.0,11,77.783673
0.0,11,77.785205
0.0,11,77.787089
0.0,11,77.78899
-2.0,11,77.790888
0.0,11,77.792416
-1.0,11,77.794371
0.0,11,77.796278
-1.0,11,77.798171
-2.0,11,77.799636
0.0,11,77.801559
0.0,11,77.803458
-3.0,11,77.805362
-2.0,11,77.806821
0.0,11,77.808722
-1.0,11,77.810638
0.0,11,77.812458
0.0,11,77.813957
0.0,11,77.815835
0.0,11,77.817731
0.0,11,77.819652
0.0,11,77.821176
0.0,11,77.823165
-1.0,11,77.825081
-1.0,11,77.827053
-1.0,11,77.828554
-1.0,11,77.830428
-2.0,11,77.832378
-1.0,11,77.834303
-1.0,11,77.835752
0.0,11,77.837655
0.0,11,77.839534
-1.0,11,77.84142
-1.0,11,77.84296
-2.0,11,77.844858
-1.0,11,77.846687
-2.0,11,77.848564
-1.0,11,77.850001
0.0,11,77.852029
0.0,11,77.853958
-1.0,11,77.855855
0.0,11,77.857383
0.0,11,77.859353
0.0,11,77.861284
-1.0,11,77.863227
0.0,11,77.864718
-1.0,11,77.866649
0.0,11,77.868527
-1.0,11,77.870427
-1.0,11,77.87192
-1.0,11,77.873813
-1.0,11,77.875678
0.0,11,77.877621
-1.0,11,77.879128
-1.0,11,77.88104
-1.0,11,77.882957
0.0,11,77.884889
0.0,11,77.886344
0.0,11,77.88824
-1.0,11,77.890156
0.0,11,77.89206
0.0,11,77.893578
-1.0,11,77.895435
0.0,11,77.897338
-1.0,11,77.899232
-1.0,11,77.90072
-1.0,11,77.902605
0.0,11,77.904495
0.0,11,77.906387
-1.0,11,77.907923
-1.0,11,77.909792
0.0,11,77.911712
-1.0,11,77.913594
-1.0,11,77.915093
0.0,11,77.916979
0.0,11,77.918852
0.0,11,77.92075
-2.0,11,77.922182
0.0,11,77.924118
0.0,11,77.92604
0.0,11,77.928023
-1.0,11,77.929505
-1.0,11,77.9314
-1.0,11,77.933293
-1.0,11,77.935178
0.0,11,77.936684
-1.0,11,77.938604
0.0,11,77.940516
-1.0,11,77.942382
-1.0,11,77.943923
0.0,11,77.945817
0.0,11,77.947779
0.0,11,77.949699
-1.0,11,77.95117
-1.0,11,77.95308
-1.0,11,77.954985
-1.0,11,77.956876
0.0,11,77.958385
-1.0,11,77.960333
-1.0,11,77.962236
-1.0,11,77.964151
-2.0,11,77.965675
0.0,11,77.9676
-1.0,11,77.969498
-1.0,11,77.971406
-1.0,11,77.972906
-1.0,11,77.974866
-2.0,11,77.976928
0.0,11,77.9789
0.0,11,77.980457
-1.0,11,77.982257
0.0,11,77.984141
-1.0,11,77.986065
-2.0,11,77.987532
0.0,11,77.989387
-1.0,11,77.991285
-1.0,11,77.993207
-1.0,11,77.994679
-1.0,11,77.996582
0.0,11,77.998501
-1.0,11,78.000419
-1.0,11,78.001916
-1.0,11,78.003806
0.0,11,78.005717
-1.0,11,78.007613
0.0,11,78.009104
0.0,11,78.01101
-2.0,11,78.01289
0.0,11,78.01478
0.0,11,78.01625
0.0,11,78.018173
0.0,11,78.020068
-1.0,11,78.021972
-2.0,11,78.023455
0.0,11,78.025362
-1.0,11,78.027287
-1.0,11,78.029174
0.0,11,78.030682
0.0,11,78.032785
-2.0,11,78.034667
0.0,11,78.036584
0.0,11,78.038179
0.0,11,78.040148
-2.0,11,78.042037
0.0,11,78.04396
-1.0,11,78.045475
-1.0,11,78.047421
-1.0,11,78.049341
-2.0,11,78.051251
0.0,11,78.0528
0.0,11,78.054733
-1.0,11,78.056668
0.0,11,78.058575
0.0,11,78.060143
0.0,11,78.062076
-1.0,11,78.063924
-1.0,11,78.065819
-2.0,11,78.067254
0.0,11,78.069152
-1.0,11,78.07104
0.0,11,78.072913
-1.0,11,78.07447
0.0,11,78.076323
-2.0,11,78.078292
0.0,11,78.080186
0.0,11,78.081682
-1.0,11,78.083598
0.0,11,78.085509
0.0,11,78.087394
0.0,11,78.088875
0.0,11,78.090764
0.0,11,78.092687
-2.0,11,78.094595
-1.0,11,78.096052
0.0,11,78.097955
0.0,11,78.099865
0.0,11,78.101754
-1.0,11,78.103251
-1.0,11,78.105158
0.0,11,78.107097
0.0,11,78.108973
-1.0,11,78.110489
-1.0,11,78.112399
-1.0,11,78.114255
0.0,11,78.116199
0.0,11,78.117687
0.0,11,78.119571
0.0,11,78.121479
-1.0,11,78.123387
-2.0,11,78.124928
0.0,11,78.126838
0.0,11,78.128733
0.0,11,78.130637
-1.0,11,78.132158
-1.0,11,78.13408
0.0,11,78.136022
0.0,11,78.137908
-1.0,11,78.139362
0.0,11,78.141279
0.0,11,78.143183
-2.0,11,78.145113
-1.0,11,78.146608
-2.0,11,78.148498
0.0,11,78.1504
0.0,11,78.152314
0.0,11,78.153826
0.0,11,78.155687
-2.0,11,78.157611
0.0,11,78.159553
0.0,11,78.161094
-2.0,11,78.162994
-1.0,11,78.164844
-1.0,11,78.166693
0.0,11,78.168199
0.0,11,78.170076
-2.0,11,78.171969
-1.0,11,78.173866
-1.0,11,78.175357
-1.0,11,78.177259
0.0,11,78.179162
0.0,11,78.181051
0.0,11,78.18254
0.0,11,78.184441
-1.0,11,78.18639
0.0,11,78.188247
0.0,11,78.189759
-1.0,11,78.191699
0.0,11,78.193693
0.0,11,78.195574
0.0,11,78.197113
0.0,11,78.199016
-1.0,11,78.200943
0.0,11,78.202851
-2.0,11,78.204348
-1.0,11,78.20628
0.0,11,78.208193
0.0,11,78.210151
0.0,11,78.211677
-1.0,11,78.213731
-1.0,11,78.215632
0.0,11,78.217606
0.0,11,78.219147
0.0,11,78.221043
0.0,11,78.222981
-1.0,11,78.224876
-1.0,11,78.226374
0.0,11,78.228288
0.0,11,78.230278
-1.0,11,78.232196
0.0,11,78.233706
-1.0,11,78.235579
0.0,11,78.237468
-1.0,11,78.239358
-2.0,11,78.240846
-1.0,11,78.242749
-1.0,11,78.244639
-1.0,11,78.246503
0.0,11,78.248019
-1.0,11,78.249935
-1.0,11,78.251836
0.0,11,78.253758
-1.0,11,78.255294
0.0,11,78.257193
-1.0,11,78.259131
-1.0,11,78.26102
0.0,11,78.262528
0.0,11,78.264481
0.0,11,78.266389
0.0,11,78.268271
0.0,11,78.269684
-2.0,11,78.271586
-2.0,11,78.273464
-1.0,11,78.275363
-1.0,11,78.276924
-2.0,11,78.278832
0.0,11,78.280761
-1.0,11,78.282701
-1.0,11,78.284235
-2.0,11,78.286111
0.0,11,78.288013
-1.0,11,78.289919
-1.0,11,78.291422
0.0,11,78.293348
-1.0,11,78.295219
-1.0,11,78.297122
-2.0,11,78.29867
0.0,11,78.300563
-1.0,11,78.302424
-1.0,11,78.304304
-1.0,11,78.305807
-2.0,11,78.307739
-2.0,11,78.309669
-1.0,11,78.311608
-1.0,11,78.313109
-1.0,11,78.315003
-2.0,11,78.316907
-1.0,11,78.318838
0.0,11,78.320385
0.0,11,78.322359
0.0,11,78.324258
0.0,11,78.326148
-2.0,11,78.327654
-1.0,11,78.329605
0.0,11,78.331523
0.0,11,78.333424
-1.0,11,78.334931
-1.0,11,78.336839
-1.0,11,78.338728
0.0,11,78.340637
0.0,11,78.342132
0.0,11,78.344042
0.0,11,78.34594
0.0,11,78.347834
0.0,11,78.349329
0.0,11,78.351179
-1.0,11,78.353047
0.0,11,78.354936
0.0,11,78.356429
-1.0,11,78.358321
0.0,11,78.360287
-1.0,11,78.362138
0.0,11,78.363658
-1.0,11,78.365548
0.0,11,78.367445
-1.0,11,78.369356
-1.0,11,78.370847
-1.0,11,78.372764
0.0,11,78.374649
0.0,11,78.376581
0.0,11,78.378075
-1.0,11,78.380007
-1.0,11,78.38189
0.0,11,78.383783
0.0,11,78.385336
-1.0,11,78.387224
0.0,11,78.38914
-1.0,11,78.391029
-1.0,11,78.392557
-2.0,11,78.394588
-1.0,11,78.396503
0.0,11,78.398395
-1.0,11,78.399977
-1.0,11,78.401963
0.0,11,78.40389
-1.0,11,78.405798
-1.0,11,78.407275
0.0,11,78.409212
-1.0,11,78.411136
0.0,11,78.413051
-1.0,11,78.414547
0.0,11,78.41646
-1.0,11,78.418387
-1.0,11,78.420275
0.0,11,78.421799
0.0,11,78.423704
-2.0,11,78.425654
-1.0,11,78.427581
0.0,11,78.429122
0.0,11,78.431031
-2.0,11,78.432945
-1.0,11,78.43493
-1.0,11,78.436494
-1.0,11,78.438414
-1.0,11,78.440382
-1.0,11,78.442272
0.0,11,78.443833
-1.0,11,78.445748
-1.0,11,78.447621
0.0,11,78.449516
0.0,11,78.451028
-1.0,11,78.452922
-1.0,11,78.454818
-1.0,11,78.456698
-1.0,11,78.458211
0.0,11,78.46014
-1.0,11,78.461977
0.0,11,78.463873
-1.0,11,78.46533
-1.0,11,78.46727
-1.0,11,78.469148
0.0,11,78.471079
0.0,11,78.472598
-1.0,11,78.474451
-1.0,11,78.476364
-1.0,11,78.478321
-1.0,11,78.479861
-2.0,11,78.481772
-1.0,11,78.483694
0.0,11,78.485614
-1.0,11,78.48715
0.0,11,78.489031
-1.0,11,78.490955
-1.0,11,78.492866
0.0,11,78.494379
-1.0,11,78.49625
0.0,11,78.498196
-2.0,11,78.50006
-1.0,11,78.501544
0.0,11,78.503446
0.0,11,78.505386
-1.0,11,78.507275
0.0,11,78.508784
0.0,11,78.510702
0.0,11,78.512586
-1.0,11,78.514475
-1.0,11,78.515957
-1.0,11,78.517861
0.0,11,78.519729
-1.0,11,78.521616
0.0,11,78.523129
0.0,11,78.525005
-1.0,11,78.526917
-1.0,11,78.52886
-1.0,11,78.530328
0.0,11,78.532235
0.0,11,78.534129
-1.0,11,78.536047
-2.0,11,78.537499
0.0,11,78.539413
-1.0,11,78.54127
0.0,11,78.543151
-2.0,11,78.544632
-1.0,11,78.546495
-1.0,11,78.54835
-1.0,11,78.550241
0.0,11,78.55176
-1.0,11,78.553671
-1.0,11,78.555549
-1.0,11,78.557594
0.0,11,78.559208
-1.0,11,78.561165
-1.0,11,78.563239
-1.0,11,78.565359
-1.0,11,78.567046
-2.0,11,78.569223
0.0,11,78.57148
-2.0,11,78.573723
-1.0,11,78.575404
0.0,11,78.579152
0.0,11,78.582093
0.0,11,78.584854
-2.0,11,78.586869
-1.0,11,78.589126
-1.0,11,78.591254
0.0,11,78.593586
-1.0,11,78.595347
0.0,11,78.597455
-2.0,11,78.599603
0.0,11,78.601694
0.0,11,78.603284
0.0,11,78.605232
-1.0,11,78.607249
0.0,11,78.609286
0.0,11,78.610875
-1.0,11,78.612828
-1.0,11,78.614789
0.0,11,78.616729
-1.0,11,78.618358
-1.0,11,78.620282
0.0,11,78.622217
-1.0,11,78.624221
-1.0,11,78.625816
-1.0,11,78.627765
-1.0,11,78.629649
-2.0,11,78.631606
-1.0,11,78.633155
-1.0,11,78.635143
0.0,11,78.637113
0.0,11,78.639054
-1.0,11,78.640563
-1.0,11,78.642559
-1.0,11,78.644516
-2.0,11,78.646488
0.0,11,78.648015
-1.0,11,78.649994
-2.0,11,78.651904
-2.0,11,78.65387
0.0,11,78.655419
0.0,11,78.657418
-1.0,11,78.659388
-1.0,11,78.661318
-1.0,11,78.662802
0.0,11,78.664794
-1.0,11,78.666798
-2.0,11,78.66877
0.0,11,78.67027
0.0,11,78.672145
0.0,11,78.674044
-1.0,11,78.676007
0.0,11,78.677546
-1.0,11,78.6794
0.0,11,78.681462
-2.0,11,78.683503
0.0,11,78.685027
0.0,11,78.68694
-1.0,11,78.688915
0.0,11,78.690827
-1.0,11,78.692356
0.0,11,78.694249
0.0,11,78.696197
0.0,11,78.698114
-1.0,11,78.699632
-1.0,11,78.701595
-1.0,11,78.703494
0.0,11,78.705359
-1.0,11,78.706855
0.0,11,78.708792
0.0,11,78.710715
0.0,11,78.71255
0.0,11,78.714063
0.0,11,78.716016
0.0,11,78.71796
0.0,11,78.71986
-2.0,11,78.721315
0.0,11,78.723238
-1.0,11,78.725153
-1.0,11,78.727133
0.0,11,78.728661
-1.0,11,78.730574
0.0,11,78.732487
-1.0,11,78.734416
0.0,11,78.735918
-2.0,11,78.737814
0.0,11,78.739649
-1.0,11,78.741546
0.0,11,78.74315
-1.0,11,78.745089
-1.0,11,78.747028
-1.0,11,78.748939
-1.0,11,78.750504
0.0,11,78.752427
-1.0,11,78.754368
0.0,11,78.756347
-1.0,11,78.757877
-1.0,11,78.759779
0.0,11,78.761692
-1.0,11,78.763693
0.0,11,78.765265
0.0,11,78.767324
0.0,11,78.769233
0.0,11,78.77116
0.0,11,78.772735
-1.0,11,78.774626
0.0,11,78.776558
0.0,11,78.778466
0.0,11,78.779979
-1.0,11,78.781916
0.0,11,78.783834
0.0,11,78.785721
-1.0,11,78.787206
-1.0,11,78.789123
0.0,11,78.791055
-1.0,11,78.793056
0.0,11,78.794637
-1.0,11,78.796604
-1.0,11,78.798521
-2.0,11,78.800474
-1.0,11,78.80206
-1.0,11,78.804184
-1.0,11,78.80611
-2.0,11,78.807995
-1.0,11,78.809517
-1.0,11,78.811477
0.0,11,78.813569
-1.0,11,78.81567
-1.0,11,78.817414
0.0,11,78.81969
-1.0,11,78.821717
-1.0,11,78.823735
-1.0,11,78.825312
0.0,11,78.827275
-1.0,11,78.829215
-1.0,11,78.831098
0.0,11,78.832842
-2.0,11,78.835078
0.0,11,78.837382
-2.0,11,78.839628
-1.0,11,78.841377
0.0,11,78.84356
-1.0,11,78.845695
0.0,11,78.847847
-2.0,11,78.849488
0.0,11,78.851492
-1.0,11,78.853435
-1.0,11,78.855351
-1.0,11,78.856884
0.0,11,78.858853
0.0,11,78.860938
-1.0,11,78.862861
-1.0,11,78.864343
0.0,11,78.86625
-1.0,11,78.868185
0.0,11,78.87043
0.0,11,78.871957
-1.0,11,78.873898
0.0,11,78.875875
-1.0,11,78.877804
-1.0,11,78.879345
-1.0,11,78.881333
-1.0,11,78.883296
-1.0,11,78.885207
-1.0,11,78.886746
0.0,11,78.888669
0.0,11,78.890653
0.0,11,78.892579
-1.0,11,78.894166
-1.0,11,78.896077
-1.0,11,78.898006
0.0,11,78.899924
-1.0,11,78.901459
-1.0,11,78.903419
0.0,11,78.905348
-1.0,11,78.907306
0.0,11,78.908866
-1.0,11,78.910832
0.0,11,78.91276
-1.0,11,78.914682
0.0,11,78.916205
0.0,11,78.918114
-1.0,11,78.920112
-1.0,11,78.922182
0.0,11,78.923772
-1.0,11,78.925707
0.0,11,78.927653
0.0,11,78.929588
0.0,11,78.931088
0.0,11,78.932994
-2.0,11,78.934884
0.0,11,78.936801
0.0,11,78.938238
-1.0,11,78.940148
0.0,11,78.94206
-1.0,11,78.943979
-2.0,11,78.945474
0.0,11,78.947417
0.0,11,78.949329
-1.0,11,78.95123
-1.0,11,78.952759
0.0,11,78.954774
0.0,11,78.956707
0.0,11,78.958601
-1.0,11,78.960173
0.0,11,78.962126
0.0,11,78.964058
0.0,11,78.96601
0.0,11,78.967574
0.0,11,78.9695
-1.0,11,78.971386
0.0,11,78.973358
-1.0,11,78.974886
0.0,11,78.976791
0.0,11,78.978698
-1.0,11,78.980613
-1.0,11,78.982083
-1.0,11,78.983994
-1.0,11,78.9859
-1.0,11,78.98778
-1.0,11,78.989281
-1.0,11,78.991163
-1.0,11,78.993077
-1.0,11,78.995025
-1.0,11,78.996574
0.0,11,78.99849
-1.0,11,79.000382
0.0,11,79.00229
-2.0,11,79.003729
0.0,11,79.005609
-1.0,11,79.007528
0.0,11,79.009478
-1.0,11,79.010966
-2.0,11,79.012813
-1.0,11,79.014698
0.0,11,79.016611
-1.0,11,79.018106
0.0,11,79.019992
-1.0,11,79.021886
-2.0,11,79.023761
-1.0,11,79.025316
0.0,11,79.027286
0.0,11,79.029219
-1.0,11,79.03109
-1.0,11,79.032583
0.0,11,79.034491
-1.0,11,79.036414
0.0,11,79.03837
-2.0,11,79.039887
-1.0,11,79.04175
0.0,11,79.043651
0.0,11,79.045542
-1.0,11,79.047005
-2.0,11,79.048954
0.0,11,79.050847
-1.0,11,79.052782
-2.0,11,79.054317
-1.0,11,79.056266
-2.0,11,79.058189
-1.0,11,79.060092
0.0,11,79.06165
-1.0,11,79.063564
-1.0,11,79.065533
0.0,11,79.067472
-1.0,11,79.069034
-1.0,11,79.070957
-1.0,11,79.072967
0.0,11,79.075172
-2.0,11,79.076725
0.0,11,79.078658
-1.0,11,79.080614
-2.0,11,79.083043
0.0,11,79.08473
-1.0,11,79.086721
0.0,11,79.088688
-1.0,11,79.090805
-2.0,11,79.092407
-1.0,11,79.094523
0.0,11,79.096911
-1.0,11,79.09914
0.0,11,79.100946
-1.0,11,79.103768
0.0,11,79.106092
-1.0,11,79.1082
0.0,11,79.110107
-1.0,11,79.112156
0.0,11,79.114291
-2.0,11,79.116661
-1.0,11,79.118473
0.0,11,79.120478
0.0,11,79.122487
0.0,11,79.12451
-1.0,11,79.126524
0.0,11,79.128598
-1.0,11,79.131234
-1.0,11,79.134015
-1.0,11,79.135851
0.0,11,79.13844
0.0,11,79.140835
-1.0,11,79.143359
-1.0,11,79.145258
-1.0,11,79.147545
-1.0,11,79.149569
0.0,11,79.15156
0.0,11,79.15375
0.0,11,79.15594
0.0,11,79.158076
-1.0,11,79.160245
-1.0,11,79.16197
-1.0,11,79.164053
-1.0,11,79.166212
0.0,11,79.168322
-1.0,11,79.169986
0.0,11,79.171964
-1.0,11,79.174
-1.0,11,79.176075
0.0,11,79.177755
-2.0,11,79.179799
-1.0,11,79.181779
-1.0,11,79.183838
-2.0,11,79.185535
-1.0,11,79.18763
-1.0,11,79.189657
0.0,11,79.19172
0.0,11,79.193323
0.0,11,79.195325
-1.0,11,79.197252
0.0,11,79.199236
-2.0,11,79.200777
0.0,11,79.202817
0.0,11,79.204812
-1.0,11,79.206819
-1.0,11,79.208425
-1.0,11,79.210486
0.0,11,79.212459
0.0,11,79.214465
-1.0,11,79.216145
-1.0,11,79.218188
0.0,11,79.220136
-1.0,11,79.222031
-1.0,11,79.223558
0.0,11,79.225458
-1.0,11,79.227427
-1.0,11,79.229345
-1.0,11,79.230891
0.0,11,79.232866
0.0,11,79.234911
0.0,11,79.236928
0.0,11,79.238443
-2.0,11,79.240363
-1.0,11,79.242243
0.0,11,79.244376
0.0,11,79.245894
0.0,11,79.247825
-1.0,11,79.24974
-1.0,11,79.251846
0.0,11,79.253416
0.0,11,79.255393
-1.0,11,79.257351
0.0,11,79.259413
0.0,11,79.26102
0.0,11,79.263004
-3.0,11,79.264915
-2.0,11,79.266805
-1.0,11,79.268398
-1.0,11,79.270413
-2.0,11,79.272418
0.0,11,79.274334
0.0,11,79.275914
0.0,11,79.278008
-1.0,11,79.279998
0.0,11,79.281991
0.0,11,79.283516
0.0,11,79.285659
0.0,11,79.287738
-1.0,11,79.2898
0.0,11,79.291483
-1.0,11,79.293525
-2.0,11,79.295524
-1.0,11,79.297508
-2.0,11,79.29907
-1.0,11,79.301128
0.0,11,79.303284
-1.0,11,79.305583
0.0,11,79.307487
0.0,11,79.309817
-1.0,11,79.311955
-1.0,11,79.31412
-2.0,11,79.315998
0.0,11,79.318171
0.0,11,79.320376
-1.0,11,79.322459
-1.0,11,79.324137
0.0,11,79.326271
0.0,11,79.328455
0.0,11,79.33054
-1.0,11,79.332218
0.0,11,79.334374
0.0,11,79.336401
-2.0,11,79.338528
-1.0,11,79.340246
0.0,11,79.342872
0.0,11,79.34657
0.0,11,79.350093
-2.0,11,79.352116
-1.0,11,79.355125
-1.0,11,79.35747
-2.0,11,79.359697
0.0,11,79.361546
-1.0,11,79.363735
-1.0,11,79.365996
-1.0,11,79.368147
-1.0,11,79.369904
-1.0,11,79.372109
0.0,11,79.374153
-1.0,11,79.376289
0.0,11,79.378072
0.0,11,79.380148
-1.0,11,79.382283
0.0,11,79.384349
0.0,11,79.386026
0.0,11,79.388251
0.0,11,79.390424
0.0,11,79.392507
-1.0,11,79.39414
-1.0,11,79.396193
0.0,11,79.398348
-1.0,11,79.400405
0.0,11,79.402044
-1.0,11,79.404116
0.0,11,79.406073
0.0,11,79.408088
-1.0,11,79.409749
-2.0,11,79.411859
-1.0,11,79.413847
0.0,11,79.415783
-1.0,11,79.417334
-2.0,11,79.419444
0.0,11,79.421498
0.0,11,79.423504
-1.0,11,79.425062
-1.0,11,79.42711
-1.0,11,79.429347
0.0,11,79.431358
-1.0,11,79.432978
-1.0,11,79.434958
0.0,11,79.437121
0.0,11,79.439156
0.0,11,79.440712
0.0,11,79.442729
0.0,11,79.444873
0.0,11,79.446824
0.0,11,79.448445
-1.0,11,79.450472
-2.0,11,79.452469
0.0,11,79.454532
0.0,11,79.456075
0.0,11,79.458084
0.0,11,79.460112
-1.0,11,79.462195
0.0,11,79.463853
-1.0,11,79.465867
0.0,11,79.467877
0.0,11,79.469952
0.0,11,79.471778
0.0,11,79.473878
-1.0,11,79.475884
-1.0,11,79.477998
-1.0,11,79.479699
-1.0,11,79.481814
-1.0,11,79.483865
-1.0,11,79.485881
0.0,11,79.487619
-2.0,11,79.48958
-1.0,11,79.491641
-2.0,11,79.493656
-1.0,11,79.495339
0.0,11,79.497348
0.0,11,79.49932
-1.0,11,79.501305
0.0,11,79.502923
-1.0,11,79.505023
-1.0,11,79.507003
-1.0,11,79.509013
-2.0,11,79.510586
-1.0,11,79.512728
0.0,11,79.514737
0.0,11,79.516787
0.0,11,79.518355
-2.0,11,79.520452
-1.0,11,79.522511
-1.0,11,79.524479
0.0,11,79.526075
-1.0,11,79.528147
-1.0,11,79.530218
0.0,11,79.532222
0.0,11,79.533802
-1.0,11,79.535821
0.0,11,79.537933
-1.0,11,79.539967
-1.0,11,79.541598
-1.0,11,79.543781
0.0,11,79.545966
-1.0,11,79.547956
0.0,11,79.549608
-1.0,11,79.551559
0.0,11,79.553677
0.0,11,79.555732
-1.0,11,79.557377
0.0,11,79.559367
-1.0,11,79.561469
-1.0,11,79.563437
0.0,11,79.565015
0.0,11,79.566939
-1.0,11,79.568798
-1.0,11,79.570844
-1.0,11,79.572401
0.0,11,79.574391
0.0,11,79.576278
0.0,11,79.578295
-2.0,11,79.579958
0.0,11,79.581903
0.0,11,79.583862
0.0,11,79.585825
0.0,11,79.587508
-1.0,11,79.589484
-1.0,11,79.591483
-1.0,11,79.593458
0.0,11,79.595091
0.0,11,79.597112
0.0,11,79.599103
0.0,11,79.601088
-1.0,11,79.602708
-1.0,11,79.604692
0.0,11,79.606624
-1.0,11,79.608555
0.0,11,79.610078
-1.0,11,79.612067
0.0,11,79.614
-1.0,11,79.615895
-1.0,11,79.617409
-1.0,11,79.619329
-1.0,11,79.621271
0.0,11,79.623226
0.0,11,79.624774
0.0,11,79.626701
-1.0,11,79.628742
-1.0,11,79.630675
0.0,11,79.63223
0.0,11,79.634186
-1.0,11,79.636256
0.0,11,79.638252
0.0,11,79.639763
0.0,11,79.641672
0.0,11,79.643595
0.0,11,79.645635
0.0,11,79.647157
0.0,11,79.649106
0.0,11,79.651051
0.0,11,79.653064
-1.0,11,79.654647
0.0,11,79.65652
-1.0,11,79.658453
-1.0,11,79.660356
-1.0,11,79.661919
0.0,11,79.663915
0.0,11,79.665851
-1.0,11,79.667775
0.0,11,79.669352
-1.0,11,79.67136
0.0,11,79.673316
-1.0,11,79.675297
0.0,11,79.676837
0.0,11,79.678861
-1.0,11,79.680805
0.0,11,79.682732
-1.0,11,79.684231
-1.0,11,79.686256
-1.0,11,79.688184
0.0,11,79.690142
-1.0,11,79.691677
-1.0,11,79.693661
-1.0,11,79.695606
0.0,11,79.697523
0.0,11,79.699056
-2.0,11,79.700933
-1.0,11,79.702908
-1.0,11,79.704846
0.0,11,79.706424
0.0,11,79.708352
0.0,11,79.710275
-1.0,11,79.712272
0.0,11,79.713802
0.0,11,79.715753
0.0,11,79.717659
-1.0,11,79.719597
-1.0,11,79.721145
0.0,11,79.723086
0.0,11,79.725
-1.0,11,79.726913
0.0,11,79.72848
-1.0,11,79.730508
0.0,11,79.732491
0.0,11,79.734406
-1.0,11,79.736083
0.0,11,79.738142
-1.0,11,79.740196
0.0,11,79.742282
-1.0,11,79.743879
-1.0,11,79.746036
0.0,11,79.748069
0.0,11,79.750016
0.0,11,79.751536
-1.0,11,79.753732
0.0,11,79.755745
-1.0,11,79.757716
0.0,11,79.759256
0.0,11,79.76139
0.0,11,79.763407
-1.0,11,79.765331
0.0,11,79.766873
-1.0,11,79.768828
0.0,11,79.770873
-2.0,11,79.772844
-1.0,11,79.774432
-1.0,11,79.776372
0.0,11,79.778424
-1.0,11,79.78043
0.0,11,79.782007
0.0,11,79.783976
0.0,11,79.786023
-1.0,11,79.787977
0.0,11,79.789522
-1.0,11,79.79146
-1.0,11,79.793468
0.0,11,79.7956
-1.0,11,79.797241
-1.0,11,79.799217
0.0,11,79.801187
-1.0,11,79.803215
-1.0,11,79.804762
-2.0,11,79.806727
0.0,11,79.808674
0.0,11,79.810748
0.0,11,79.81248
-1.0,11,79.814478
0.0,11,79.816466
0.0,11,79.818474
0.0,11,79.820105
-1.0,11,79.822125
0.0,11,79.824091
-1.0,11,79.826072
0.0,11,79.827703
-2.0,11,79.829837
0.0,11,79.831822
-1.0,11,79.833756
-1.0,11,79.835349
-1.0,11,79.837439
-1.0,11,79.839395
0.0,11,79.841348
0.0,11,79.84293
0.0,11,79.845028
-1.0,11,79.84702
-1.0,11,79.848989
0.0,11,79.850554
0.0,11,79.852552
0.0,11,79.85463
-1.0,11,79.856637
0.0,11,79.858191
-1.0,11,79.860204
-1.0,11,79.862384
-1.0,11,79.864443
-1.0,11,79.865988
0.0,11,79.867944
-1.0,11,79.869993
-1.0,11,79.872071
-1.0,11,79.873643
-1.0,11,79.875702
0.0,11,79.877724
-1.0,11,79.879834
0.0,11,79.881363
0.0,11,79.883337
0.0,11,79.885366
-1.0,11,79.887421
0.0,11,79.889007
-1.0,11,79.891031
-1.0,11,79.893012
0.0,11,79.895135
-1.0,11,79.896778
-1.0,11,79.898745
-1.0,11,79.900716
0.0,11,79.902714
-1.0,11,79.904326
-1.0,11,79.906286
0.0,11,79.908226
0.0,11,79.910168
0.0,11,79.911713
0.0,11,79.91368
-1.0,11,79.915638
-1.0,11,79.917635
-1.0,11,79.919194
-2.0,11,79.921302
0.0,11,79.923209
0.0,11,79.925143
0.0,11,79.926734
0.0,11,79.92881
0.0,11,79.930813
-1.0,11,79.93277
0.0,11,79.934266
0.0,11,79.936281
-1.0,11,79.938265
0.0,11,79.940207
0.0,11,79.941746
-1.0,11,79.943613
-1.0,11,79.945561
-2.0,11,79.947558
0.0,11,79.949095
-2.0,11,79.950981
-1.0,11,79.952975
-1.0,11,79.954966
0.0,11,79.956492
-1.0,11,79.958411
-1.0,11,79.960339
-1.0,11,79.962315
0.0,11,79.963891
-2.0,11,79.965826
-1.0,11,79.967776
-1.0,11,79.969791
0.0,11,79.971313
0.0,11,79.973246
-2.0,11,79.9751
-2.0,11,79.977032
0.0,11,79.978629
-3.0,11,79.980529
-1.0,11,79.982457
-1.0,11,79.984374
-1.0,11,79.985985
-1.0,11,79.987913
0.0,11,79.989857
-1.0,11,79.991804
0.0,11,79.993333
-1.0,11,79.995289
-1.0,11,79.997258
0.0,11,79.999151
-1.0,11,80.00063
-1.0,11,80.002605
0.0,11,80.004548
-2.0,11,80.006463
-1.0,11,80.008034
-1.0,11,80.009945
0.0,11,80.011899
-1.0,11,80.013844
-1.0,11,80.015409
-1.0,11,80.017331
0.0,11,80.019307
0.0,11,80.021246
0.0,11,80.022813
0.0,11,80.024736
0.0,11,80.02666
0.0,11,80.028676
0.0,11,80.030218
0.0,11,80.032162
0.0,11,80.034131
0.0,11,80.036137
0.0,11,80.037715
0.0,11,80.039687
0.0,11,80.041627
-1.0,11,80.043513
-1.0,11,80.045093
0.0,11,80.047018
-1.0,11,80.048941
-1.0,11,80.050875
-1.0,11,80.052465
0.0,11,80.054397
0.0,11,80.056312
0.0,11,80.058199
0.0,11,80.059687
-1.0,11,80.061654
0.0,11,80.063596
-1.0,11,80.065523
0.0,11,80.06699
0.0,11,80.068951
-1.0,11,80.070958
-2.0,11,80.072935
0.0,11,80.074486
0.0,11,80.076445
0.0,11,80.078487
0.0,11,80.08062
-1.0,11,80.08215
-1.0,11,80.084144
0.0,11,80.086181
0.0,11,80.08812
-1.0,11,80.089649
0.0,11,80.091629
0.0,11,80.093499
-1.0,11,80.095507
-2.0,11,80.097002
0.0,11,80.098966
-1.0,11,80.100876
0.0,11,80.102861
-1.0,11,80.104421
0.0,11,80.106463
-2.0,11,80.108387
-2.0,11,80.110307
0.0,11,80.111992
0.0,11,80.113986
-2.0,11,80.115954
-1.0,11,80.117915
0.0,11,80.119602
0.0,11,80.121606
0.0,11,80.123652
-1.0,11,80.125568
0.0,11,80.127162
-1.0,11,80.129245
-2.0,11,80.13119
0.0,11,80.133143
-1.0,11,80.134671
-1.0,11,80.136664
0.0,11,80.138701
-1.0,11,80.140658
0.0,11,80.142258
0.0,11,80.144319
0.0,11,80.146277
-1.0,11,80.148221
-1.0,11,80.149737
-1.0,11,80.151685
0.0,11,80.1538
-2.0,11,80.155819
0.0,11,80.157372
-1.0,11,80.159336
0.0,11,80.161437
0.0,11,80.163434
-1.0,11,80.164989
0.0,11,80.166957
-1.0,11,80.16907
0.0,11,80.171064
0.0,11,80.172593
-1.0,11,80.174488
0.0,11,80.17644
0.0,11,80.178495
-1.0,11,80.18002
0.0,11,80.181982
0.0,11,80.183928
0.0,11,80.185959
0.0,11,80.18755
-2.0,11,80.189438
-1.0,11,80.191383
0.0,11,80.193325
-1.0,11,80.194978
-1.0,11,80.197199
0.0,11,80.199179
-2.0,11,80.201156
0.0,11,80.2029
-1.0,11,80.204936
0.0,11,80.206918
-1.0,11,80.208866
0.0,11,80.21041
0.0,11,80.212425
0.0,11,80.214374
-1.0,11,80.21639
-1.0,11,80.217976
-1.0,11,80.220018
0.0,11,80.221994
0.0,11,80.223935
0.0,11,80.22553
-1.0,11,80.227649
0.0,11,80.229591
-1.0,11,80.231507
-1.0,11,80.233056
-1.0,11,80.235033
-1.0,11,80.237039
0.0,11,80.238993
0.0,11,80.240498
0.0,11,80.242484
-1.0,11,80.244457
0.0,11,80.24642
-1.0,11,80.247955
-1.0,11,80.24999
-1.0,11,80.251987
-1.0,11,80.253993
0.0,11,80.255515
0.0,11,80.25747
0.0,11,80.259446
0.0,11,80.261493
0.0,11,80.263073
0.0,11,80.264994
-1.0,11,80.266983
0.0,11,80.268947
-1.0,11,80.270514
0.0,11,80.272563
0.0,11,80.274535
-1.0,11,80.276438
0.0,11,80.278071
0.0,11,80.28002
0.0,11,80.28197
-1.0,11,80.283969
-1.0,11,80.285556
-1.0,11,80.287552
0.0,11,80.289493
0.0,11,80.291463
-1.0,11,80.293001
0.0,11,80.295168
-1.0,11,80.297112
0.0,11,80.299078
-1.0,11,80.300636
0.0,11,80.30262
0.0,11,80.304693
-1.0,11,80.306767
-1.0,11,80.308314
0.0,11,80.310226
0.0,11,80.312352
-1.0,11,80.314315
-1.0,11,80.31588
-1.0,11,80.317824
-1.0,11,80.319774
-1.0,11,80.321641
0.0,11,80.323248
0.0,11,80.325183
-1.0,11,80.327176
-2.0,11,80.329255
0.0,11,80.33096
-1.0,11,80.333112
0.0,11,80.335103
-1.0,11,80.337211
0.0,11,80.338868
0.0,11,80.340856
-2.0,11,80.342846
0.0,11,80.344925
0.0,11,80.346496
0.0,11,80.348496
0.0,11,80.350422
-1.0,11,80.352448
-1.0,11,80.354107
0.0,11,80.356104
0.0,11,80.358011
-1.0,11,80.360004
0.0,11,80.361641
0.0,11,80.36361
0.0,11,80.365592
-2.0,11,80.367531
-1.0,11,80.369135
0.0,11,80.371145
-1.0,11,80.373164
-1.0,11,80.375106
-1.0,11,80.376635
0.0,11,80.378731
-1.0,11,80.3808
0.0,11,80.382793
-1.0,11,80.384352
0.0,11,80.386404
-1.0,11,80.388368
0.0,11,80.390399
-1.0,11,80.391924
0.0,11,80.393886
-1.0,11,80.395959
-1.0,11,80.397934
-1.0,11,80.39944
-1.0,11,80.401372
-1.0,11,80.403395
-1.0,11,80.405402
-1.0,11,80.406918
-1.0,11,80.408893
0.0,11,80.410813
-1.0,11,80.412953
0.0,11,80.414576
0.0,11,80.416557
-1.0,11,80.418546
0.0,11,80.420568
0.0,11,80.422066
0.0,11,80.42399
-1.0,11,80.426004
-1.0,11,80.428017
-2.0,11,80.429618
0.0,11,80.431593
0.0,11,80.433504
-1.0,11,80.435439
0.0,11,80.437086
-1.0,11,80.439066
-1.0,11,80.440991
-1.0,11,80.442915
0.0,11,80.444449
-1.0,11,80.446394
-1.0,11,80.448343
0.0,11,80.450214
0.0,11,80.451743
0.0,11,80.453773
0.0,11,80.455649
-1.0,11,80.457536
-1.0,11,80.459059
-2.0,11,80.461069
-1.0,11,80.463128
-1.0,11,80.465108
-1.0,11,80.466662
-1.0,11,80.468548
-2.0,11,80.470555
-1.0,11,80.47247
0.0,11,80.474006
0.0,11,80.475967
-1.0,11,80.47798
0.0,11,80.479973
-2.0,11,80.48155
-1.0,11,80.483638
0.0,11,80.485577
0.0,11,80.487577
-1.0,11,80.489166
-2.0,11,80.491119
-1.0,11,80.493056
-1.0,11,80.495544
-1.0,11,80.497156
-1.0,11,80.49911
-1.0,11,80.501057
-1.0,11,80.503179
-1.0,11,80.504747
-1.0,11,80.506717
-1.0,11,80.508701
-1.0,11,80.510687
0.0,11,80.512398
-2.0,11,80.514376
0.0,11,80.516259
-1.0,11,80.518163
0.0,11,80.51984
0.0,11,80.521793
0.0,11,80.523733
-1.0,11,80.525659
0.0,11,80.527222
0.0,11,80.529262
-1.0,11,80.531213
0.0,11,80.533124
-1.0,11,80.534662
-1.0,11,80.536787
-1.0,11,80.538731
0.0,11,80.540765
-1.0,11,80.542281
-1.0,11,80.544323
0.0,11,80.546316
0.0,11,80.548312
0.0,11,80.549839
-1.0,11,80.551833
-1.0,11,80.5539
-1.0,11,80.555952
0.0,11,80.557494
0.0,11,80.55942
0.0,11,80.56145
-1.0,11,80.563449
-1.0,11,80.564995
-1.0,11,80.566925
-1.0,11,80.568966
0.0,11,80.571006
0.0,11,80.572528
-1.0,11,80.574469
-1.0,11,80.576447
-1.0,11,80.578504
-1.0,11,80.580174
-1.0,11,80.582207
0.0,11,80.584202
-2.0,11,80.586275
-1.0,11,80.587861
0.0,11,80.589855
-1.0,11,80.59179
0.0,11,80.593772
0.0,11,80.595392
-1.0,11,80.597363
-1.0,11,80.599289
-2.0,11,80.601255
-1.0,11,80.603132
0.0,11,80.605105
-1.0,11,80.607003
0.0,11,80.608967
0.0,11,80.610562
-2.0,11,80.612598
0.0,11,80.614525
-1.0,11,80.616454
0.0,11,80.617978
0.0,11,80.619966
-1.0,11,80.621936
0.0,11,80.623861
0.0,11,80.625459
-1.0,11,80.627471
0.0,11,80.629477
-1.0,11,80.631401
-2.0,11,80.632889
0.0,11,80.634786
0.0,11,80.636796
0.0,11,80.638802
0.0,11,80.640374
0.0,11,80.642321
0.0,11,80.644274
0.0,11,80.646277
0.0,11,80.647845
-1.0,11,80.649856
0.0,11,80.651851
0.0,11,80.653876
0.0,11,80.655397
0.0,11,80.657298
0.0,11,80.659227
0.0,11,80.661247
-1.0,11,80.662771
0.0,11,80.664699
0.0,11,80.666608
0.0,11,80.668518
0.0,11,80.670169
-1.0,11,80.672269
-1.0,11,80.674244
0.0,11,80.676159
0.0,11,80.677765
-1.0,11,80.67971
0.0,11,80.681649
-1.0,11,80.683555
0.0,11,80.685036
0.0,11,80.687121
0.0,11,80.689099
0.0,11,80.69103
0.0,11,80.692544
-1.0,11,80.694617
0.0,11,80.696581
-1.0,11,80.698467
-1.0,11,80.700037
0.0,11,80.701953
0.0,11,80.704001
0.0,11,80.705933
0.0,11,80.707521
0.0,11,80.709431
0.0,11,80.711458
-1.0,11,80.713398
-1.0,11,80.714897
-2.0,11,80.71682
-1.0,11,80.718639
0.0,11,80.720643
-1.0,11,80.722184
0.0,11,80.724159
0.0,11,80.726116
-1.0,11,80.728118
-1.0,11,80.729681
0.0,11,80.731644
-2.0,11,80.733506
0.0,11,80.735451
0.0,11,80.737075
0.0,11,80.739021
-1.0,11,80.740988
0.0,11,80.742932
0.0,11,80.744474
0.0,11,80.746424
-1.0,11,80.748395
0.0,11,80.750308
0.0,11,80.751832
0.0,11,80.75383
0.0,11,80.755809
-1.0,11,80.757741
-1.0,11,80.759244
0.0,11,80.761191
-1.0,11,80.763142
0.0,11,80.765064
-1.0,11,80.766552
-1.0,11,80.768506
-1.0,11,80.77056
0.0,11,80.772547
-1.0,11,80.774098
-1.0,11,80.77601
-1.0,11,80.778002
0.0,11,80.780009
-1.0,11,80.781559
0.0,11,80.783474
-1.0,11,80.785389
0.0,11,80.787396
0.0,11,80.788981
0.0,11,80.790894
0.0,11,80.792798
-1.0,11,80.794829
0.0,11,80.796359
0.0,11,80.79828
0.0,11,80.800187
0.0,11,80.802103
-1.0,11,80.803732
0.0,11,80.805702
0.0,11,80.807597
-2.0,11,80.809521
-1.0,11,80.811053
0.0,11,80.813015
0.0,11,80.814886
-1.0,11,80.816857
0.0,11,80.818388
0.0,11,80.820388
0.0,11,80.822338
-2.0,11,80.824273
0.0,11,80.825793
-2.0,11,80.827782
-2.0,11,80.829771
-1.0,11,80.831736
-1.0,11,80.833238
0.0,11,80.835164
0.0,11,80.837182
-1.0,11,80.839118
0.0,11,80.840614
-1.0,11,80.842528
-2.0,11,80.844513
-1.0,11,80.846488
-1.0,11,80.848041
0.0,11,80.849955
-1.0,11,80.851868
0.0,11,80.853867
-1.0,11,80.855381
-2.0,11,80.857346
-1.0,11,80.859246
-2.0,11,80.861306
0.0,11,80.862883
0.0,11,80.864845
-1.0,11,80.86677
-1.0,11,80.868652
-1.0,11,80.87039
-1.0,11,80.872422
-1.0,11,80.874391
0.0,11,80.876296
0.0,11,80.877948
-1.0,11,80.879938
-1.0,11,80.881909
0.0,11,80.883859
0.0,11,80.885416
0.0,11,80.88747
-1.0,11,80.889414
0.0,11,80.891351
-1.0,11,80.892839
0.0,11,80.894822
0.0,11,80.89675
0.0,11,80.898743
-1.0,11,80.900288
0.0,11,80.902315
-2.0,11,80.90432
0.0,11,80.906302
0.0,11,80.907845
0.0,11,80.909783
0.0,11,80.911799
-1.0,11,80.913767
0.0,11,80.91536
-1.0,11,80.917343
-1.0,11,80.919328
-1.0,11,80.921274
0.0,11,80.922769
0.0,11,80.924705
-1.0,11,80.9266
0.0,11,80.928764
-1.0,11,80.930297
0.0,11,80.93226
-2.0,11,80.93423
-1.0,11,80.936346
0.0,11,80.938057
0.0,11,80.940198
0.0,11,80.942519
0.0,11,80.944762
-1.0,11,80.946378
0.0,11,80.9483
0.0,11,80.950286
-1.0,11,80.952267
-2.0,11,80.953847
0.0,11,80.955922
-1.0,11,80.958205
0.0,11,80.960505
-1.0,11,80.96236
-1.0,11,80.964618
-1.0,11,80.966744
-1.0,11,80.968877
0.0,11,80.970646
0.0,11,80.972754
0.0,11,80.974885
-1.0,11,80.976968
-1.0,11,80.978689
0.0,11,80.980761
0.0,11,80.982755
0.0,11,80.984744
0.0,11,80.986368
-1.0,11,80.988346
-2.0,11,80.990342
-1.0,11,80.992329
0.0,11,80.99384
0.0,11,80.995945
-1.0,11,80.997921
0.0,11,80.999864
0.0,11,81.001374
-1.0,11,81.00337
-1.0,11,81.005302
0.0,11,81.007214
-1.0,11,81.008748
0.0,11,81.010741
0.0,11,81.012712
-2.0,11,81.014636
-2.0,11,81.01617
-1.0,11,81.018125
0.0,11,81.020156
-1.0,11,81.022053
0.0,11,81.023629
-1.0,11,81.025594
-1.0,11,81.027582
0.0,11,81.029538
0.0,11,81.031053
-1.0,11,81.032981
-1.0,11,81.034927
0.0,11,81.036957
0.0,11,81.038519
-2.0,11,81.040441
-1.0,11,81.042379
0.0,11,81.04441
-1.0,11,81.046025
-1.0,11,81.048165
-2.0,11,81.050095
-1.0,11,81.052017
-1.0,11,81.053668
0.0,11,81.055605
-1.0,11,81.057518
-1.0,11,81.05942
-1.0,11,81.061003
0.0,11,81.063133
-1.0,11,81.065096
-1.0,11,81.067057
-1.0,11,81.068551
0.0,11,81.070608
0.0,11,81.072581
0.0,11,81.074539
-1.0,11,81.07605
0.0,11,81.078042
-1.0,11,81.080095
-1.0,11,81.082114
-1.0,11,81.083704
-2.0,11,81.085742
0.0,11,81.087722
0.0,11,81.089672
0.0,11,81.091183
-2.0,11,81.093053
-1.0,11,81.095054
0.0,11,81.097007
-2.0,11,81.098549
0.0,11,81.100509
-1.0,11,81.102532
0.0,11,81.104524
0.0,11,81.106051
0.0,11,81.107991
0.0,11,81.109915
0.0,11,81.11193
0.0,11,81.11349
-1.0,11,81.115467
0.0,11,81.117399
-1.0,11,81.119373
-1.0,11,81.121
0.0,11,81.122974
0.0,11,81.124869
-1.0,11,81.126845
0.0,11,81.12841
-1.0,11,81.130364
-1.0,11,81.132411
0.0,11,81.134323
0.0,11,81.13588
-2.0,11,81.137938
0.0,11,81.139974
0.0,11,81.14197
-1.0,11,81.143559
0.0,11,81.145495
0.0,11,81.147441
-1.0,11,81.149363
-1.0,11,81.150931
0.0,11,81.152898
0.0,11,81.154765
-1.0,11,81.156735
-1.0,11,81.158245
-1.0,11,81.160149
0.0,11,81.162157
-1.0,11,81.164074
0.0,11,81.165653
0.0,11,81.167583
0.0,11,81.169554
-1.0,11,81.171501
0.0,11,81.173021
0.0,11,81.174908
-1.0,11,81.176826
0.0,11,81.178751
-1.0,11,81.180262
-1.0,11,81.182204
0.0,11,81.184137
-1.0,11,81.186094
-1.0,11,81.187619
-1.0,11,81.189576
-1.0,11,81.191519
-1.0,11,81.193434
-1.0,11,81.194987
0.0,11,81.196938
0.0,11,81.198894
0.0,11,81.200819
0.0,11,81.202379
0.0,11,81.204373
-2.0,11,81.206404
-1.0,11,81.208356
-1.0,11,81.209853
0.0,11,81.211735
0.0,11,81.213688
-1.0,11,81.215578
0.0,11,81.217101
-1.0,11,81.219012
0.0,11,81.220979
0.0,11,81.222919
-1.0,11,81.224416
0.0,11,81.226325
0.0,11,81.228267
0.0,11,81.230167
0.0,11,81.231708
-1.0,11,81.233788
0.0,11,81.235781
0.0,11,81.237724
0.0,11,81.239445
-1.0,11,81.241503
-2.0,11,81.243469
-1.0,11,81.245532
-1.0,11,81.247056
-2.0,11,81.249027
-2.0,11,81.25091
-1.0,11,81.252902
0.0,11,81.254473
-1.0,11,81.256408
-1.0,11,81.258322
-1.0,11,81.260235
-1.0,11,81.261791
-2.0,11,81.263736
-1.0,11,81.265686
0.0,11,81.267595
0.0,11,81.269114
-2.0,11,81.27107
-1.0,11,81.273001
-2.0,11,81.274892
0.0,11,81.276384
-1.0,11,81.278312
0.0,11,81.280247
0.0,11,81.282224
-1.0,11,81.283797
0.0,11,81.285733
-1.0,11,81.287679
0.0,11,81.289615
0.0,11,81.291188
-2.0,11,81.29305
0.0,11,81.294989
-1.0,11,81.296866
-1.0,11,81.298368
-1.0,11,81.300305
0.0,11,81.302272
0.0,11,81.304198
-2.0,11,81.305775
0.0,11,81.3077
-1.0,11,81.309606
-1.0,11,81.311555
-1.0,11,81.313085
-2.0,11,81.315043
0.0,11,81.316987
0.0,11,81.318916
0.0,11,81.320426
0.0,11,81.322359
0.0,11,81.324276
0.0,11,81.326249
-2.0,11,81.327761
-1.0,11,81.329652
0.0,11,81.331567
0.0,11,81.333466
-1.0,11,81.335004
-1.0,11,81.336933
0.0,11,81.338899
0.0,11,81.340782
-1.0,11,81.342281
-1.0,11,81.344175
-1.0,11,81.346115
0.0,11,81.348037
-2.0,11,81.349562
-2.0,11,81.351493
-1.0,11,81.353504
0.0,11,81.355385
-1.0,11,81.356939
-2.0,11,81.358905
0.0,11,81.360895
0.0,11,81.362887
-1.0,11,81.36441
0.0,11,81.366324
0.0,11,81.368312
-1.0,11,81.370229
-1.0,11,81.371791
0.0,11,81.373738
-2.0,11,81.375663
-1.0,11,81.377687
0.0,11,81.379253
0.0,11,81.381218
-1.0,11,81.383105
0.0,11,81.385092
0.0,11,81.386629
0.0,11,81.388567
0.0,11,81.390491
0.0,11,81.392437
0.0,11,81.394124
0.0,11,81.396153
0.0,11,81.398092
-1.0,11,81.400016
-1.0,11,81.401677
0.0,11,81.403733
-1.0,11,81.405733
-1.0,11,81.407638
-1.0,11,81.409138
-1.0,11,81.411344
-1.0,11,81.413355
-1.0,11,81.415552
-1.0,11,81.417189
0.0,11,81.419327
0.0,11,81.421327
0.0,11,81.423373
-1.0,11,81.425459
0.0,11,81.427585
-1.0,11,81.429646
-1.0,11,81.431873
0.0,11,81.433527
0.0,11,81.43563
-1.0,11,81.437668
0.0,11,81.439813
0.0,11,81.441379
0.0,11,81.443396
-1.0,11,81.44537
-1.0,11,81.447488
0.0,11,81.44903
0.0,11,81.451119
-1.0,11,81.453129
-1.0,11,81.455225
0.0,11,81.456822
-1.0,11,81.458831
-1.0,11,81.460801
0.0,11,81.462934
0.0,11,81.4645
-1.0,11,81.466458
0.0,11,81.468478
0.0,11,81.47057
-1.0,11,81.472164
-1.0,11,81.474169
-1.0,11,81.476196
-1.0,11,81.478279
-2.0,11,81.485039
0.0,11,81.494334
-1.0,11,81.501883
0.0,11,81.5044
-1.0,11,81.510047
0.0,11,81.512764
0.0,11,81.515042
0.0,11,81.517156
0.0,11,81.518792
-2.0,11,81.521022
0.0,11,81.523199
0.0,11,81.525282
-1.0,11,81.52691
0.0,11,81.52898
0.0,11,81.53103
-1.0,11,81.53306
0.0,11,81.534585
0.0,11,81.536668
0.0,11,81.538805
-1.0,11,81.540826
0.0,11,81.542375
0.0,11,81.544338
0.0,11,81.546269
0.0,11,81.548269
0.0,11,81.549853
0.0,11,81.551856
-1.0,11,81.553967
0.0,11,81.555993
0.0,11,81.557552
0.0,11,81.559547
-2.0,11,81.561538
0.0,11,81.563598
-1.0,11,81.565151
-1.0,11,81.567085
0.0,11,81.569023
0.0,11,81.570981
-1.0,11,81.572519
-3.0,11,81.57442
-1.0,11,81.576471
-1.0,11,81.578533
0.0,11,81.58013
-2.0,11,81.582078
-1.0,11,81.584011
-1.0,11,81.585985
-2.0,11,81.587518
0.0,11,81.589424
0.0,11,81.591331
0.0,11,81.593241
-1.0,11,81.594817
0.0,11,81.596772
0.0,11,81.598705
0.0,11,81.600676
-1.0,11,81.602261
-1.0,11,81.604177
0.0,11,81.606185
0.0,11,81.608153
0.0,11,81.609653
-1.0,11,81.611611
-2.0,11,81.613505
0.0,11,81.615478
-1.0,11,81.617036
0.0,11,81.618927
-1.0,11,81.620798
-1.0,11,81.622697
-1.0,11,81.624244
0.0,11,81.626167
-2.0,11,81.628072
0.0,11,81.630045
-2.0,11,81.631601
-2.0,11,81.633679
-1.0,11,81.635609
0.0,11,81.637565
-2.0,11,81.639241
0.0,11,81.641304
-1.0,11,81.643274
0.0,11,81.64531
-2.0,11,81.646886
0.0,11,81.648841
0.0,11,81.650817
-1.0,11,81.652734
0.0,11,81.654298
-2.0,11,81.656299
0.0,11,81.658236
0.0,11,81.660132
0.0,11,81.661617
-1.0,11,81.663535
-1.0,11,81.665469
-1.0,11,81.667396
-1.0,11,81.668902
0.0,11,81.670849
0.0,11,81.672842
0.0,11,81.674791
-1.0,11,81.676358
0.0,11,81.678312
-1.0,11,81.680265
0.0,11,81.682231
0.0,11,81.68376
-1.0,11,81.685631
-2.0,11,81.687495
-1.0,11,81.689395
0.0,11,81.690912
-1.0,11,81.692842
0.0,11,81.694843
-1.0,11,81.696744
0.0,11,81.698254
-1.0,11,81.700165
0.0,11,81.702113
-1.0,11,81.704109
0.0,11,81.705655
-1.0,11,81.707603
-1.0,11,81.709533
0.0,11,81.711498
0.0,11,81.713082
-2.0,11,81.715058
0.0,11,81.716973
-1.0,11,81.71897
-1.0,11,81.720491
0.0,11,81.722428
0.0,11,81.72434
0.0,11,81.726249
-1.0,11,81.727844
0.0,11,81.729859
0.0,11,81.731862
-2.0,11,81.733792
-1.0,11,81.735356
-1.0,11,81.737379
0.0,11,81.739392
-1.0,11,81.741365
-1.0,11,81.74293
0.0,11,81.745046
0.0,11,81.747001
-1.0,11,81.748983
0.0,11,81.750512
-1.0,11,81.752593
-1.0,11,81.754631
-2.0,11,81.756557
0.0,11,81.758067
0.0,11,81.760093
0.0,11,81.762129
-1.0,11,81.764084
-1.0,11,81.765674
-1.0,11,81.767707
-1.0,11,81.769931
0.0,11,81.771973
0.0,11,81.773629
-1.0,11,81.775663
0.0,11,81.7779
-1.0,11,81.780003
-2.0,11,81.781624
0.0,11,81.783669
-1.0,11,81.786004
0.0,11,81.788383
0.0,11,81.790166
0.0,11,81.792392
0.0,11,81.794477
0.0,11,81.796482
-1.0,11,81.79815
-2.0,11,81.800635
-1.0,11,81.802789
-1.0,11,81.804874
-1.0,11,81.806649
0.0,11,81.809018
-2.0,11,81.811212
0.0,11,81.813249
-1.0,11,81.814967
0.0,11,81.817287
0.0,11,81.81933
-1.0,11,81.821397
0.0,11,81.823011
-1.0,11,81.825498
0.0,11,81.827616
-1.0,11,81.829681
-2.0,11,81.831397
-1.0,11,81.833692
-1.0,11,81.83583
0.0,11,81.837804
-1.0,11,81.839465
0.0,11,81.84193
-1.0,11,81.844107
-1.0,11,81.846147
0.0,11,81.847741
-1.0,11,81.850322
-2.0,11,81.852457
0.0,11,81.854528
-1.0,11,81.856163
-1.0,11,81.858415
0.0,11,81.860458
0.0,11,81.862501
0.0,11,81.864099
-1.0,11,81.866492
0.0,11,81.868583
-1.0,11,81.870628
0.0,11,81.872242
0.0,11,81.874498
-1.0,11,81.876552
-1.0,11,81.878564
0.0,11,81.880203
-1.0,11,81.882464
0.0,11,81.884563
-2.0,11,81.886598
-1.0,11,81.888155
-1.0,11,81.890339
-1.0,11,81.892442
-1.0,11,81.894421
0.0,11,81.896053
0.0,11,81.898166
0.0,11,81.900273
-1.0,11,81.902321
0.0,11,81.903935
-1.0,11,81.906012
0.0,11,81.908144
0.0,11,81.910202
-1.0,11,81.911767
0.0,11,81.913859
-2.0,11,81.916044
0.0,11,81.918172
0.0,11,81.919824
0.0,11,81.921916
0.0,11,81.923996
-1.0,11,81.92611
-1.0,11,81.92777
-2.0,11,81.929845
0.0,11,81.93201
-1.0,11,81.934047
0.0,11,81.935695
0.0,11,81.937773
0.0,11,81.939858
0.0,11,81.941948
-2.0,11,81.943584
0.0,11,81.945638
-1.0,11,81.947743
-1.0,11,81.949822
-1.0,11,81.951449
0.0,11,81.953509
-1.0,11,81.955624
0.0,11,81.957677
0.0,11,81.959268
0.0,11,81.961259
0.0,11,81.963267
0.0,11,81.965205
0.0,11,81.966712
-1.0,11,81.968645
-2.0,11,81.970623
-1.0,11,81.972641
0.0,11,81.974246
0.0,11,81.976453
-1.0,11,81.978544
0.0,11,81.980682
0.0,11,81.98239
-1.0,11,81.984582
-1.0,11,81.986624
0.0,11,81.988689
-1.0,11,81.990402
-1.0,11,81.992508
-1.0,11,81.994567
-2.0,11,81.996618
0.0,11,81.998256
-1.0,11,82.000335
-1.0,11,82.002414
0.0,11,82.004479
-1.0,11,82.00608
-1.0,11,82.008153
-1.0,11,82.010179
-1.0,11,82.012198
0.0,11,82.013795
0.0,11,82.015857
-2.0,11,82.017895
0.0,11,82.019946
-1.0,11,82.021517
0.0,11,82.023678
0.0,11,82.02573
0.0,11,82.027725
-1.0,11,82.029355
0.0,11,82.031417
0.0,11,82.033452
0.0,11,82.035568
0.0,11,82.037183
0.0,11,82.03928
0.0,11,82.04138
0.0,11,82.043415
0.0,11,82.044991
0.0,11,82.047018
0.0,11,82.049066
0.0,11,82.05108
0.0,11,82.052705
-1.0,11,82.054731
-1.0,11,82.056715
-1.0,11,82.058826
-1.0,11,82.060443
0.0,11,82.062504
0.0,11,82.06455
-1.0,11,82.066574
-1.0,11,82.068201
-1.0,11,82.070252
0.0,11,82.072296
0.0,11,82.074432
0.0,11,82.076095
0.0,11,82.07816
-1.0,11,82.08025
0.0,11,82.082363
0.0,11,82.084059
0.0,11,82.086202
0.0,11,82.088446
0.0,11,82.090498
-1.0,11,82.092509
0.0,11,82.09471
-1.0,11,82.096745
-1.0,11,82.098768
-1.0,11,82.1005
0.0,11,82.10264
0.0,11,82.104673
0.0,11,82.106635
0.0,11,82.108247
0.0,11,82.110212
-2.0,11,82.112175
0.0,11,82.11411
0.0,11,82.115695
-1.0,11,82.11766
-1.0,11,82.119677
0.0,11,82.12165
0.0,11,82.123217
-1.0,11,82.125247
0.0,11,82.127237
-1.0,11,82.129204
-1.0,11,82.130774
0.0,11,82.132778
0.0,11,82.134821
-1.0,11,82.136777
0.0,11,82.138325
0.0,11,82.140313
-2.0,11,82.142296
-1.0,11,82.144284
0.0,11,82.145818
0.0,11,82.147734
0.0,11,82.149691
0.0,11,82.151782
-1.0,11,82.153414
-1.0,11,82.155407
-1.0,11,82.157372
-1.0,11,82.159346
0.0,11,82.160868
0.0,11,82.162828
0.0,11,82.16483
0.0,11,82.166875
0.0,11,82.168503
-1.0,11,82.170384
-1.0,11,82.172307
0.0,11,82.174329
0.0,11,82.175838
-1.0,11,82.177823
0.0,11,82.179817
0.0,11,82.18187
-1.0,11,82.183408
-1.0,11,82.185321
-1.0,11,82.187272
0.0,11,82.189221
-1.0,11,82.19082
-1.0,11,82.192853
0.0,11,82.194755
-2.0,11,82.196616
0.0,11,82.198195
0.0,11,82.200194
-1.0,11,82.20211
-2.0,11,82.204036
-1.0,11,82.20553
-1.0,11,82.207447
-1.0,11,82.209376
-1.0,11,82.211315
-1.0,11,82.212833
-1.0,11,82.214853
-1.0,11,82.216802
0.0,11,82.218746
-1.0,11,82.220324
0.0,11,82.222284
0.0,11,82.224422
0.0,11,82.226518
0.0,11,82.228029
-1.0,11,82.229987
0.0,11,82.231963
0.0,11,82.233964
-1.0,11,82.235443
-1.0,11,82.237413
0.0,11,82.239335
0.0,11,82.241384
0.0,11,82.242924
-1.0,11,82.244852
-2.0,11,82.24678
-1.0,11,82.248791
0.0,11,82.250383
-1.0,11,82.252309
-1.0,11,82.254161
0.0,11,82.256084
-1.0,11,82.257685
0.0,11,82.259596
-2.0,11,82.261505
-1.0,11,82.263413
-1.0,11,82.264972
-1.0,11,82.266892
-1.0,11,82.268825
0.0,11,82.270772
0.0,11,82.272278
-1.0,11,82.274306
0.0,11,82.276223
0.0,11,82.278178
0.0,11,82.279684
0.0,11,82.281659
-1.0,11,82.283633
0.0,11,82.28559
-1.0,11,82.287126
0.0,11,82.289092
-1.0,11,82.291143
0.0,11,82.293082
-1.0,11,82.294617
0.0,11,82.296525
-1.0,11,82.298465
0.0,11,82.300412
-1.0,11,82.301926
0.0,11,82.303888
-1.0,11,82.305746
-3.0,11,82.307746
-1.0,11,82.309289
0.0,11,82.311205
-1.0,11,82.313153
0.0,11,82.315098
0.0,11,82.316626
-2.0,11,82.318524
0.0,11,82.32046
0.0,11,82.322335
-1.0,11,82.323931
-1.0,11,82.32587
0.0,11,82.327819
-1.0,11,82.329749
-1.0,11,82.331253
0.0,11,82.333245
0.0,11,82.335176
-1.0,11,82.337099
0.0,11,82.338592
-1.0,11,82.340566
-1.0,11,82.34247
0.0,11,82.344414
0.0,11,82.345952
-1.0,11,82.348072
-1.0,11,82.350026
0.0,11,82.351957
-2.0,11,82.353441
-1.0,11,82.355389
-1.0,11,82.357395
0.0,11,82.359335
-1.0,11,82.360826
-1.0,11,82.362745
0.0,11,82.364642
0.0,11,82.366616
0.0,11,82.368113
-2.0,11,82.370028
-1.0,11,82.371937
-1.0,11,82.373873
-2.0,11,82.375385
0.0,11,82.377307
-1.0,11,82.379242
-1.0,11,82.381111
0.0,11,82.382652
0.0,11,82.384612
0.0,11,82.386485
-3.0,11,82.388328
-2.0,11,82.389844
-1.0,11,82.39181
0.0,11,82.393735
0.0,11,82.395628
0.0,11,82.39714
-1.0,11,82.399221
-1.0,11,82.401229
0.0,11,82.403232
0.0,11,82.404834
-1.0,11,82.406784
0.0,11,82.408905
-2.0,11,82.410836
-1.0,11,82.412346
0.0,11,82.414295
-2.0,11,82.416319
-1.0,11,82.41826
-1.0,11,82.419755
0.0,11,82.421696
0.0,11,82.423698
0.0,11,82.425681
-1.0,11,82.427238
0.0,11,82.429136
-1.0,11,82.431038
0.0,11,82.433032
0.0,11,82.434567
-1.0,11,82.436487
0.0,11,82.438367
-1.0,11,82.440337
0.0,11,82.441857
-2.0,11,82.443816
0.0,11,82.445708
-1.0,11,82.447612
-1.0,11,82.449146
0.0,11,82.451116
-1.0,11,82.453029
0.0,11,82.454991
0.0,11,82.456557
0.0,11,82.458517
0.0,11,82.46041
-1.0,11,82.462305
0.0,11,82.463806
-1.0,11,82.465785
0.0,11,82.467707
0.0,11,82.469684
0.0,11,82.471185
0.0,11,82.473198
-1.0,11,82.475169
0.0,11,82.477084
-1.0,11,82.478619
0.0,11,82.480541
0.0,11,82.482478
0.0,11,82.48441
-2.0,11,82.485987
0.0,11,82.487881
-1.0,11,82.489879
0.0,11,82.491804
-1.0,11,82.493333
0.0,11,82.495271
0.0,11,82.497181
-1.0,11,82.499161
-1.0,11,82.500687
-1.0,11,82.502612
-1.0,11,82.50454
-1.0,11,82.506534
0.0,11,82.508136
-1.0,11,82.510089
-2.0,11,82.512005
-2.0,11,82.51391
0.0,11,82.515463
0.0,11,82.517473
0.0,11,82.519371
0.0,11,82.521273
-2.0,11,82.522836
0.0,11,82.524839
0.0,11,82.52675
0.0,11,82.528697
0.0,11,82.530224
-1.0,11,82.532182
-1.0,11,82.534105
0.0,11,82.535987
0.0,11,82.53753
-2.0,11,82.539451
-2.0,11,82.541495
0.0,11,82.543459
0.0,11,82.545012
-1.0,11,82.546943
-2.0,11,82.548949
0.0,11,82.550975
-1.0,11,82.552559
-1.0,11,82.554448
-3.0,11,82.556422
-1.0,11,82.558384
-1.0,11,82.559952
0.0,11,82.56186
-1.0,11,82.563856
0.0,11,82.565851
0.0,11,82.567425
-1.0,11,82.569413
-1.0,11,82.571355
-2.0,11,82.573309
0.0,11,82.57486
0.0,11,82.576808
0.0,11,82.578681
0.0,11,82.580604
0.0,11,82.582176
0.0,11,82.584341
0.0,11,82.586298
0.0,11,82.588287
-1.0,11,82.589975
-1.0,11,82.592109
0.0,11,82.594084
-1.0,11,82.596026
0.0,11,82.597522
-1.0,11,82.599604
0.0,11,82.601538
0.0,11,82.603483
0.0,11,82.60497
0.0,11,82.606847
-1.0,11,82.608753
0.0,11,82.610676
0.0,11,82.612198
0.0,11,82.61414
-1.0,11,82.616083
-2.0,11,82.617948
-1.0,11,82.619477
-1.0,11,82.621352
0.0,11,82.623281
-1.0,11,82.625184
0.0,11,82.626714
-1.0,11,82.628608
-1.0,11,82.630508
0.0,11,82.632476
-1.0,11,82.633984
0.0,11,82.635862
0.0,11,82.637781
-1.0,11,82.639676
-1.0,11,82.641232
-1.0,11,82.643131
-1.0,11,82.645056
0.0,11,82.646999
-1.0,11,82.648533
-1.0,11,82.650453
-1.0,11,82.652408
0.0,11,82.654367
-1.0,11,82.655852
0.0,11,82.657771
-1.0,11,82.659638
-2.0,11,82.661626
-2.0,11,82.663175
0.0,11,82.665081
0.0,11,82.667011
-1.0,11,82.668878
-1.0,11,82.670385
-1.0,11,82.672284
0.0,11,82.674186
-2.0,11,82.676092
-2.0,11,82.677624
-1.0,11,82.679524
0.0,11,82.68147
-1.0,11,82.683325
-2.0,11,82.684874
-1.0,11,82.686776
-1.0,11,82.688685
-1.0,11,82.690606
-1.0,11,82.692164
0.0,11,82.694128
-1.0,11,82.69605
-1.0,11,82.697918
-1.0,11,82.699499
-2.0,11,82.701391
-1.0,11,82.703329
0.0,11,82.705235
0.0,11,82.706743
-1.0,11,82.708664
0.0,11,82.710589
0.0,11,82.712441
-1.0,11,82.713935
0.0,11,82.715855
0.0,11,82.717764
-1.0,11,82.719621
-1.0,11,82.721133
0.0,11,82.723062
-1.0,11,82.724968
-2.0,11,82.72685
-2.0,11,82.728381
0.0,11,82.730337
0.0,11,82.732297
0.0,11,82.734219
-1.0,11,82.735731
0.0,11,82.737662
-1.0,11,82.739542
-1.0,11,82.741481
-1.0,11,82.743021
-1.0,11,82.744936
-2.0,11,82.746864
0.0,11,82.748802
0.0,11,82.750298
-1.0,11,82.752205
-1.0,11,82.754113
0.0,11,82.756065
-2.0,11,82.757564
-1.0,11,82.759443
0.0,11,82.761412
0.0,11,82.763358
-1.0,11,82.764903
0.0,11,82.766939
-2.0,11,82.76882
-1.0,11,82.770739
-1.0,11,82.772602
-1.0,11,82.774621
-1.0,11,82.776573
-1.0,11,82.77851
0.0,11,82.780035
-2.0,11,82.781922
-1.0,11,82.78393
0.0,11,82.785883
-1.0,11,82.787382
-1.0,11,82.7893
0.0,11,82.791222
0.0,11,82.793103
0.0,11,82.794606
-1.0,11,82.796519
0.0,11,82.798466
0.0,11,82.800406
-1.0,11,82.801942
0.0,11,82.803854
-1.0,11,82.805766
0.0,11,82.807756
-1.0,11,82.809288
-1.0,11,82.81118
0.0,11,82.813088
-1.0,11,82.815011
-1.0,11,82.816569
-1.0,11,82.818483
0.0,11,82.820369
0.0,11,82.822294
0.0,11,82.823868
-1.0,11,82.825833
-1.0,11,82.827729
-1.0,11,82.829664
-2.0,11,82.831189
0.0,11,82.833158
0.0,11,82.835154
-1.0,11,82.837136
-1.0,11,82.838691
0.0,11,82.840635
-1.0,11,82.842554
0.0,11,82.844502
-1.0,11,82.846051
-1.0,11,82.848054
-1.0,11,82.850018
0.0,11,82.851932
0.0,11,82.853435
0.0,11,82.855351
0.0,11,82.857273
-1.0,11,82.859196
0.0,11,82.860685
0.0,11,82.862618
0.0,11,82.864572
0.0,11,82.866524
0.0,11,82.86804
-1.0,11,82.869924
-1.0,11,82.8718
-1.0,11,82.873771
-1.0,11,82.875258
-1.0,11,82.877182
-1.0,11,82.879113
-2.0,11,82.88102
-1.0,11,82.882455
0.0,11,82.884414
-1.0,11,82.886352
0.0,11,82.888264
-1.0,11,82.889733
0.0,11,82.891631
0.0,11,82.893549
-2.0,11,82.895449
0.0,11,82.896958
-1.0,11,82.898892
-1.0,11,82.900802
-1.0,11,82.902758
0.0,11,82.904262
-1.0,11,82.90618
0.0,11,82.908087
0.0,11,82.910007
-1.0,11,82.911529
-1.0,11,82.913435
-1.0,11,82.915346
-1.0,11,82.917311
0.0,11,82.918824
-2.0,11,82.920735
0.0,11,82.922632
-1.0,11,82.924532
-2.0,11,82.925982
-2.0,11,82.927888
0.0,11,82.929805
-1.0,11,82.931697
-1.0,11,82.933199
-1.0,11,82.935107
0.0,11,82.936974
-2.0,11,82.938841
0.0,11,82.940373
0.0,11,82.942301
0.0,11,82.944178
-1.0,11,82.946048
0.0,11,82.947558
0.0,11,82.949598
0.0,11,82.951502
0.0,11,82.953394
-1.0,11,82.955036
0.0,11,82.957084
-1.0,11,82.959047
0.0,11,82.961128
-1.0,11,82.962692
-1.0,11,82.964664
0.0,11,82.966592
-1.0,11,82.968541
0.0,11,82.970067
-2.0,11,82.972026
0.0,11,82.973953
-1.0,11,82.975895
-1.0,11,82.977395
0.0,11,82.979327
-2.0,11,82.981229
0.0,11,82.983192
-1.0,11,82.984695
0.0,11,82.986628
-1.0,11,82.988518
0.0,11,82.99044
0.0,11,82.991941
0.0,11,82.99391
-1.0,11,82.995777
0.0,11,82.997665
-1.0,11,82.999191
-1.0,11,83.001111
0.0,11,83.003058
-1.0,11,83.004976
0.0,11,83.006547
-1.0,11,83.008482
-1.0,11,83.01038
-2.0,11,83.012303
-1.0,11,83.013775
0.0,11,83.01569
-1.0,11,83.017577
-2.0,11,83.019548
-1.0,11,83.021097
-2.0,11,83.02305
-1.0,11,83.024905
0.0,11,83.026814
-3.0,11,83.028278
0.0,11,83.030143
-1.0,11,83.032056
-1.0,11,83.034
-1.0,11,83.035528
0.0,11,83.037478
0.0,11,83.039428
-1.0,11,83.041311
0.0,11,83.042817
0.0,11,83.044722
-1.0,11,83.046653
0.0,11,83.04856
0.0,11,83.050157
-1.0,11,83.052127
-1.0,11,83.054103
0.0,11,83.056121
0.0,11,83.057883
0.0,11,83.06021
0.0,11,83.062232
-2.0,11,83.06419
-1.0,11,83.065729
0.0,11,83.067667
-1.0,11,83.069623
0.0,11,83.071501
0.0,11,83.072972
-1.0,11,83.074951
-1.0,11,83.076913
0.0,11,83.078825
-1.0,11,83.080346
0.0,11,83.082561
-1.0,11,83.084793
-1.0,11,83.087082
0.0,11,83.088793
0.0,11,83.09098
-1.0,11,83.093253
-1.0,11,83.095435
0.0,11,83.097118
-1.0,11,83.099134
-1.0,11,83.101141
-1.0,11,83.103172
-2.0,11,83.104741
-1.0,11,83.106713
0.0,11,83.108668
0.0,11,83.110597
0.0,11,83.112209
0.0,11,83.114165
-2.0,11,83.116101
-2.0,11,83.118017
0.0,11,83.119567
-2.0,11,83.121518
0.0,11,83.12345
-1.0,11,83.125337
0.0,11,83.126909
-1.0,11,83.128853
0.0,11,83.130783
0.0,11,83.132734
-1.0,11,83.134243
0.0,11,83.136361
-1.0,11,83.138283
-1.0,11,83.140246
0.0,11,83.142105
-1.0,11,83.14419
0.0,11,83.146301
0.0,11,83.148265
0.0,11,83.149761
0.0,11,83.151716
-1.0,11,83.153745
-1.0,11,83.155675
-1.0,11,83.157195
-1.0,11,83.159087
-1.0,11,83.161051
-1.0,11,83.163103
0.0,11,83.164661
-1.0,11,83.166616
0.0,11,83.16857
0.0,11,83.170472
-1.0,11,83.171992
-2.0,11,83.173982
0.0,11,83.175922
-1.0,11,83.177861
-1.0,11,83.179359
-2.0,11,83.181291
-3.0,11,83.183136
0.0,11,83.185052
-1.0,11,83.186565
-1.0,11,83.188693
0.0,11,83.190955
0.0,11,83.193146
0.0,11,83.194752
0.0,11,83.196727
-1.0,11,83.198681
0.0,11,83.200662
0.0,11,83.202219
0.0,11,83.204241
0.0,11,83.206469
-1.0,11,83.208746
-1.0,11,83.210407
0.0,11,83.212614
0.0,11,83.214858
-1.0,11,83.217055
-1.0,11,83.218671
0.0,11,83.220745
0.0,11,83.222756
-1.0,11,83.224732
0.0,11,83.226273
0.0,11,83.228193
0.0,11,83.230146
-1.0,11,83.232145
-1.0,11,83.233744
-2.0,11,83.235714
0.0,11,83.237613
0.0,11,83.239596
0.0,11,83.241132
-1.0,11,83.243102
0.0,11,83.245074
0.0,11,83.24706
0.0,11,83.248618
-1.0,11,83.250567
0.0,11,83.252559
-1.0,11,83.254527
0.0,11,83.25603
0.0,11,83.257938
-1.0,11,83.259829
-2.0,11,83.261709
-1.0,11,83.263227
0.0,11,83.265162
-2.0,11,83.267135
-1.0,11,83.269077
-1.0,11,83.270668
-1.0,11,83.272596
-1.0,11,83.27458
-2.0,11,83.276518
-2.0,11,83.278074
-2.0,11,83.280039
0.0,11,83.281988
0.0,11,83.283963
0.0,11,83.285531
-1.0,11,83.287506
0.0,11,83.28946
-1.0,11,83.291447
0.0,11,83.293053
-1.0,11,83.294936
0.0,11,83.296917
-1.0,11,83.298883
0.0,11,83.300436
-2.0,11,83.302412
0.0,11,83.304354
-1.0,11,83.306266
0.0,11,83.307806
0.0,11,83.309787
0.0,11,83.311735
-2.0,11,83.31366
0.0,11,83.315177
-1.0,11,83.31713
0.0,11,83.319076
-1.0,11,83.321021
-1.0,11,83.322553
0.0,11,83.324659
-1.0,11,83.326646
-1.0,11,83.328564
0.0,11,83.33033
0.0,11,83.332304
0.0,11,83.33428
-1.0,11,83.33646
-1.0,11,83.338075
0.0,11,83.340027
0.0,11,83.34198
0.0,11,83.343921
0.0,11,83.345459
-2.0,11,83.347378
-2.0,11,83.349261
0.0,11,83.351156
-1.0,11,83.352662
-1.0,11,83.354621
-2.0,11,83.356503
-1.0,11,83.35842
0.0,11,83.359935
0.0,11,83.361878
-2.0,11,83.363761
0.0,11,83.365668
-1.0,11,83.367209
-1.0,11,83.36917
-1.0,11,83.371083
0.0,11,83.373022
0.0,11,83.374545
-1.0,11,83.376474
0.0,11,83.378384
-1.0,11,83.38032
0.0,11,83.381912
0.0,11,83.383902
0.0,11,83.38586
0.0,11,83.387764
-1.0,11,83.389279
0.0,11,83.391166
0.0,11,83.393069
-1.0,11,83.394988
0.0,11,83.396513
0.0,11,83.398433
0.0,11,83.400307
-1.0,11,83.402287
-2.0,11,83.403811
-1.0,11,83.405741
-2.0,11,83.40763
-2.0,11,83.409583
0.0,11,83.411112
0.0,11,83.413026
0.0,11,83.414958
0.0,11,83.416872
-2.0,11,83.41843
-1.0,11,83.420355
-1.0,11,83.422243
0.0,11,83.424166
0.0,11,83.425615
-1.0,11,83.427508
0.0,11,83.429412
0.0,11,83.431292
-2.0,11,83.432794
-1.0,11,83.434702
-1.0,11,83.436596
0.0,11,83.438485
0.0,11,83.439986
0.0,11,83.441903
-1.0,11,83.443839
0.0,11,83.445736
0.0,11,83.447244
0.0,11,83.449168
-2.0,11,83.451101
0.0,11,83.453049
0.0,11,83.454587
0.0,11,83.456506
0.0,11,83.458442
-1.0,11,83.460339
-1.0,11,83.461861
-1.0,11,83.46377
-1.0,11,83.465719
0.0,11,83.467653
-2.0,11,83.469208
-1.0,11,83.471148
-1.0,11,83.473065
-1.0,11,83.47498
-1.0,11,83.476473
-1.0,11,83.478394
0.0,11,83.48035
-1.0,11,83.482318
-1.0,11,83.483851
0.0,11,83.485756
0.0,11,83.487636
-1.0,11,83.489541
-1.0,11,83.491079
-2.0,11,83.492952
0.0,11,83.494891
-1.0,11,83.496825
-1.0,11,83.49838
0.0,11,83.500301
-1.0,11,83.502228
0.0,11,83.504149
-2.0,11,83.505665
-1.0,11,83.507734
-1.0,11,83.509685
0.0,11,83.511649
-1.0,11,83.513316
0.0,11,83.515299
-1.0,11,83.517268
0.0,11,83.519199
-1.0,11,83.520719
0.0,11,83.522624
-1.0,11,83.524682
0.0,11,83.526645
0.0,11,83.528168
0.0,11,83.530119
-1.0,11,83.53202
0.0,11,83.53392
-1.0,11,83.535466
-1.0,11,83.537368
-1.0,11,83.539273
-1.0,11,83.541227
-2.0,11,83.542772
-1.0,11,83.544725
0.0,11,83.546656
0.0,11,83.548582
-1.0,11,83.550104
-1.0,11,83.551989
0.0,11,83.553897
0.0,11,83.555834
0.0,11,83.557341
-1.0,11,83.559298
-1.0,11,83.561267
-1.0,11,83.563238
0.0,11,83.564869
0.0,11,83.566753
-1.0,11,83.56867
0.0,11,83.570579
0.0,11,83.572162
0.0,11,83.574088
-1.0,11,83.575954
0.0,11,83.577891
0.0,11,83.579397
-2.0,11,83.581332
0.0,11,83.583293
-1.0,11,83.585218
0.0,11,83.586746
-1.0,11,83.588662
0.0,11,83.59067
0.0,11,83.592564
0.0,11,83.594091
0.0,11,83.595997
-1.0,11,83.597917
0.0,11,83.599899
0.0,11,83.601421
-1.0,11,83.603316
0.0,11,83.605265
0.0,11,83.607218
-1.0,11,83.608749
-1.0,11,83.61067
-1.0,11,83.6126
0.0,11,83.61456
-1.0,11,83.616082
-2.0,11,83.61801
0.0,11,83.619937
0.0,11,83.621882
0.0,11,83.623435
-2.0,11,83.62531
0.0,11,83.62726
-1.0,11,83.629158
0.0,11,83.63066
-1.0,11,83.632606
0.0,11,83.634528
-1.0,11,83.636429
0.0,11,83.637993
0.0,11,83.639912
-2.0,11,83.641818
0.0,11,83.643774
0.0,11,83.645278
0.0,11,83.647163
-1.0,11,83.649093
-1.0,11,83.650996
-1.0,11,83.652496
0.0,11,83.654386
0.0,11,83.656278
0.0,11,83.658194
0.0,11,83.659734
-1.0,11,83.661658
0.0,11,83.663536
-1.0,11,83.665409
-1.0,11,83.666952
0.0,11,83.66887
0.0,11,83.670813
-1.0,11,83.672732
-2.0,11,83.674286
-2.0,11,83.676181
-1.0,11,83.678127
-1.0,11,83.680051
0.0,11,83.681593
-1.0,11,83.683518
-2.0,11,83.685411
0.0,11,83.687302
0.0,11,83.688828
-1.0,11,83.690866
-1.0,11,83.692788
-1.0,11,83.694729
-1.0,11,83.696536
0.0,11,83.698706
0.0,11,83.700676
-1.0,11,83.702626
0.0,11,83.704132
0.0,11,83.706063
0.0,11,83.70803
-1.0,11,83.709913
-1.0,11,83.711375
-2.0,11,83.713252
0.0,11,83.715227
0.0,11,83.717136
0.0,11,83.718717
-2.0,11,83.720643
0.0,11,83.722564
-2.0,11,83.724472
0.0,11,83.726042
0.0,11,83.727869
0.0,11,83.729787
-1.0,11,83.731739
-1.0,11,83.73326
0.0,11,83.735109
0.0,11,83.737072
-1.0,11,83.739013
0.0,11,83.740533
-2.0,11,83.742455
0.0,11,83.744379
-1.0,11,83.746298
-1.0,11,83.747831
-1.0,11,83.74973
0.0,11,83.751652
0.0,11,83.753575
-1.0,11,83.755124
0.0,11,83.757101
0.0,11,83.759054
-2.0,11,83.761048
0.0,11,83.76258
-1.0,11,83.76444
0.0,11,83.766341
-1.0,11,83.768229
-1.0,11,83.76975
-1.0,11,83.771706
0.0,11,83.773635
-1.0,11,83.775611
0.0,11,83.777118
-1.0,11,83.779018
-1.0,11,83.780947
-1.0,11,83.78293
0.0,11,83.784431
0.0,11,83.786351
0.0,11,83.788252
0.0,11,83.790209
0.0,11,83.791735
0.0,11,83.793673
0.0,11,83.795594
-1.0,11,83.797447
0.0,11,83.799083
-1.0,11,83.801023
-2.0,11,83.802971
0.0,11,83.804877
-1.0,11,83.806412
0.0,11,83.80832
0.0,11,83.810184
0.0,11,83.812065
-1.0,11,83.813575
-1.0,11,83.81549
0.0,11,83.817389
0.0,11,83.81928
0.0,11,83.820796
-1.0,11,83.822729
-1.0,11,83.824645
0.0,11,83.826573
-2.0,11,83.828083
0.0,11,83.829968
-1.0,11,83.831883
-1.0,11,83.833816
-2.0,11,83.835298
0.0,11,83.837233
0.0,11,83.839169
-2.0,11,83.841087
-1.0,11,83.842578
-1.0,11,83.844518
0.0,11,83.846351
0.0,11,83.848267
-1.0,11,83.84976
-1.0,11,83.851698
-1.0,11,83.853604
-1.0,11,83.855447
-1.0,11,83.856958
0.0,11,83.858873
0.0,11,83.860776
0.0,11,83.862695
-1.0,11,83.864244
0.0,11,83.866201
-1.0,11,83.868143
-1.0,11,83.870027
0.0,11,83.871536
0.0,11,83.873588
0.0,11,83.875493
0.0,11,83.877413
-2.0,11,83.879143
-1.0,11,83.881206
0.0,11,83.883138
0.0,11,83.885105
0.0,11,83.886644
-1.0,11,83.888593
0.0,11,83.890632
0.0,11,83.892584
0.0,11,83.894108
-2.0,11,83.896112
0.0,11,83.898046
-2.0,11,83.899965
0.0,11,83.901463
-1.0,11,83.903416
0.0,11,83.90542
0.0,11,83.90736
0.0,11,83.908875
0.0,11,83.910817
0.0,11,83.912743
-1.0,11,83.91465
0.0,11,83.916196
0.0,11,83.918152
0.0,11,83.920017
0.0,11,83.921925
0.0,11,83.923479
0.0,11,83.925404
0.0,11,83.92735
0.0,11,83.929285
0.0,11,83.930847
-1.0,11,83.93281
-1.0,11,83.934713
0.0,11,83.936646
-1.0,11,83.938176
-1.0,11,83.940113
0.0,11,83.94201
-1.0,11,83.943953
0.0,11,83.945449
-1.0,11,83.94736
0.0,11,83.949278
0.0,11,83.951234
-1.0,11,83.952735
-1.0,11,83.954624
-1.0,11,83.956544
-1.0,11,83.958483
-1.0,11,83.959991
-1.0,11,83.96195
-1.0,11,83.963847
-1.0,11,83.965743
0.0,11,83.967246
-1.0,11,83.969138
-1.0,11,83.971045
0.0,11,83.972958
0.0,11,83.974476
-1.0,11,83.976387
-2.0,11,83.978323
-1.0,11,83.980185
-1.0,11,83.981715
-2.0,11,83.983589
0.0,11,83.985497
-1.0,11,83.987386
-1.0,11,83.988882
0.0,11,83.990783
0.0,11,83.992691
-2.0,11,83.994554
0.0,11,83.996054
-1.0,11,83.997962
-2.0,11,83.999898
-1.0,11,84.001774
0.0,11,84.00333
-1.0,11,84.005243
-1.0,11,84.0072
0.0,11,84.009128
-1.0,11,84.010627
0.0,11,84.012545
-1.0,11,84.014426
0.0,11,84.016308
0.0,11,84.017816
0.0,11,84.019708
-1.0,11,84.021846
0.0,11,84.023704
-1.0,11,84.025216
-1.0,11,84.027128
0.0,11,84.029017
-1.0,11,84.03087
-1.0,11,84.03239
0.0,11,84.034317
-1.0,11,84.036182
0.0,11,84.038095
0.0,11,84.039613
0.0,11,84.041519
-1.0,11,84.043409
0.0,11,84.045327
-2.0,11,84.046852
-1.0,11,84.048729
0.0,11,84.050615
0.0,11,84.052515
-1.0,11,84.054032
0.0,11,84.056051
0.0,11,84.057992
0.0,11,84.059922
0.0,11,84.061601
-1.0,11,84.063634
-1.0,11,84.06559
-1.0,11,84.067531
-1.0,11,84.069073
0.0,11,84.071072
0.0,11,84.07298
-1.0,11,84.074972
-1.0,11,84.076506
-1.0,11,84.078436
0.0,11,84.080344
-2.0,11,84.082298
0.0,11,84.083806
0.0,11,84.085735
0.0,11,84.087696
0.0,11,84.089641
0.0,11,84.091211
0.0,11,84.093104
0.0,11,84.095084
-1.0,11,84.096989
-1.0,11,84.098482
0.0,11,84.100387
-1.0,11,84.102216
-1.0,11,84.104159
-1.0,11,84.105709
0.0,11,84.107634
-1.0,11,84.109533
0.0,11,84.111399
0.0,11,84.113013
-1.0,11,84.114968
-1.0,11,84.116861
-1.0,11,84.118805
0.0,11,84.120354
0.0,11,84.122341
-1.0,11,84.124285
0.0,11,84.126203
-2.0,11,84.127748
0.0,11,84.129678
-1.0,11,84.131579
0.0,11,84.133511
0.0,11,84.135024
0.0,11,84.136977
-1.0,11,84.138882
-1.0,11,84.140837
-1.0,11,84.142425
-1.0,11,84.144325
-1.0,11,84.146219
-2.0,11,84.148142
0.0,11,84.14964
-2.0,11,84.151517
-1.0,11,84.1534
0.0,11,84.155393
0.0,11,84.156919
-1.0,11,84.161909
0.0,11,84.163821
0.0,11,84.166972
-1.0,11,84.168486
-1.0,11,84.170426
0.0,11,84.172351
-1.0,11,84.174312
-1.0,11,84.175834
0.0,11,84.177768
-1.0,11,84.179729
0.0,11,84.181813
0.0,11,84.183316
-1.0,11,84.185245
-1.0,11,84.187102
0.0,11,84.188992
0.0,11,84.190492
-1.0,11,84.192402
0.0,11,84.194217
0.0,11,84.196135
-1.0,11,84.19764
-1.0,11,84.199563
-1.0,11,84.201476
0.0,11,84.203386
-1.0,11,84.204927
-1.0,11,84.206874
-1.0,11,84.208764
0.0,11,84.210644
-1.0,11,84.212168
-1.0,11,84.214125
-1.0,11,84.216077
0.0,11,84.21794
0.0,11,84.219442
0.0,11,84.221351
0.0,11,84.223323
-1.0,11,84.225265
0.0,11,84.226814
-1.0,11,84.228724
-1.0,11,84.23062
0.0,11,84.232529
-1.0,11,84.234061
-1.0,11,84.236042
-2.0,11,84.237992
0.0,11,84.239914
-1.0,11,84.24137
0.0,11,84.243423
-1.0,11,84.245311
0.0,11,84.247219
-1.0,11,84.248877
-2.0,11,84.250904
-1.0,11,84.252861
-2.0,11,84.254765
0.0,11,84.25629
-1.0,11,84.258414
-1.0,11,84.260379
-1.0,11,84.262322
0.0,11,84.263867
0.0,11,84.265822
0.0,11,84.267707
0.0,11,84.269608
0.0,11,84.271102
-3.0,11,84.272972
0.0,11,84.274907
0.0,11,84.27687
-2.0,11,84.278429
-1.0,11,84.280363
0.0,11,84.282332
-2.0,11,84.284219
0.0,11,84.285717
0.0,11,84.287628
-1.0,11,84.289541
0.0,11,84.291511
-1.0,11,84.293014
-1.0,11,84.294915
0.0,11,84.296828
-1.0,11,84.298802
0.0,11,84.300378
0.0,11,84.302366
-2.0,11,84.304258
-1.0,11,84.306172
0.0,11,84.307735
0.0,11,84.309719
0.0,11,84.311721
-2.0,11,84.313763
-2.0,11,84.315442
0.0,11,84.3175
0.0,11,84.319546
-1.0,11,84.321596
-1.0,11,84.323235
0.0,11,84.3253
-2.0,11,84.327236
-1.0,11,84.32915
-1.0,11,84.330738
-1.0,11,84.332803
-1.0,11,84.334729
0.0,11,84.336721
-1.0,11,84.338286
-1.0,11,84.340292
0.0,11,84.342468
0.0,11,84.344527
0.0,11,84.346095
-1.0,11,84.348036
-1.0,11,84.349979
-1.0,11,84.351943
-1.0,11,84.353433
0.0,11,84.355364
-2.0,11,84.357314
-1.0,11,84.359217
-1.0,11,84.360735
-1.0,11,84.362654
0.0,11,84.364586
-2.0,11,84.366514
0.0,11,84.368024
-1.0,11,84.369931
-1.0,11,84.371782
-1.0,11,84.373739
0.0,11,84.375283
0.0,11,84.377211
0.0,11,84.379111
-1.0,11,84.380994
-1.0,11,84.382491
-2.0,11,84.38433
-1.0,11,84.386243
0.0,11,84.388135
0.0,11,84.389602
-1.0,11,84.39152
-1.0,11,84.393407
-1.0,11,84.395305
-1.0,11,84.396856
-1.0,11,84.398811
-1.0,11,84.400707
-1.0,11,84.402593
-2.0,11,84.404092
0.0,11,84.406004
-1.0,11,84.407871
0.0,11,84.409799
-1.0,11,84.411298
0.0,11,84.413234
-1.0,11,84.415175
0.0,11,84.417074
-1.0,11,84.418576
0.0,11,84.420493
-1.0,11,84.422458
-1.0,11,84.42439
-1.0,11,84.425926
0.0,11,84.427997
0.0,11,84.429903
-1.0,11,84.431867
0.0,11,84.433601
-2.0,11,84.435646
-1.0,11,84.437553
-1.0,11,84.439557
0.0,11,84.441242
-1.0,11,84.4433
-1.0,11,84.44523
-1.0,11,84.447187
0.0,11,84.448771
-1.0,11,84.450689
0.0,11,84.452579
0.0,11,84.454525
0.0,11,84.456037
0.0,11,84.457987
0.0,11,84.459896
0.0,11,84.461825
-1.0,11,84.463338
-1.0,11,84.465289
0.0,11,84.467216
0.0,11,84.469105
-1.0,11,84.470625
0.0,11,84.47253
-1.0,11,84.474453
0.0,11,84.476352
-1.0,11,84.477869
-1.0,11,84.479772
-1.0,11,84.481662
0.0,11,84.483566
0.0,11,84.485096
0.0,11,84.486995
-1.0,11,84.488893
0.0,11,84.490796
0.0,11,84.492282
-1.0,11,84.494207
-1.0,11,84.496114
-1.0,11,84.497917
0.0,11,84.499453
0.0,11,84.501357
0.0,11,84.503275
-1.0,11,84.50513
-1.0,11,84.506667
0.0,11,84.508558
0.0,11,84.51045
0.0,11,84.512334
-1.0,11,84.513859
-2.0,11,84.515782
-2.0,11,84.517687
-1.0,11,84.519599
-1.0,11,84.521095
0.0,11,84.523018
-2.0,11,84.524998
-1.0,11,84.526915
-1.0,11,84.528472
-1.0,11,84.530377
0.0,11,84.532328
0.0,11,84.534244
-1.0,11,84.535761
-2.0,11,84.537635
0.0,11,84.539587
-1.0,11,84.541475
-1.0,11,84.542996
-1.0,11,84.544939
-1.0,11,84.546877
-1.0,11,84.548705
-1.0,11,84.55025
0.0,11,84.552151
